Equipment_ID,Type,Age_in_years,Usage_hours_per_day,Last_Maintenance_Date,Breakdown_Count,Vibration_Index,Temperature_Score,Error_Log_Frequency,Maintenance_Needed
E0001,Ventilator,0,14.86,2025-06-23 17:52:38.904066,0,0.2,35.3,1,0
E0002,Ventilator,8,9.83,2025-05-18 17:52:38.904066,1,0.55,35.48,3,0
E0003,Ultrasound,10,5.76,2024-12-05 17:52:38.904066,0,0.68,41.65,1,1
E0004,MRI,1,0.01,2025-07-28 17:52:38.904066,2,0.11,35.89,0,0
E0005,MRI,7,16.02,2025-07-04 17:52:38.904066,0,0.05,67.74,2,1
E0006,ECG,0,5.33,2025-07-09 17:52:38.904066,0,0.48,24.24,2,0
E0007,Ventilator,9,14.95,2024-12-12 17:52:38.904066,1,0.52,52.86,2,1
E0008,Ultrasound,7,14.21,2025-03-03 17:52:38.904066,0,0.38,46.04,1,0
E0009,MRI,9,13.11,2024-12-30 17:52:38.904066,0,0.41,42.13,0,1
E0010,Ultrasound,9,9.08,2025-03-28 17:52:38.904066,1,0.5,32.55,1,1
E0011,Ultrasound,1,3.78,2025-01-19 17:52:38.904066,0,0.56,53.54,1,1
E0012,ECG,1,1.84,2025-03-05 17:52:38.904066,1,0.17,29.63,1,0
E0013,ECG,5,3.7,2025-03-02 17:52:38.904066,1,0.3,54.34,3,0
E0014,ECG,8,5.02,2025-03-02 17:52:38.904066,1,0.43,46.17,1,0
E0015,Ultrasound,10,9.51,2025-04-23 17:52:38.904066,1,0.51,26.7,1,1
E0016,Ventilator,7,0.05,2024-11-30 17:52:38.904066,1,0.31,68.29,0,1
E0017,Ultrasound,2,15.05,2025-03-19 17:52:38.904066,1,0.14,35.82,1,0
E0018,Ultrasound,7,11.95,2024-09-17 17:52:38.904066,0,0.71,22.42,1,1
E0019,ECG,12,7.37,2025-07-07 17:52:38.904066,1,0.36,40.64,3,1
E0020,Ultrasound,2,19.39,2024-12-26 17:52:38.904066,1,0.35,35.05,3,1
E0021,Ultrasound,9,15.33,2024-09-22 17:52:38.904066,0,0.59,41.99,1,1
E0022,MRI,5,3.56,2025-04-11 17:52:38.904066,3,0.42,26.93,4,1
E0023,MRI,4,18.16,2025-02-23 17:52:38.904066,0,0.66,26.45,2,1
E0024,Ultrasound,6,18.13,2025-06-26 17:52:38.904066,1,0.29,69.99,2,1
E0025,ECG,9,10.64,2024-11-18 17:52:38.904066,1,0.33,52.11,1,1
E0026,Ultrasound,2,3.42,2024-10-16 17:52:38.904066,1,0.12,41.32,1,1
E0027,ECG,2,9.75,2025-08-03 17:52:38.904066,1,0.7,44.54,1,1
E0028,Ultrasound,7,5.03,2024-10-15 17:52:38.904066,0,0.38,62.63,2,1
E0029,MRI,4,13.85,2025-05-06 17:52:38.904066,3,0.77,22.13,1,1
E0030,Ventilator,5,13.23,2024-09-01 17:52:38.904066,2,0.26,20.5,1,1
E0031,Ventilator,7,0.17,2024-09-19 17:52:38.904066,1,0.04,38.4,2,1
E0032,Ventilator,6,4.24,2025-03-04 17:52:38.904066,0,0.22,49.82,2,0
E0033,MRI,1,13.68,2025-07-11 17:52:38.904066,1,0.76,59.48,2,1
E0034,Ventilator,3,7.15,2025-01-10 17:52:38.904066,1,0.75,61.12,1,1
E0035,Ventilator,8,15.55,2025-06-18 17:52:38.904066,1,0.56,24.92,0,0
E0036,Ventilator,6,12.03,2025-08-05 17:52:38.904066,0,0.79,29.5,2,1
E0037,Ultrasound,5,17.85,2025-01-19 17:52:38.904066,0,0.74,51.29,2,1
E0038,Ventilator,5,18.23,2025-06-30 17:52:38.904066,3,0.39,40.93,2,1
E0039,ECG,11,0.29,2025-06-20 17:52:38.904066,0,0.18,53.38,1,1
E0040,Ventilator,4,14.16,2025-06-15 17:52:38.904066,1,0.53,20.95,1,0
E0041,Ventilator,3,10.99,2025-03-28 17:52:38.904066,0,0.09,66.97,0,1
E0042,MRI,0,10.1,2024-08-10 17:52:38.904066,1,0.3,68.1,3,1
E0043,ECG,5,19.52,2025-04-06 17:52:38.904066,2,0.72,33.13,3,1
E0044,Ventilator,9,11.55,2025-07-15 17:52:38.904066,0,0.76,27.85,2,1
E0045,Ventilator,0,6.15,2025-02-17 17:52:38.904066,0,0.59,48.21,0,0
E0046,Ventilator,5,13.21,2024-09-18 17:52:38.904066,0,0.18,55.2,1,1
E0047,Ventilator,6,0.96,2025-03-07 17:52:38.904066,1,0.23,68.65,3,1
E0048,Ventilator,0,4.08,2025-08-04 17:52:38.904066,0,0.6,52.93,3,0
E0049,MRI,2,12.27,2025-05-26 17:52:38.904066,3,0.58,22.81,0,1
E0050,Ultrasound,9,18.22,2025-04-27 17:52:38.904066,2,0.63,23.7,1,1
E0051,MRI,10,11.43,2024-11-10 17:52:38.904066,1,0.37,28.47,0,1
E0052,Ventilator,9,18.98,2024-11-20 17:52:38.904066,0,0.58,69.82,0,1
E0053,Ultrasound,3,4.9,2025-03-30 17:52:38.904066,2,0.57,55.96,0,0
E0054,Ventilator,3,8.07,2025-03-24 17:52:38.904066,1,0.59,32.87,1,0
E0055,MRI,0,11.18,2024-12-17 17:52:38.904066,1,0.79,45.88,1,1
E0056,Ventilator,0,5.36,2025-01-25 17:52:38.904066,1,0.01,27.75,1,1
E0057,Ultrasound,8,16.0,2024-11-01 17:52:38.904066,1,0.31,20.61,1,1
E0058,ECG,3,11.97,2024-08-29 17:52:38.904066,0,0.42,20.95,0,1
E0059,MRI,6,13.68,2025-02-08 17:52:38.904066,0,0.69,58.62,0,1
E0060,Ultrasound,7,1.93,2025-04-04 17:52:38.904066,4,0.44,57.12,2,1
E0061,MRI,7,9.06,2024-09-10 17:52:38.904066,0,0.48,58.42,0,1
E0062,MRI,5,13.98,2024-08-09 17:52:38.904066,2,0.76,38.31,3,1
E0063,Ventilator,5,5.11,2025-06-12 17:52:38.904066,2,0.24,58.67,1,0
E0064,ECG,3,16.94,2025-06-12 17:52:38.904066,1,0.31,21.71,0,1
E0065,ECG,9,18.38,2025-03-22 17:52:38.904066,1,0.68,66.61,2,1
E0066,ECG,6,0.14,2025-06-12 17:52:38.904066,1,0.76,37.98,3,1
E0067,MRI,2,7.73,2025-07-24 17:52:38.904066,1,0.58,64.16,2,1
E0068,MRI,3,3.15,2024-09-21 17:52:38.904066,0,0.44,60.67,3,1
E0069,MRI,9,1.16,2025-01-03 17:52:38.904066,1,0.71,57.92,2,1
E0070,Ventilator,12,5.31,2024-10-31 17:52:38.904066,3,0.31,63.88,0,1
E0071,ECG,3,14.84,2025-05-14 17:52:38.904066,1,0.33,35.16,1,0
E0072,Ultrasound,7,5.17,2024-08-06 17:52:38.904066,2,0.19,21.58,2,1
E0073,ECG,5,9.75,2024-12-04 17:52:38.904066,0,0.35,59.65,0,1
E0074,Ultrasound,2,16.06,2025-01-27 17:52:38.904066,2,0.13,24.42,1,1
E0075,Ultrasound,4,4.53,2025-07-07 17:52:38.904066,0,0.25,64.44,0,1
E0076,MRI,0,3.83,2025-05-05 17:52:38.904066,0,0.5,21.1,1,0
E0077,Ultrasound,2,5.68,2025-03-13 17:52:38.904066,0,0.08,20.66,1,0
E0078,ECG,5,1.38,2024-09-19 17:52:38.904066,2,0.76,39.04,4,1
E0079,Ultrasound,9,8.29,2025-05-28 17:52:38.904066,1,0.59,27.82,3,1
E0080,ECG,2,2.1,2025-06-13 17:52:38.904066,0,0.39,41.42,1,0
E0081,ECG,3,2.52,2025-05-10 17:52:38.904066,1,0.26,20.34,1,0
E0082,ECG,3,10.61,2024-08-13 17:52:38.904066,1,0.02,58.68,2,1
E0083,Ventilator,3,4.27,2024-12-08 17:52:38.904066,0,0.04,28.68,2,1
E0084,ECG,5,0.34,2024-12-01 17:52:38.904066,1,0.47,49.84,1,1
E0085,Ultrasound,0,19.91,2025-06-23 17:52:38.904066,0,0.17,52.48,3,1
E0086,Ultrasound,4,2.5,2024-10-04 17:52:38.904066,0,0.46,50.81,0,1
E0087,Ultrasound,6,19.58,2024-09-12 17:52:38.904066,1,0.62,39.35,1,1
E0088,ECG,10,8.24,2025-06-21 17:52:38.904066,1,0.43,37.17,0,1
E0089,Ventilator,5,0.66,2024-08-21 17:52:38.904066,0,0.13,37.89,1,1
E0090,Ultrasound,4,12.34,2025-04-29 17:52:38.904066,1,0.28,69.87,3,1
E0091,ECG,6,17.85,2024-10-16 17:52:38.904066,2,0.31,47.79,3,1
E0092,MRI,7,1.53,2025-05-26 17:52:38.904066,0,0.71,53.56,0,1
E0093,Ventilator,2,19.11,2025-01-12 17:52:38.904066,3,0.53,48.62,0,1
E0094,Ultrasound,5,8.06,2025-03-16 17:52:38.904066,0,0.12,24.13,2,0
E0095,Ventilator,8,9.79,2025-02-15 17:52:38.904066,0,0.37,47.47,1,0
E0096,MRI,2,14.16,2024-11-12 17:52:38.904066,0,0.72,25.69,1,1
E0097,ECG,0,10.39,2024-10-18 17:52:38.904066,0,0.62,46.17,1,1
E0098,Ultrasound,13,4.09,2024-10-17 17:52:38.904066,0,0.6,36.71,1,1
E0099,MRI,0,13.91,2024-12-06 17:52:38.904066,0,0.35,35.12,2,1
E0100,Ultrasound,5,4.05,2025-05-23 17:52:38.904066,0,0.75,64.95,1,1
E0101,Ventilator,8,6.21,2025-03-19 17:52:38.904066,0,0.43,22.25,1,0
E0102,Ultrasound,5,7.2,2025-08-01 17:52:38.904066,0,0.42,52.35,1,0
E0103,ECG,3,18.66,2025-05-08 17:52:38.904066,0,0.79,60.05,1,1
E0104,MRI,4,11.46,2024-12-12 17:52:38.904066,1,0.19,54.16,5,1
E0105,Ultrasound,1,3.63,2024-10-12 17:52:38.904066,0,0.29,36.5,1,1
E0106,ECG,4,7.15,2024-09-04 17:52:38.904066,0,0.35,48.11,1,1
E0107,MRI,7,13.9,2025-01-29 17:52:38.904066,2,0.8,20.64,1,1
E0108,ECG,0,19.14,2025-05-18 17:52:38.904066,2,0.34,55.52,2,1
E0109,Ventilator,7,4.23,2024-12-26 17:52:38.904066,0,0.44,55.23,3,1
E0110,Ventilator,3,19.8,2025-02-06 17:52:38.904066,1,0.45,23.11,0,1
E0111,Ventilator,2,14.4,2025-01-10 17:52:38.904066,0,0.58,23.89,1,1
E0112,ECG,3,9.31,2025-05-16 17:52:38.904066,1,0.24,54.26,1,0
E0113,Ultrasound,3,17.49,2025-06-08 17:52:38.904066,2,0.67,42.07,0,1
E0114,MRI,7,10.77,2024-12-05 17:52:38.904066,1,0.61,69.04,3,1
E0115,Ultrasound,3,4.82,2024-08-25 17:52:38.904066,2,0.74,65.58,0,1
E0116,Ventilator,12,16.92,2025-05-25 17:52:38.904066,2,0.01,66.78,3,1
E0117,Ultrasound,7,2.74,2025-05-12 17:52:38.904066,1,0.56,38.21,2,0
E0118,Ultrasound,8,10.13,2025-04-05 17:52:38.904066,0,0.11,36.85,2,0
E0119,MRI,8,2.6,2025-05-10 17:52:38.904066,1,0.12,33.47,0,0
E0120,Ultrasound,10,3.18,2024-12-16 17:52:38.904066,0,0.63,58.75,0,1
E0121,MRI,0,19.43,2024-12-18 17:52:38.904066,0,0.05,45.84,2,1
E0122,MRI,0,17.03,2025-03-19 17:52:38.904066,0,0.07,49.39,3,1
E0123,MRI,4,9.09,2025-03-31 17:52:38.904066,0,0.37,23.9,3,0
E0124,Ventilator,9,1.61,2025-04-20 17:52:38.904066,1,0.21,33.16,0,1
E0125,Ventilator,6,6.61,2024-08-17 17:52:38.904066,0,0.61,37.22,2,1
E0126,Ultrasound,3,7.36,2025-02-01 17:52:38.904066,3,0.12,45.94,2,1
E0127,ECG,6,15.49,2025-07-10 17:52:38.904066,1,0.12,45.49,0,0
E0128,MRI,6,10.66,2024-10-28 17:52:38.904066,0,0.59,56.92,0,1
E0129,Ventilator,2,10.86,2025-01-28 17:52:38.904066,0,0.53,52.58,0,1
E0130,ECG,9,12.61,2024-10-04 17:52:38.904066,0,0.35,59.09,1,1
E0131,ECG,3,14.61,2025-04-15 17:52:38.904066,0,0.57,36.58,3,0
E0132,Ventilator,4,18.04,2024-09-16 17:52:38.904066,2,0.1,38.25,0,1
E0133,Ultrasound,9,15.69,2025-06-01 17:52:38.904066,1,0.47,55.5,1,1
E0134,Ultrasound,15,19.17,2024-12-02 17:52:38.904066,1,0.43,31.18,1,1
E0135,Ultrasound,9,4.65,2025-03-20 17:52:38.904066,0,0.53,51.75,1,1
E0136,MRI,2,9.26,2024-10-21 17:52:38.904066,1,0.61,46.1,3,1
E0137,Ventilator,8,19.46,2025-06-27 17:52:38.904066,2,0.34,35.56,2,1
E0138,MRI,8,18.51,2025-06-15 17:52:38.904066,1,0.75,44.35,2,1
E0139,Ventilator,3,10.46,2025-01-15 17:52:38.904066,0,0.23,65.82,2,1
E0140,Ventilator,4,19.2,2024-10-29 17:52:38.904066,0,0.75,60.27,1,1
E0141,Ventilator,6,16.53,2025-05-13 17:52:38.904066,0,0.34,56.87,2,1
E0142,Ultrasound,3,11.08,2024-11-15 17:52:38.904066,1,0.79,65.1,3,1
E0143,Ventilator,2,16.52,2025-01-27 17:52:38.904066,1,0.59,53.38,1,1
E0144,Ultrasound,0,5.75,2025-03-28 17:52:38.904066,2,0.71,31.89,1,1
E0145,ECG,12,5.85,2025-03-12 17:52:38.904066,1,0.15,30.96,0,1
E0146,MRI,2,16.22,2025-01-03 17:52:38.904066,1,0.2,66.26,0,1
E0147,ECG,1,6.05,2025-02-06 17:52:38.904066,0,0.51,66.08,1,1
E0148,Ultrasound,7,14.56,2024-08-29 17:52:38.904066,1,0.51,47.32,1,1
E0149,Ventilator,9,8.92,2024-08-24 17:52:38.904066,0,0.27,66.34,2,1
E0150,Ultrasound,4,10.21,2024-08-29 17:52:38.904066,0,0.25,41.12,1,1
E0151,Ventilator,4,13.55,2024-10-31 17:52:38.904066,0,0.51,53.44,2,1
E0152,MRI,7,9.83,2025-07-31 17:52:38.904066,2,0.32,44.81,2,0
E0153,Ventilator,7,17.41,2025-05-12 17:52:38.904066,1,0.1,55.32,0,1
E0154,MRI,6,10.06,2025-06-25 17:52:38.904066,0,0.56,38.88,0,0
E0155,Ultrasound,11,17.46,2025-04-06 17:52:38.904066,2,0.06,44.74,0,1
E0156,Ventilator,6,0.81,2025-06-11 17:52:38.904066,1,0.6,54.96,3,0
E0157,Ultrasound,2,9.91,2025-06-22 17:52:38.904066,1,0.7,31.15,2,1
E0158,MRI,4,4.12,2024-12-22 17:52:38.904066,1,0.44,55.08,0,1
E0159,Ventilator,6,17.56,2024-11-09 17:52:38.904066,1,0.48,41.65,2,1
E0160,MRI,0,12.15,2024-10-27 17:52:38.904066,1,0.77,54.07,1,1
E0161,ECG,9,13.79,2025-04-28 17:52:38.904066,0,0.78,68.67,2,1
E0162,Ventilator,2,5.9,2025-07-16 17:52:38.904066,0,0.23,23.67,1,0
E0163,ECG,7,3.39,2025-07-12 17:52:38.904066,1,0.52,22.97,3,0
E0164,Ventilator,11,15.04,2025-07-02 17:52:38.904066,0,0.46,54.75,3,1
E0165,Ultrasound,3,13.33,2025-04-18 17:52:38.904066,2,0.7,42.44,0,1
E0166,Ventilator,10,15.82,2024-08-26 17:52:38.904066,1,0.38,49.66,2,1
E0167,ECG,7,9.78,2025-04-08 17:52:38.904066,0,0.33,51.99,3,0
E0168,ECG,4,17.18,2025-01-22 17:52:38.904066,0,0.11,66.33,1,1
E0169,Ventilator,15,18.11,2025-04-27 17:52:38.904066,0,0.61,22.58,1,1
E0170,Ventilator,6,8.19,2024-12-24 17:52:38.904066,0,0.35,68.09,2,1
E0171,Ultrasound,6,19.77,2024-09-22 17:52:38.904066,1,0.09,36.3,0,1
E0172,MRI,6,2.8,2024-12-20 17:52:38.904066,1,0.01,66.53,1,1
E0173,Ventilator,8,9.96,2024-11-03 17:52:38.904066,1,0.74,66.49,1,1
E0174,ECG,5,9.02,2025-05-20 17:52:38.904066,0,0.74,47.32,0,1
E0175,ECG,2,3.38,2025-01-27 17:52:38.904066,2,0.73,20.48,2,1
E0176,Ventilator,5,9.95,2025-07-16 17:52:38.904066,0,0.18,42.24,3,0
E0177,Ultrasound,7,18.77,2024-12-08 17:52:38.904066,1,0.62,31.99,3,1
E0178,ECG,5,6.03,2024-08-09 17:52:38.904066,0,0.22,58.81,0,1
E0179,MRI,7,17.69,2025-02-12 17:52:38.904066,1,0.78,46.31,2,1
E0180,Ultrasound,7,2.18,2025-04-18 17:52:38.904066,0,0.43,64.21,0,1
E0181,ECG,0,14.78,2024-12-21 17:52:38.904066,0,0.34,23.56,1,1
E0182,Ventilator,8,9.46,2024-10-22 17:52:38.904066,2,0.28,55.41,3,1
E0183,MRI,11,17.93,2024-12-01 17:52:38.904066,0,0.08,68.26,4,1
E0184,MRI,4,13.58,2025-07-12 17:52:38.904066,0,0.53,32.82,3,0
E0185,Ventilator,13,4.62,2025-01-05 17:52:38.904066,0,0.01,58.69,1,1
E0186,Ultrasound,1,0.94,2024-12-29 17:52:38.904066,0,0.69,23.59,0,1
E0187,Ventilator,4,5.59,2024-10-01 17:52:38.904066,2,0.04,49.39,5,1
E0188,ECG,8,9.75,2024-11-21 17:52:38.904066,1,0.26,52.21,1,1
E0189,Ventilator,1,2.63,2025-07-02 17:52:38.904066,1,0.19,58.25,1,0
E0190,Ultrasound,2,2.58,2024-10-15 17:52:38.904066,0,0.42,62.56,2,1
E0191,Ultrasound,3,0.96,2024-08-20 17:52:38.904066,0,0.71,44.91,0,1
E0192,MRI,9,17.56,2025-03-29 17:52:38.904066,0,0.33,54.38,4,1
E0193,Ultrasound,14,12.25,2025-03-12 17:52:38.904066,1,0.78,39.11,1,1
E0194,ECG,6,9.73,2024-08-30 17:52:38.904066,0,0.39,50.73,1,1
E0195,Ultrasound,8,1.81,2025-07-09 17:52:38.904066,1,0.1,40.42,4,1
E0196,Ultrasound,4,3.29,2025-06-23 17:52:38.904066,3,0.04,38.52,3,1
E0197,MRI,5,10.44,2024-11-08 17:52:38.904066,1,0.34,20.48,0,1
E0198,Ultrasound,2,19.24,2024-12-29 17:52:38.904066,0,0.01,40.08,3,1
E0199,MRI,5,8.57,2024-11-29 17:52:38.904066,1,0.59,53.47,0,1
E0200,ECG,7,12.99,2025-07-05 17:52:38.904066,1,0.44,63.55,0,1
E0201,ECG,6,15.78,2025-01-28 17:52:38.904066,1,0.16,22.96,2,1
E0202,MRI,0,5.85,2024-11-06 17:52:38.904066,1,0.23,69.52,0,1
E0203,Ultrasound,3,19.97,2025-01-30 17:52:38.904066,0,0.1,33.85,1,1
E0204,ECG,5,7.58,2024-09-30 17:52:38.904066,0,0.13,40.56,2,1
E0205,MRI,7,17.05,2024-08-14 17:52:38.904066,1,0.17,31.13,1,1
E0206,ECG,1,0.31,2024-08-10 17:52:38.904066,0,0.45,31.31,1,1
E0207,MRI,0,18.78,2024-09-24 17:52:38.904066,1,0.63,58.51,1,1
E0208,Ventilator,5,4.08,2025-02-21 17:52:38.904066,0,0.62,65.81,3,1
E0209,MRI,4,14.95,2024-12-02 17:52:38.904066,0,0.23,47.28,2,1
E0210,Ventilator,10,12.73,2025-02-11 17:52:38.904066,1,0.63,54.85,0,1
E0211,Ventilator,0,3.37,2025-06-29 17:52:38.904066,0,0.71,24.19,0,1
E0212,ECG,10,1.15,2025-06-07 17:52:38.904066,1,0.3,64.71,1,1
E0213,MRI,0,3.33,2025-04-17 17:52:38.904066,1,0.64,47.08,2,1
E0214,ECG,8,15.73,2025-06-22 17:52:38.904066,0,0.47,47.04,0,0
E0215,Ventilator,0,1.49,2025-04-24 17:52:38.904066,3,0.24,43.52,2,1
E0216,Ventilator,0,4.39,2025-02-05 17:52:38.904066,1,0.2,51.63,2,1
E0217,MRI,4,6.83,2024-09-30 17:52:38.904066,0,0.42,41.74,3,1
E0218,MRI,11,2.55,2025-01-01 17:52:38.904066,3,0.08,42.79,2,1
E0219,Ventilator,4,0.51,2025-04-04 17:52:38.904066,0,0.42,53.4,3,0
E0220,Ventilator,1,19.6,2025-02-28 17:52:38.904066,0,0.76,30.88,1,1
E0221,Ventilator,5,14.57,2024-09-19 17:52:38.904066,0,0.27,24.19,4,1
E0222,ECG,8,9.63,2024-08-17 17:52:38.904066,2,0.79,39.97,1,1
E0223,Ultrasound,6,17.71,2024-08-26 17:52:38.904066,1,0.6,28.88,0,1
E0224,ECG,1,10.68,2025-04-02 17:52:38.904066,0,0.09,69.0,0,1
E0225,Ultrasound,2,11.84,2024-11-09 17:52:38.904066,0,0.46,54.11,0,1
E0226,Ventilator,6,13.81,2025-04-27 17:52:38.904066,1,0.66,23.1,0,1
E0227,MRI,0,15.84,2024-08-15 17:52:38.904066,1,0.23,51.08,0,1
E0228,ECG,0,3.77,2024-10-05 17:52:38.904066,1,0.14,42.97,1,1
E0229,Ventilator,0,7.35,2024-11-10 17:52:38.904066,0,0.49,65.31,4,1
E0230,Ultrasound,7,18.56,2025-02-14 17:52:38.904066,0,0.35,20.91,1,1
E0231,MRI,1,8.89,2025-06-13 17:52:38.904066,1,0.17,63.7,3,1
E0232,MRI,10,2.14,2025-01-08 17:52:38.904066,1,0.43,34.19,1,1
E0233,Ultrasound,7,9.99,2025-04-01 17:52:38.904066,1,0.07,23.17,1,0
E0234,MRI,5,14.38,2025-01-03 17:52:38.904066,2,0.14,59.54,7,1
E0235,Ventilator,12,10.8,2025-05-22 17:52:38.904066,1,0.47,59.87,2,1
E0236,MRI,5,19.4,2025-07-06 17:52:38.904066,1,0.67,45.73,1,1
E0237,MRI,13,17.3,2025-08-02 17:52:38.904066,1,0.08,46.79,0,1
E0238,ECG,5,10.09,2024-09-08 17:52:38.904066,0,0.8,57.49,2,1
E0239,Ultrasound,6,19.15,2024-12-11 17:52:38.904066,0,0.25,40.84,1,1
E0240,Ultrasound,5,9.42,2024-12-26 17:52:38.904066,1,0.54,65.74,2,1
E0241,Ultrasound,7,18.54,2025-02-08 17:52:38.904066,2,0.59,22.96,1,1
E0242,Ventilator,5,15.9,2024-08-27 17:52:38.904066,2,0.25,47.52,0,1
E0243,Ultrasound,1,19.21,2025-04-02 17:52:38.904066,0,0.47,51.99,5,1
E0244,MRI,9,3.84,2024-11-17 17:52:38.904066,1,0.25,39.88,1,1
E0245,MRI,0,7.08,2024-12-29 17:52:38.904066,3,0.17,43.97,2,1
E0246,Ultrasound,2,1.61,2024-10-27 17:52:38.904066,0,0.23,32.63,1,1
E0247,Ventilator,4,9.69,2025-07-02 17:52:38.904066,0,0.59,44.04,2,0
E0248,Ventilator,4,12.02,2025-03-19 17:52:38.904066,2,0.77,36.16,3,1
E0249,Ultrasound,2,18.31,2024-09-25 17:52:38.904066,2,0.78,57.35,1,1
E0250,ECG,12,1.36,2024-11-26 17:52:38.904066,0,0.24,51.93,2,1
E0251,Ultrasound,4,12.79,2025-07-06 17:52:38.904066,1,0.51,60.81,1,1
E0252,Ultrasound,3,15.38,2025-06-30 17:52:38.904066,0,0.43,48.17,3,0
E0253,Ventilator,7,10.94,2025-01-31 17:52:38.904066,1,0.01,49.21,0,1
E0254,Ultrasound,8,2.23,2025-02-10 17:52:38.904066,0,0.25,43.96,1,0
E0255,Ultrasound,8,17.18,2025-07-15 17:52:38.904066,1,0.22,48.51,1,1
E0256,ECG,5,5.14,2025-01-27 17:52:38.904066,0,0.52,20.71,3,1
E0257,Ventilator,11,5.48,2025-04-20 17:52:38.904066,0,0.1,53.87,5,1
E0258,Ventilator,10,4.89,2025-01-04 17:52:38.904066,0,0.05,56.66,1,1
E0259,ECG,11,5.5,2025-01-14 17:52:38.904066,0,0.76,68.54,2,1
E0260,ECG,1,19.96,2024-09-19 17:52:38.904066,1,0.33,54.89,4,1
E0261,Ultrasound,9,12.65,2025-07-13 17:52:38.904066,0,0.2,69.27,3,1
E0262,Ventilator,8,12.2,2025-02-12 17:52:38.904066,1,0.04,59.59,0,0
E0263,MRI,5,11.67,2025-01-06 17:52:38.904066,0,0.18,32.02,2,1
E0264,Ventilator,7,10.48,2025-01-14 17:52:38.904066,1,0.04,63.17,2,1
E0265,MRI,0,10.81,2025-06-06 17:52:38.904066,0,0.11,21.19,2,0
E0266,ECG,0,11.18,2024-12-22 17:52:38.904066,2,0.72,38.59,5,1
E0267,Ventilator,8,14.85,2024-08-28 17:52:38.904066,2,0.0,54.93,1,1
E0268,Ventilator,1,15.61,2025-08-05 17:52:38.904066,0,0.69,54.04,2,1
E0269,Ventilator,8,8.19,2024-09-02 17:52:38.904066,1,0.36,26.65,0,1
E0270,ECG,0,11.3,2025-01-02 17:52:38.904066,2,0.48,50.46,2,1
E0271,ECG,1,19.97,2025-01-29 17:52:38.904066,0,0.55,59.26,1,1
E0272,Ventilator,8,5.07,2025-03-08 17:52:38.904066,1,0.03,51.77,0,0
E0273,Ventilator,5,13.65,2025-04-29 17:52:38.904066,2,0.35,35.68,3,0
E0274,Ultrasound,7,19.02,2024-12-09 17:52:38.904066,2,0.56,34.51,2,1
E0275,Ventilator,10,6.76,2025-06-13 17:52:38.904066,1,0.4,36.57,0,1
E0276,ECG,10,5.22,2025-03-08 17:52:38.904066,1,0.26,36.6,0,1
E0277,Ultrasound,0,2.7,2024-08-29 17:52:38.904066,1,0.18,45.72,0,1
E0278,Ultrasound,11,11.49,2024-10-31 17:52:38.904066,2,0.72,43.7,3,1
E0279,ECG,2,0.78,2025-07-14 17:52:38.904066,0,0.12,57.48,1,0
E0280,Ultrasound,4,12.07,2025-02-03 17:52:38.904066,1,0.05,43.72,3,1
E0281,Ventilator,4,17.03,2024-10-22 17:52:38.904066,1,0.4,33.4,2,1
E0282,MRI,6,18.12,2024-11-14 17:52:38.904066,2,0.22,22.01,0,1
E0283,ECG,5,3.53,2025-02-02 17:52:38.904066,0,0.29,50.14,2,1
E0284,Ventilator,6,7.7,2024-10-31 17:52:38.904066,1,0.74,54.68,1,1
E0285,MRI,8,10.26,2025-05-23 17:52:38.904066,1,0.37,66.75,1,1
E0286,MRI,4,2.97,2025-04-10 17:52:38.904066,0,0.18,32.11,1,0
E0287,Ultrasound,7,12.03,2024-09-29 17:52:38.904066,0,0.74,41.4,0,1
E0288,ECG,3,8.88,2025-05-19 17:52:38.904066,0,0.52,47.02,1,0
E0289,Ventilator,3,0.1,2024-09-01 17:52:38.904066,1,0.7,22.07,2,1
E0290,Ventilator,2,16.86,2024-08-31 17:52:38.904066,2,0.69,51.58,0,1
E0291,ECG,1,2.91,2025-07-15 17:52:38.904066,0,0.58,34.49,2,0
E0292,Ventilator,11,4.79,2024-09-25 17:52:38.904066,3,0.27,28.01,1,1
E0293,ECG,9,11.78,2025-02-28 17:52:38.904066,1,0.34,38.62,0,1
E0294,Ultrasound,7,12.25,2025-06-20 17:52:38.904066,2,0.18,50.16,2,0
E0295,ECG,9,7.81,2025-04-28 17:52:38.904066,0,0.61,61.81,2,1
E0296,Ultrasound,3,0.04,2024-09-15 17:52:38.904066,0,0.27,31.07,3,1
E0297,Ventilator,5,10.4,2025-03-04 17:52:38.904066,1,0.77,46.24,1,1
E0298,MRI,3,15.74,2025-03-15 17:52:38.904066,0,0.34,44.21,2,0
E0299,ECG,0,12.66,2025-05-21 17:52:38.904066,4,0.11,26.37,0,1
E0300,Ventilator,3,0.74,2025-05-30 17:52:38.904066,0,0.74,22.37,1,1
E0301,Ventilator,4,11.59,2024-11-01 17:52:38.904066,0,0.24,25.74,4,1
E0302,ECG,9,5.26,2024-08-29 17:52:38.904066,0,0.77,21.55,3,1
E0303,Ultrasound,6,6.27,2024-11-23 17:52:38.904066,0,0.5,67.62,0,1
E0304,MRI,0,14.55,2025-01-07 17:52:38.904066,1,0.21,20.34,1,1
E0305,MRI,2,0.28,2025-03-03 17:52:38.904066,2,0.01,45.64,2,0
E0306,Ventilator,6,12.36,2025-01-04 17:52:38.904066,0,0.33,62.12,5,1
E0307,Ventilator,2,17.4,2025-05-09 17:52:38.904066,2,0.51,58.59,1,1
E0308,Ventilator,6,11.97,2024-08-24 17:52:38.904066,2,0.23,38.87,1,1
E0309,ECG,1,18.06,2024-11-10 17:52:38.904066,1,0.58,58.0,1,1
E0310,Ventilator,9,0.28,2025-03-23 17:52:38.904066,1,0.23,27.07,0,1
E0311,MRI,5,10.7,2025-01-06 17:52:38.904066,1,0.12,59.09,3,1
E0312,Ventilator,1,10.53,2024-12-12 17:52:38.904066,0,0.27,64.49,2,1
E0313,MRI,13,13.92,2024-09-08 17:52:38.904066,1,0.7,53.07,3,1
E0314,ECG,5,11.72,2025-07-16 17:52:38.904066,1,0.03,35.41,1,0
E0315,Ventilator,6,0.74,2025-05-12 17:52:38.904066,0,0.55,55.97,2,0
E0316,ECG,11,2.49,2024-12-21 17:52:38.904066,0,0.34,57.41,1,1
E0317,ECG,9,12.12,2025-08-03 17:52:38.904066,1,0.63,63.44,1,1
E0318,MRI,8,16.56,2025-03-10 17:52:38.904066,1,0.29,53.51,2,1
E0319,MRI,8,2.3,2024-10-21 17:52:38.904066,5,0.14,23.37,1,1
E0320,MRI,4,11.7,2024-09-23 17:52:38.904066,2,0.19,41.67,0,1
E0321,Ultrasound,0,3.49,2024-08-29 17:52:38.904066,1,0.13,49.18,1,1
E0322,MRI,6,12.91,2025-03-16 17:52:38.904066,2,0.52,28.0,3,0
E0323,MRI,2,17.13,2024-10-05 17:52:38.904066,1,0.27,24.2,1,1
E0324,Ventilator,0,16.33,2024-10-26 17:52:38.904066,4,0.51,69.75,4,1
E0325,MRI,0,5.63,2025-07-26 17:52:38.904066,1,0.72,33.54,0,1
E0326,ECG,0,12.49,2025-06-19 17:52:38.904066,0,0.64,46.15,1,1
E0327,MRI,4,4.22,2024-08-10 17:52:38.904066,0,0.5,64.12,2,1
E0328,MRI,3,11.5,2025-01-06 17:52:38.904066,0,0.26,55.71,0,1
E0329,MRI,10,17.77,2024-08-15 17:52:38.904066,0,0.34,55.54,0,1
E0330,Ventilator,0,0.78,2025-06-24 17:52:38.904066,1,0.67,40.6,1,1
E0331,Ultrasound,4,7.14,2025-07-31 17:52:38.904066,0,0.27,38.23,1,0
E0332,ECG,4,1.36,2025-01-29 17:52:38.904066,1,0.12,66.12,0,1
E0333,MRI,7,8.12,2024-12-05 17:52:38.904066,1,0.4,64.7,1,1
E0334,Ventilator,7,6.04,2025-02-15 17:52:38.904066,0,0.01,64.84,3,1
E0335,MRI,5,14.33,2025-05-14 17:52:38.904066,3,0.35,55.05,1,1
E0336,MRI,5,4.21,2024-11-30 17:52:38.904066,0,0.36,35.31,0,1
E0337,MRI,0,18.37,2025-03-09 17:52:38.904066,1,0.42,51.76,1,1
E0338,MRI,10,8.97,2024-09-03 17:52:38.904066,1,0.72,27.08,2,1
E0339,Ventilator,1,15.26,2025-01-10 17:52:38.904066,1,0.37,69.06,1,1
E0340,MRI,9,8.31,2025-02-28 17:52:38.904066,2,0.63,32.95,1,1
E0341,Ultrasound,0,6.63,2025-03-04 17:52:38.904066,0,0.03,53.36,1,0
E0342,MRI,6,17.01,2025-02-20 17:52:38.904066,0,0.17,38.17,2,1
E0343,ECG,5,1.35,2024-11-18 17:52:38.904066,0,0.72,20.89,2,1
E0344,Ventilator,9,13.74,2025-03-10 17:52:38.904066,3,0.22,27.78,2,1
E0345,Ultrasound,2,2.93,2024-09-20 17:52:38.904066,1,0.01,65.47,0,1
E0346,ECG,10,7.58,2025-01-15 17:52:38.904066,0,0.2,29.1,0,1
E0347,MRI,9,15.55,2025-02-03 17:52:38.904066,1,0.12,43.34,3,1
E0348,ECG,11,14.36,2025-06-09 17:52:38.904066,0,0.07,51.2,2,1
E0349,Ultrasound,14,11.43,2024-12-02 17:52:38.904066,1,0.2,54.87,1,1
E0350,Ventilator,0,8.61,2025-03-10 17:52:38.904066,0,0.29,44.75,1,0
E0351,Ultrasound,0,15.4,2025-01-09 17:52:38.904066,0,0.14,64.76,2,1
E0352,MRI,2,16.81,2025-04-22 17:52:38.904066,1,0.09,59.26,1,1
E0353,ECG,5,15.83,2024-11-23 17:52:38.904066,1,0.31,25.3,1,1
E0354,Ultrasound,12,6.57,2024-10-28 17:52:38.904066,1,0.38,27.34,3,1
E0355,Ultrasound,3,15.44,2025-01-25 17:52:38.904066,0,0.68,25.73,1,1
E0356,Ultrasound,10,2.99,2025-06-14 17:52:38.904066,2,0.73,37.24,1,1
E0357,ECG,7,4.24,2025-05-10 17:52:38.904066,1,0.52,50.3,2,0
E0358,MRI,1,12.11,2025-05-08 17:52:38.904066,1,0.7,36.86,1,1
E0359,Ventilator,9,5.7,2024-09-12 17:52:38.904066,3,0.18,39.02,2,1
E0360,MRI,6,7.27,2024-08-16 17:52:38.904066,0,0.3,61.25,0,1
E0361,Ventilator,3,0.7,2024-09-23 17:52:38.904066,0,0.45,68.37,1,1
E0362,MRI,7,4.09,2025-07-15 17:52:38.904066,0,0.11,28.95,0,0
E0363,MRI,9,2.2,2024-12-01 17:52:38.904066,1,0.73,65.97,3,1
E0364,Ventilator,10,15.86,2025-03-10 17:52:38.904066,1,0.3,35.76,1,1
E0365,MRI,0,2.97,2025-07-07 17:52:38.904066,0,0.6,53.25,2,0
E0366,MRI,4,12.59,2025-03-28 17:52:38.904066,5,0.45,56.21,4,1
E0367,Ultrasound,1,7.62,2024-08-06 17:52:38.904066,1,0.77,65.57,0,1
E0368,Ultrasound,1,17.07,2025-05-28 17:52:38.904066,0,0.73,40.22,3,1
E0369,Ventilator,5,1.03,2025-04-17 17:52:38.904066,2,0.35,47.56,1,0
E0370,ECG,3,4.96,2024-09-10 17:52:38.904066,0,0.16,66.56,0,1
E0371,Ventilator,7,10.09,2025-01-14 17:52:38.904066,4,0.51,33.79,2,1
E0372,MRI,1,11.65,2025-02-12 17:52:38.904066,2,0.24,31.25,4,1
E0373,MRI,0,8.35,2025-02-12 17:52:38.904066,0,0.07,32.5,5,1
E0374,Ventilator,5,10.97,2024-10-19 17:52:38.904066,0,0.78,23.06,2,1
E0375,ECG,7,14.47,2025-01-02 17:52:38.904066,0,0.67,60.64,1,1
E0376,Ultrasound,9,4.88,2025-01-28 17:52:38.904066,1,0.33,62.01,0,1
E0377,Ventilator,3,6.63,2024-09-12 17:52:38.904066,1,0.31,31.66,3,1
E0378,Ventilator,0,3.13,2025-04-05 17:52:38.904066,0,0.59,65.2,2,1
E0379,Ultrasound,4,10.33,2024-10-20 17:52:38.904066,1,0.32,31.69,1,1
E0380,Ventilator,10,6.84,2024-09-18 17:52:38.904066,1,0.35,52.34,1,1
E0381,MRI,9,13.83,2024-11-04 17:52:38.904066,1,0.59,28.28,2,1
E0382,Ultrasound,5,1.81,2025-01-15 17:52:38.904066,0,0.43,64.34,1,1
E0383,ECG,9,19.14,2024-09-13 17:52:38.904066,1,0.28,26.63,3,1
E0384,ECG,3,5.74,2025-07-15 17:52:38.904066,0,0.06,27.19,2,0
E0385,ECG,2,19.62,2025-07-22 17:52:38.904066,1,0.57,34.0,0,1
E0386,Ultrasound,1,18.6,2025-03-10 17:52:38.904066,0,0.74,23.85,0,1
E0387,Ultrasound,0,11.02,2024-08-24 17:52:38.904066,0,0.04,30.44,0,1
E0388,MRI,10,3.32,2024-09-19 17:52:38.904066,0,0.27,49.38,3,1
E0389,Ultrasound,1,9.12,2025-03-15 17:52:38.904066,0,0.0,31.9,3,0
E0390,MRI,9,16.47,2025-02-16 17:52:38.904066,0,0.38,52.76,2,1
E0391,Ventilator,5,10.01,2025-01-30 17:52:38.904066,1,0.11,39.68,2,1
E0392,Ventilator,10,0.0,2025-01-28 17:52:38.904066,1,0.21,29.11,4,1
E0393,ECG,7,4.66,2025-01-23 17:52:38.904066,0,0.59,51.36,3,1
E0394,Ultrasound,10,0.1,2024-08-18 17:52:38.904066,0,0.35,58.94,3,1
E0395,ECG,1,16.03,2024-08-23 17:52:38.904066,1,0.69,25.18,4,1
E0396,ECG,10,7.35,2025-04-25 17:52:38.904066,0,0.49,23.42,2,1
E0397,Ultrasound,6,8.57,2025-05-01 17:52:38.904066,1,0.17,33.59,0,0
E0398,MRI,4,16.53,2024-11-30 17:52:38.904066,0,0.78,31.85,4,1
E0399,Ultrasound,3,7.72,2025-05-18 17:52:38.904066,0,0.2,59.09,1,0
E0400,Ventilator,5,1.39,2024-12-31 17:52:38.904066,2,0.43,29.49,1,1
E0401,MRI,3,15.43,2024-11-08 17:52:38.904066,1,0.33,22.49,1,1
E0402,ECG,3,15.86,2025-05-06 17:52:38.904066,2,0.29,58.37,1,0
E0403,Ventilator,8,17.13,2025-02-07 17:52:38.904066,1,0.55,46.27,1,1
E0404,MRI,0,3.32,2025-03-24 17:52:38.904066,0,0.61,45.72,2,1
E0405,ECG,8,12.87,2025-04-09 17:52:38.904066,3,0.25,51.45,2,1
E0406,MRI,5,19.92,2024-12-27 17:52:38.904066,1,0.38,65.32,1,1
E0407,ECG,9,17.34,2024-12-14 17:52:38.904066,1,0.68,55.65,0,1
E0408,Ventilator,0,3.52,2025-03-14 17:52:38.904066,0,0.24,20.46,0,0
E0409,Ventilator,6,17.2,2024-12-07 17:52:38.904066,1,0.02,63.18,0,1
E0410,Ventilator,0,2.78,2025-07-28 17:52:38.904066,0,0.48,62.63,1,1
E0411,MRI,5,5.78,2025-04-18 17:52:38.904066,0,0.3,60.2,2,1
E0412,Ultrasound,4,17.95,2024-08-12 17:52:38.904066,2,0.23,51.89,1,1
E0413,Ventilator,5,12.74,2024-11-19 17:52:38.904066,0,0.44,33.49,6,1
E0414,ECG,0,2.47,2024-09-04 17:52:38.904066,1,0.53,52.5,0,1
E0415,MRI,1,10.71,2025-04-01 17:52:38.904066,0,0.56,64.34,1,1
E0416,MRI,13,19.48,2024-12-04 17:52:38.904066,1,0.54,50.37,1,1
E0417,ECG,7,0.02,2025-04-28 17:52:38.904066,0,0.12,53.87,0,0
E0418,ECG,9,4.7,2024-10-28 17:52:38.904066,0,0.58,52.75,0,1
E0419,Ventilator,8,1.95,2024-10-15 17:52:38.904066,1,0.55,60.05,1,1
E0420,Ventilator,5,11.76,2025-06-26 17:52:38.904066,0,0.01,41.33,2,0
E0421,Ultrasound,10,5.11,2025-07-21 17:52:38.904066,0,0.09,47.95,2,1
E0422,ECG,13,12.41,2024-10-12 17:52:38.904066,1,0.16,55.14,4,1
E0423,Ventilator,5,12.38,2024-10-23 17:52:38.904066,2,0.48,28.1,2,1
E0424,Ventilator,12,19.63,2025-05-13 17:52:38.904066,0,0.66,27.7,1,1
E0425,ECG,10,4.3,2025-03-02 17:52:38.904066,1,0.66,34.28,1,1
E0426,MRI,5,15.58,2025-06-21 17:52:38.904066,1,0.1,67.22,0,1
E0427,Ultrasound,6,13.22,2025-01-21 17:52:38.904066,1,0.68,36.82,3,1
E0428,Ventilator,15,18.73,2024-10-29 17:52:38.904066,3,0.51,20.91,0,1
E0429,Ultrasound,4,6.76,2025-02-28 17:52:38.904066,0,0.53,26.19,2,0
E0430,ECG,3,19.46,2024-09-28 17:52:38.904066,0,0.39,66.74,3,1
E0431,ECG,0,7.32,2025-04-15 17:52:38.904066,1,0.01,57.23,1,0
E0432,MRI,8,7.43,2024-08-17 17:52:38.904066,0,0.53,45.9,1,1
E0433,Ultrasound,0,18.17,2024-09-11 17:52:38.904066,0,0.42,52.49,2,1
E0434,MRI,2,4.03,2024-10-23 17:52:38.904066,2,0.15,44.68,0,1
E0435,ECG,9,2.41,2025-05-17 17:52:38.904066,0,0.56,48.43,1,1
E0436,MRI,0,4.4,2024-10-23 17:52:38.904066,1,0.12,28.62,3,1
E0437,MRI,4,2.9,2024-11-16 17:52:38.904066,1,0.4,40.12,1,1
E0438,MRI,6,12.62,2024-10-29 17:52:38.904066,2,0.25,31.88,0,1
E0439,ECG,0,10.54,2024-12-27 17:52:38.904066,0,0.1,33.66,2,1
E0440,Ultrasound,6,15.87,2024-10-02 17:52:38.904066,3,0.54,40.76,0,1
E0441,Ventilator,6,8.96,2024-08-07 17:52:38.904066,0,0.66,37.47,1,1
E0442,ECG,8,1.45,2024-10-07 17:52:38.904066,0,0.66,44.47,1,1
E0443,MRI,10,17.32,2025-07-18 17:52:38.904066,1,0.46,46.75,3,1
E0444,Ventilator,13,1.43,2024-08-08 17:52:38.904066,0,0.05,42.38,1,1
E0445,ECG,8,13.46,2025-03-12 17:52:38.904066,1,0.6,64.63,1,1
E0446,MRI,6,13.6,2025-06-11 17:52:38.904066,1,0.08,49.37,1,0
E0447,Ventilator,5,0.43,2025-07-30 17:52:38.904066,3,0.26,57.84,1,1
E0448,ECG,4,0.5,2025-06-07 17:52:38.904066,1,0.46,55.59,0,0
E0449,Ventilator,3,2.91,2024-11-07 17:52:38.904066,0,0.63,39.94,2,1
E0450,ECG,10,7.91,2024-11-27 17:52:38.904066,0,0.29,34.32,3,1
E0451,MRI,0,11.19,2024-09-04 17:52:38.904066,0,0.06,28.74,0,1
E0452,Ventilator,10,17.49,2025-01-10 17:52:38.904066,0,0.11,69.05,0,1
E0453,Ventilator,12,7.39,2025-03-06 17:52:38.904066,1,0.72,32.71,0,1
E0454,MRI,3,4.66,2025-03-11 17:52:38.904066,0,0.3,27.16,1,0
E0455,ECG,9,14.17,2025-02-25 17:52:38.904066,0,0.6,20.67,2,1
E0456,Ventilator,7,17.28,2024-10-24 17:52:38.904066,2,0.76,28.37,0,1
E0457,ECG,5,0.82,2024-08-31 17:52:38.904066,2,0.26,35.52,0,1
E0458,MRI,8,0.06,2025-06-28 17:52:38.904066,1,0.62,62.7,0,1
E0459,MRI,10,11.87,2025-05-01 17:52:38.904066,1,0.33,65.71,0,1
E0460,ECG,11,5.46,2025-05-24 17:52:38.904066,1,0.7,48.69,1,1
E0461,Ultrasound,5,9.1,2025-03-26 17:52:38.904066,1,0.41,46.94,3,0
E0462,MRI,2,14.65,2024-11-14 17:52:38.904066,0,0.52,50.08,1,1
E0463,MRI,10,7.03,2025-05-21 17:52:38.904066,0,0.54,68.08,5,1
E0464,ECG,2,17.53,2025-04-10 17:52:38.904066,1,0.22,57.39,2,1
E0465,ECG,9,8.78,2025-05-22 17:52:38.904066,0,0.25,44.91,0,1
E0466,ECG,8,8.16,2024-11-27 17:52:38.904066,0,0.46,55.2,1,1
E0467,Ventilator,5,14.32,2024-12-20 17:52:38.904066,0,0.05,53.06,1,1
E0468,Ventilator,0,17.94,2024-09-02 17:52:38.904066,0,0.21,60.48,0,1
E0469,ECG,5,15.02,2024-12-01 17:52:38.904066,0,0.33,40.68,2,1
E0470,ECG,2,19.44,2025-06-04 17:52:38.904066,0,0.48,41.89,3,1
E0471,MRI,6,6.1,2025-05-10 17:52:38.904066,0,0.27,29.77,0,0
E0472,ECG,7,0.66,2025-07-26 17:52:38.904066,0,0.08,30.95,3,0
E0473,Ventilator,0,15.36,2024-10-29 17:52:38.904066,1,0.22,42.61,1,1
E0474,Ultrasound,4,11.65,2025-07-25 17:52:38.904066,0,0.34,39.39,2,0
E0475,ECG,14,9.4,2025-05-11 17:52:38.904066,2,0.04,44.47,2,1
E0476,Ventilator,12,17.74,2025-02-10 17:52:38.904066,1,0.34,48.04,2,1
E0477,MRI,7,0.52,2024-10-25 17:52:38.904066,3,0.4,66.09,2,1
E0478,MRI,7,16.94,2024-09-21 17:52:38.904066,0,0.71,23.02,2,1
E0479,MRI,6,18.92,2025-06-28 17:52:38.904066,0,0.42,54.5,3,1
E0480,Ultrasound,4,18.07,2024-12-15 17:52:38.904066,1,0.65,66.57,3,1
E0481,ECG,5,15.53,2025-03-29 17:52:38.904066,2,0.19,66.08,0,1
E0482,ECG,4,14.75,2024-10-06 17:52:38.904066,0,0.7,40.77,1,1
E0483,Ultrasound,6,10.95,2024-10-29 17:52:38.904066,1,0.19,33.91,3,1
E0484,Ultrasound,4,3.48,2025-05-22 17:52:38.904066,0,0.38,54.76,2,0
E0485,Ultrasound,6,6.48,2025-06-13 17:52:38.904066,0,0.63,24.61,2,1
E0486,Ventilator,5,7.94,2025-02-13 17:52:38.904066,1,0.16,35.05,1,0
E0487,MRI,8,7.84,2024-10-26 17:52:38.904066,0,0.59,31.44,3,1
E0488,MRI,0,11.8,2024-08-09 17:52:38.904066,0,0.41,59.55,2,1
E0489,Ventilator,7,8.18,2024-09-20 17:52:38.904066,1,0.04,54.75,2,1
E0490,MRI,4,2.66,2024-11-05 17:52:38.904066,1,0.35,57.42,3,1
E0491,ECG,7,3.16,2025-01-09 17:52:38.904066,3,0.49,30.42,2,1
E0492,MRI,9,12.99,2024-10-11 17:52:38.904066,2,0.73,34.24,1,1
E0493,MRI,6,4.51,2025-07-26 17:52:38.904066,0,0.65,33.16,0,1
E0494,Ventilator,9,12.58,2024-12-28 17:52:38.904066,2,0.44,44.94,0,1
E0495,MRI,4,5.17,2025-04-17 17:52:38.904066,2,0.54,27.82,2,0
E0496,Ultrasound,5,11.29,2025-05-18 17:52:38.904066,1,0.04,26.45,2,0
E0497,MRI,4,10.18,2025-01-30 17:52:38.904066,0,0.17,42.93,0,1
E0498,MRI,0,16.3,2025-05-07 17:52:38.904066,1,0.03,38.15,4,1
E0499,MRI,1,6.36,2025-01-03 17:52:38.904066,0,0.71,33.64,1,1
E0500,ECG,10,11.83,2025-03-20 17:52:38.904066,1,0.69,66.24,3,1
E0501,Ventilator,6,2.01,2025-04-24 17:52:38.904066,0,0.08,47.09,1,0
E0502,Ultrasound,10,17.58,2025-02-02 17:52:38.904066,1,0.59,60.07,0,1
E0503,MRI,11,9.48,2025-04-24 17:52:38.904066,1,0.32,30.63,1,1
E0504,ECG,7,6.61,2024-09-26 17:52:38.904066,0,0.36,55.46,3,1
E0505,ECG,0,5.31,2025-01-23 17:52:38.904066,0,0.11,21.17,1,1
E0506,Ventilator,9,16.55,2025-05-07 17:52:38.904066,0,0.52,39.41,1,1
E0507,Ultrasound,0,2.3,2025-02-04 17:52:38.904066,1,0.68,57.88,2,1
E0508,Ultrasound,6,2.69,2024-09-02 17:52:38.904066,1,0.27,40.54,1,1
E0509,Ventilator,1,13.01,2025-05-03 17:52:38.904066,2,0.35,34.35,0,0
E0510,Ultrasound,10,15.72,2025-07-06 17:52:38.904066,0,0.02,39.28,2,1
E0511,Ultrasound,2,12.23,2025-04-01 17:52:38.904066,1,0.71,25.6,2,1
E0512,ECG,4,18.69,2025-02-07 17:52:38.904066,1,0.42,67.55,2,1
E0513,ECG,15,19.18,2025-06-21 17:52:38.904066,2,0.1,37.38,0,1
E0514,ECG,6,14.07,2025-05-09 17:52:38.904066,1,0.34,23.51,1,0
E0515,MRI,9,4.38,2024-08-23 17:52:38.904066,0,0.53,23.89,0,1
E0516,ECG,1,0.38,2025-01-09 17:52:38.904066,1,0.75,56.06,0,1
E0517,Ventilator,15,18.25,2025-07-16 17:52:38.904066,0,0.09,69.64,0,1
E0518,Ultrasound,7,16.45,2025-05-17 17:52:38.904066,0,0.44,68.85,0,1
E0519,Ultrasound,10,18.05,2024-09-28 17:52:38.904066,0,0.71,28.49,1,1
E0520,MRI,0,8.48,2024-09-03 17:52:38.904066,0,0.69,27.28,1,1
E0521,ECG,6,0.46,2024-08-31 17:52:38.904066,0,0.25,61.56,2,1
E0522,Ventilator,5,10.13,2024-11-29 17:52:38.904066,1,0.54,69.88,0,1
E0523,Ultrasound,12,18.47,2024-12-09 17:52:38.904066,0,0.51,60.72,2,1
E0524,MRI,0,7.73,2025-05-11 17:52:38.904066,1,0.73,53.29,0,1
E0525,Ventilator,2,18.18,2024-11-17 17:52:38.904066,1,0.19,69.02,1,1
E0526,Ultrasound,10,12.51,2024-10-23 17:52:38.904066,2,0.75,23.38,0,1
E0527,Ventilator,6,2.81,2025-08-01 17:52:38.904066,1,0.04,22.03,1,0
E0528,MRI,4,19.95,2025-01-05 17:52:38.904066,3,0.67,44.08,0,1
E0529,Ventilator,4,3.51,2024-09-18 17:52:38.904066,0,0.03,66.2,2,1
E0530,Ultrasound,7,0.7,2025-01-26 17:52:38.904066,3,0.19,64.12,0,1
E0531,ECG,7,11.38,2024-12-04 17:52:38.904066,0,0.78,68.31,0,1
E0532,ECG,3,1.15,2024-12-31 17:52:38.904066,1,0.77,55.16,2,1
E0533,Ventilator,4,19.17,2024-10-22 17:52:38.904066,0,0.26,31.41,1,1
E0534,MRI,1,9.74,2025-05-16 17:52:38.904066,2,0.69,56.35,2,1
E0535,MRI,10,12.38,2024-09-06 17:52:38.904066,0,0.69,44.6,3,1
E0536,Ventilator,1,1.86,2024-10-28 17:52:38.904066,1,0.77,25.95,2,1
E0537,MRI,5,3.04,2025-03-11 17:52:38.904066,2,0.62,33.57,1,1
E0538,Ultrasound,8,1.75,2025-05-27 17:52:38.904066,1,0.09,46.06,1,0
E0539,MRI,9,14.5,2025-01-03 17:52:38.904066,2,0.39,36.64,0,1
E0540,MRI,0,7.65,2025-05-14 17:52:38.904066,0,0.64,56.95,1,1
E0541,Ultrasound,6,7.66,2025-07-03 17:52:38.904066,0,0.4,32.39,1,0
E0542,ECG,6,8.77,2025-01-23 17:52:38.904066,1,0.72,21.73,1,1
E0543,MRI,8,8.27,2025-03-21 17:52:38.904066,1,0.27,47.85,0,0
E0544,Ultrasound,2,1.43,2025-04-01 17:52:38.904066,0,0.19,46.42,0,0
E0545,Ultrasound,5,2.62,2024-12-24 17:52:38.904066,1,0.39,55.19,2,1
E0546,Ultrasound,5,18.07,2025-04-04 17:52:38.904066,0,0.79,61.02,1,1
E0547,Ultrasound,2,3.63,2024-09-07 17:52:38.904066,2,0.1,47.66,2,1
E0548,Ventilator,0,17.5,2024-11-04 17:52:38.904066,1,0.29,36.49,3,1
E0549,ECG,0,18.15,2025-03-17 17:52:38.904066,0,0.43,35.48,0,1
E0550,MRI,1,0.68,2024-12-26 17:52:38.904066,1,0.41,59.48,0,1
E0551,ECG,5,4.27,2024-12-11 17:52:38.904066,0,0.38,37.33,1,1
E0552,ECG,6,12.85,2024-10-14 17:52:38.904066,1,0.16,35.3,0,1
E0553,MRI,4,1.24,2024-12-08 17:52:38.904066,1,0.09,60.97,0,1
E0554,MRI,8,3.03,2025-07-31 17:52:38.904066,0,0.7,56.94,0,1
E0555,ECG,1,7.63,2025-06-05 17:52:38.904066,0,0.26,26.06,1,0
E0556,Ventilator,6,9.76,2025-03-27 17:52:38.904066,2,0.8,63.75,5,1
E0557,MRI,6,11.32,2025-05-05 17:52:38.904066,1,0.7,36.18,1,1
E0558,Ventilator,4,4.17,2024-10-19 17:52:38.904066,1,0.31,50.43,0,1
E0559,Ventilator,5,5.62,2024-08-20 17:52:38.904066,1,0.54,67.85,2,1
E0560,MRI,8,7.48,2024-09-15 17:52:38.904066,1,0.77,47.92,1,1
E0561,Ultrasound,3,3.13,2025-02-22 17:52:38.904066,1,0.01,67.19,4,1
E0562,MRI,0,11.69,2025-02-24 17:52:38.904066,1,0.56,39.89,2,0
E0563,Ultrasound,0,8.87,2025-07-31 17:52:38.904066,2,0.29,27.09,4,1
E0564,Ultrasound,2,2.76,2024-09-18 17:52:38.904066,1,0.35,59.0,1,1
E0565,MRI,12,9.54,2025-02-15 17:52:38.904066,2,0.35,68.28,1,1
E0566,ECG,6,5.81,2025-02-03 17:52:38.904066,2,0.2,39.42,1,1
E0567,MRI,9,11.92,2025-02-21 17:52:38.904066,0,0.64,47.97,1,1
E0568,ECG,0,6.08,2025-04-28 17:52:38.904066,1,0.43,41.15,3,0
E0569,Ultrasound,10,4.21,2024-11-13 17:52:38.904066,1,0.4,47.24,0,1
E0570,Ultrasound,9,19.34,2024-10-05 17:52:38.904066,2,0.45,26.43,0,1
E0571,Ultrasound,10,18.98,2024-11-25 17:52:38.904066,0,0.32,48.83,1,1
E0572,MRI,6,19.79,2024-08-23 17:52:38.904066,1,0.73,57.51,1,1
E0573,Ventilator,4,7.65,2024-10-21 17:52:38.904066,0,0.63,35.13,2,1
E0574,Ultrasound,2,14.2,2024-12-09 17:52:38.904066,1,0.42,68.83,0,1
E0575,Ultrasound,0,16.71,2025-01-15 17:52:38.904066,0,0.26,23.55,3,1
E0576,Ultrasound,3,16.14,2024-08-31 17:52:38.904066,0,0.45,45.06,1,1
E0577,ECG,7,19.48,2024-08-15 17:52:38.904066,1,0.15,52.98,0,1
E0578,Ventilator,8,11.68,2024-11-17 17:52:38.904066,0,0.75,67.41,2,1
E0579,MRI,8,0.11,2025-06-03 17:52:38.904066,1,0.69,27.87,2,1
E0580,ECG,9,6.99,2024-12-10 17:52:38.904066,2,0.76,66.89,0,1
E0581,ECG,10,0.09,2025-05-10 17:52:38.904066,1,0.38,27.22,1,1
E0582,MRI,8,7.06,2024-12-30 17:52:38.904066,1,0.21,30.32,1,1
E0583,MRI,8,18.39,2025-01-25 17:52:38.904066,0,0.18,24.84,3,1
E0584,Ventilator,6,13.84,2025-01-07 17:52:38.904066,1,0.58,64.11,3,1
E0585,Ventilator,6,0.48,2025-07-03 17:52:38.904066,1,0.63,69.84,2,1
E0586,MRI,9,16.75,2025-04-16 17:52:38.904066,2,0.2,52.94,1,1
E0587,Ultrasound,10,10.8,2025-02-19 17:52:38.904066,1,0.72,47.55,1,1
E0588,Ultrasound,10,6.69,2024-11-02 17:52:38.904066,1,0.51,33.84,2,1
E0589,Ventilator,6,1.61,2025-05-09 17:52:38.904066,0,0.24,34.43,1,0
E0590,Ultrasound,0,19.83,2024-08-28 17:52:38.904066,0,0.33,68.85,1,1
E0591,Ventilator,5,1.43,2025-06-09 17:52:38.904066,0,0.04,52.93,2,0
E0592,MRI,1,4.63,2025-02-26 17:52:38.904066,1,0.75,68.76,0,1
E0593,MRI,0,19.92,2025-02-28 17:52:38.904066,1,0.32,47.17,1,1
E0594,Ultrasound,5,3.63,2024-11-17 17:52:38.904066,0,0.61,32.64,0,1
E0595,ECG,6,15.23,2024-11-16 17:52:38.904066,0,0.48,21.99,1,1
E0596,MRI,3,5.26,2024-12-29 17:52:38.904066,1,0.39,29.06,1,1
E0597,Ventilator,2,16.99,2025-07-02 17:52:38.904066,1,0.6,63.51,0,1
E0598,ECG,12,7.84,2025-02-07 17:52:38.904066,0,0.48,69.64,1,1
E0599,Ventilator,5,16.77,2025-05-14 17:52:38.904066,1,0.2,52.92,2,1
E0600,ECG,4,2.71,2025-01-27 17:52:38.904066,2,0.28,33.29,0,1
E0601,Ultrasound,0,19.22,2024-10-08 17:52:38.904066,0,0.13,67.19,2,1
E0602,ECG,8,0.96,2024-08-08 17:52:38.904066,0,0.77,38.71,3,1
E0603,Ventilator,4,11.41,2025-02-07 17:52:38.904066,2,0.37,42.65,0,0
E0604,ECG,4,1.47,2024-09-26 17:52:38.904066,1,0.69,28.99,2,1
E0605,Ventilator,8,0.87,2024-12-07 17:52:38.904066,0,0.43,69.89,4,1
E0606,Ultrasound,0,0.8,2025-07-03 17:52:38.904066,0,0.07,67.13,3,1
E0607,ECG,6,1.9,2025-01-22 17:52:38.904066,0,0.14,63.11,3,1
E0608,Ventilator,0,7.95,2025-02-14 17:52:38.904066,1,0.63,37.25,3,1
E0609,Ventilator,6,2.95,2024-10-06 17:52:38.904066,0,0.33,33.23,0,1
E0610,Ultrasound,6,12.06,2024-09-23 17:52:38.904066,1,0.01,60.33,2,1
E0611,Ultrasound,0,16.11,2025-07-28 17:52:38.904066,0,0.58,39.79,1,1
E0612,MRI,7,4.32,2025-03-08 17:52:38.904066,1,0.55,61.17,0,1
E0613,ECG,6,6.93,2025-02-13 17:52:38.904066,0,0.42,43.69,0,0
E0614,Ventilator,3,17.65,2025-03-07 17:52:38.904066,1,0.59,69.16,1,1
E0615,MRI,8,1.53,2024-09-29 17:52:38.904066,1,0.3,41.13,2,1
E0616,Ultrasound,3,4.31,2025-03-01 17:52:38.904066,4,0.61,51.82,4,1
E0617,MRI,3,1.69,2025-02-05 17:52:38.904066,2,0.03,24.12,2,1
E0618,Ultrasound,0,6.54,2025-07-05 17:52:38.904066,0,0.03,59.32,0,0
E0619,Ultrasound,4,11.83,2025-03-19 17:52:38.904066,1,0.5,68.83,1,1
E0620,MRI,9,1.1,2025-06-20 17:52:38.904066,0,0.36,24.59,2,1
E0621,ECG,0,14.73,2025-05-22 17:52:38.904066,2,0.27,61.69,2,1
E0622,Ventilator,4,8.91,2024-11-16 17:52:38.904066,0,0.28,42.05,4,1
E0623,Ventilator,3,10.49,2024-09-25 17:52:38.904066,0,0.71,36.95,2,1
E0624,ECG,3,18.07,2024-12-19 17:52:38.904066,2,0.16,54.36,2,1
E0625,Ultrasound,5,19.27,2025-03-15 17:52:38.904066,2,0.4,50.58,1,1
E0626,ECG,4,9.18,2024-09-17 17:52:38.904066,1,0.4,33.92,0,1
E0627,ECG,0,7.97,2025-03-27 17:52:38.904066,0,0.72,33.96,2,1
E0628,ECG,6,9.38,2025-07-11 17:52:38.904066,1,0.37,63.89,3,1
E0629,Ventilator,0,9.67,2025-06-16 17:52:38.904066,0,0.67,65.64,0,1
E0630,Ultrasound,1,6.62,2025-06-25 17:52:38.904066,1,0.38,42.52,1,0
E0631,MRI,2,14.78,2024-12-31 17:52:38.904066,0,0.32,39.02,0,1
E0632,Ultrasound,2,17.64,2025-05-29 17:52:38.904066,0,0.4,45.46,2,1
E0633,Ultrasound,1,1.98,2024-12-31 17:52:38.904066,0,0.72,23.98,2,1
E0634,Ultrasound,9,6.92,2024-11-02 17:52:38.904066,1,0.51,44.05,3,1
E0635,Ultrasound,8,14.96,2025-06-04 17:52:38.904066,3,0.62,41.35,2,1
E0636,MRI,5,6.58,2025-05-22 17:52:38.904066,0,0.51,24.43,0,0
E0637,Ventilator,9,0.67,2024-12-29 17:52:38.904066,0,0.57,20.53,1,1
E0638,MRI,3,6.38,2024-12-09 17:52:38.904066,3,0.71,24.58,1,1
E0639,Ultrasound,9,18.6,2024-11-14 17:52:38.904066,2,0.07,56.49,0,1
E0640,ECG,10,4.27,2025-01-30 17:52:38.904066,1,0.09,22.4,1,1
E0641,MRI,4,17.87,2024-10-02 17:52:38.904066,2,0.34,32.8,1,1
E0642,Ventilator,4,9.93,2025-05-19 17:52:38.904066,0,0.33,60.2,1,1
E0643,Ultrasound,0,7.66,2025-02-23 17:52:38.904066,0,0.79,53.74,1,1
E0644,MRI,1,12.26,2024-09-01 17:52:38.904066,0,0.46,57.75,1,1
E0645,Ultrasound,10,3.22,2024-11-17 17:52:38.904066,0,0.56,36.52,0,1
E0646,MRI,5,16.13,2025-01-09 17:52:38.904066,1,0.47,32.47,1,1
E0647,Ventilator,10,15.67,2025-01-07 17:52:38.904066,1,0.11,42.17,4,1
E0648,Ventilator,4,6.85,2025-02-07 17:52:38.904066,2,0.53,32.26,2,0
E0649,ECG,0,13.07,2024-12-28 17:52:38.904066,2,0.47,62.78,1,1
E0650,Ultrasound,6,5.54,2024-10-29 17:52:38.904066,2,0.14,28.52,1,1
E0651,ECG,5,0.24,2024-12-28 17:52:38.904066,0,0.37,48.72,0,1
E0652,Ventilator,7,16.76,2025-05-11 17:52:38.904066,0,0.7,41.87,2,1
E0653,ECG,7,13.96,2025-06-14 17:52:38.904066,1,0.75,53.04,0,1
E0654,MRI,0,5.72,2025-07-14 17:52:38.904066,1,0.25,36.91,1,0
E0655,ECG,6,9.08,2025-05-15 17:52:38.904066,3,0.05,69.41,1,1
E0656,ECG,10,14.87,2025-05-30 17:52:38.904066,0,0.23,26.74,2,1
E0657,ECG,0,19.61,2025-01-06 17:52:38.904066,1,0.7,37.83,3,1
E0658,ECG,0,4.44,2025-05-01 17:52:38.904066,1,0.17,26.3,1,0
E0659,ECG,2,10.01,2025-06-16 17:52:38.904066,0,0.45,40.72,2,0
E0660,ECG,7,18.48,2024-09-13 17:52:38.904066,1,0.0,65.6,1,1
E0661,ECG,4,7.26,2025-03-08 17:52:38.904066,0,0.21,42.18,2,0
E0662,Ventilator,8,2.77,2025-02-12 17:52:38.904066,0,0.35,53.33,1,0
E0663,ECG,5,1.28,2024-12-27 17:52:38.904066,1,0.17,64.7,2,1
E0664,Ultrasound,5,7.97,2025-07-11 17:52:38.904066,0,0.36,66.2,3,1
E0665,Ventilator,7,0.47,2024-09-10 17:52:38.904066,1,0.54,20.22,4,1
E0666,MRI,2,9.83,2025-05-03 17:52:38.904066,0,0.04,63.25,2,1
E0667,MRI,7,16.4,2025-02-24 17:52:38.904066,0,0.78,31.89,2,1
E0668,MRI,8,14.45,2025-05-30 17:52:38.904066,0,0.58,21.63,2,0
E0669,Ventilator,12,6.19,2025-07-28 17:52:38.904066,0,0.51,21.8,3,1
E0670,Ultrasound,0,5.01,2025-03-05 17:52:38.904066,1,0.77,28.35,3,1
E0671,Ultrasound,7,17.84,2025-03-01 17:52:38.904066,1,0.19,38.95,6,1
E0672,ECG,2,19.33,2025-02-25 17:52:38.904066,1,0.41,62.58,3,1
E0673,MRI,9,0.23,2024-12-19 17:52:38.904066,2,0.48,26.9,0,1
E0674,Ventilator,6,7.78,2025-02-21 17:52:38.904066,1,0.43,40.68,0,0
E0675,Ventilator,2,12.92,2025-05-06 17:52:38.904066,0,0.19,48.96,3,0
E0676,Ultrasound,8,11.15,2025-01-19 17:52:38.904066,0,0.32,29.29,2,1
E0677,Ultrasound,7,7.64,2024-09-21 17:52:38.904066,0,0.02,61.41,1,1
E0678,Ventilator,11,11.1,2025-04-02 17:52:38.904066,0,0.74,55.19,1,1
E0679,Ultrasound,6,14.9,2024-10-17 17:52:38.904066,1,0.32,52.94,2,1
E0680,ECG,10,19.42,2025-06-18 17:52:38.904066,1,0.56,36.4,3,1
E0681,MRI,3,12.01,2025-04-05 17:52:38.904066,1,0.47,59.47,0,0
E0682,Ventilator,7,10.42,2025-01-09 17:52:38.904066,0,0.04,47.86,1,1
E0683,MRI,3,13.28,2024-11-08 17:52:38.904066,1,0.26,27.27,4,1
E0684,ECG,1,16.97,2024-12-18 17:52:38.904066,0,0.59,42.27,3,1
E0685,MRI,5,10.04,2025-04-28 17:52:38.904066,1,0.04,46.45,2,0
E0686,ECG,4,9.57,2025-04-11 17:52:38.904066,0,0.65,69.03,2,1
E0687,MRI,7,9.59,2025-03-15 17:52:38.904066,0,0.19,24.44,2,0
E0688,Ventilator,4,14.92,2025-05-21 17:52:38.904066,0,0.3,26.24,0,0
E0689,Ultrasound,0,1.9,2024-08-12 17:52:38.904066,1,0.26,33.23,2,1
E0690,Ultrasound,10,3.62,2025-01-29 17:52:38.904066,0,0.55,60.28,3,1
E0691,Ultrasound,11,6.65,2024-08-30 17:52:38.904066,0,0.07,23.19,2,1
E0692,ECG,5,3.3,2025-07-23 17:52:38.904066,1,0.72,46.48,5,1
E0693,ECG,4,13.76,2024-08-19 17:52:38.904066,0,0.02,61.13,1,1
E0694,MRI,5,18.52,2024-12-07 17:52:38.904066,0,0.3,58.54,3,1
E0695,MRI,2,3.79,2025-02-01 17:52:38.904066,0,0.34,24.15,3,1
E0696,MRI,7,16.28,2025-04-11 17:52:38.904066,0,0.16,58.78,0,1
E0697,Ultrasound,6,3.41,2025-04-20 17:52:38.904066,3,0.11,27.97,4,1
E0698,Ventilator,10,7.3,2025-07-14 17:52:38.904066,1,0.0,64.07,1,1
E0699,Ultrasound,3,3.31,2025-01-18 17:52:38.904066,2,0.47,38.1,1,1
E0700,Ultrasound,5,2.52,2025-01-19 17:52:38.904066,0,0.45,61.48,2,1
E0701,ECG,0,18.31,2024-08-25 17:52:38.904066,2,0.47,36.52,2,1
E0702,MRI,0,14.13,2025-07-01 17:52:38.904066,0,0.42,50.8,3,0
E0703,MRI,5,13.55,2025-04-07 17:52:38.904066,0,0.65,21.13,1,1
E0704,MRI,5,11.5,2025-01-03 17:52:38.904066,2,0.4,20.08,2,1
E0705,Ultrasound,6,2.78,2024-11-17 17:52:38.904066,0,0.08,28.08,1,1
E0706,MRI,0,4.8,2024-08-19 17:52:38.904066,0,0.16,61.23,0,1
E0707,MRI,3,15.8,2025-07-17 17:52:38.904066,0,0.57,44.28,4,1
E0708,MRI,0,14.69,2025-01-15 17:52:38.904066,1,0.26,23.75,1,1
E0709,Ventilator,8,13.56,2025-02-28 17:52:38.904066,0,0.58,30.92,0,0
E0710,Ultrasound,8,0.72,2025-05-10 17:52:38.904066,0,0.08,52.62,1,0
E0711,ECG,3,17.94,2025-04-06 17:52:38.904066,0,0.63,22.11,1,1
E0712,Ultrasound,2,16.34,2024-11-22 17:52:38.904066,0,0.69,24.34,1,1
E0713,ECG,0,16.89,2024-09-23 17:52:38.904066,0,0.0,55.99,0,1
E0714,ECG,7,9.96,2025-02-11 17:52:38.904066,1,0.37,38.35,0,0
E0715,ECG,5,18.93,2024-09-02 17:52:38.904066,0,0.76,65.58,1,1
E0716,ECG,3,8.98,2025-06-27 17:52:38.904066,1,0.07,40.45,1,0
E0717,Ultrasound,7,12.86,2025-06-09 17:52:38.904066,2,0.37,24.13,4,1
E0718,MRI,4,7.93,2025-05-11 17:52:38.904066,1,0.6,46.51,2,0
E0719,MRI,1,1.31,2024-09-26 17:52:38.904066,0,0.07,39.64,2,1
E0720,Ventilator,11,9.62,2024-12-13 17:52:38.904066,1,0.17,45.75,1,1
E0721,Ventilator,13,15.09,2025-04-17 17:52:38.904066,0,0.18,39.95,3,1
E0722,MRI,8,12.28,2024-10-19 17:52:38.904066,2,0.05,60.07,2,1
E0723,Ventilator,10,15.3,2024-11-23 17:52:38.904066,1,0.33,55.32,2,1
E0724,ECG,5,7.13,2024-11-28 17:52:38.904066,1,0.09,38.35,0,1
E0725,ECG,12,2.48,2024-11-25 17:52:38.904066,0,0.68,31.88,0,1
E0726,ECG,8,2.9,2024-09-29 17:52:38.904066,0,0.38,63.71,3,1
E0727,ECG,9,8.44,2024-08-16 17:52:38.904066,0,0.5,31.39,1,1
E0728,Ventilator,2,6.42,2024-09-06 17:52:38.904066,0,0.19,67.41,1,1
E0729,ECG,10,16.23,2025-02-15 17:52:38.904066,1,0.46,68.51,1,1
E0730,MRI,12,1.81,2025-04-11 17:52:38.904066,0,0.33,23.55,3,1
E0731,ECG,12,12.93,2025-07-10 17:52:38.904066,1,0.54,57.36,1,1
E0732,MRI,6,19.8,2025-01-28 17:52:38.904066,0,0.8,43.12,1,1
E0733,Ultrasound,15,3.2,2025-05-26 17:52:38.904066,0,0.35,42.22,1,1
E0734,MRI,5,5.59,2025-07-18 17:52:38.904066,0,0.75,29.16,2,1
E0735,MRI,1,1.2,2025-01-02 17:52:38.904066,1,0.63,22.39,2,1
E0736,ECG,9,10.59,2025-01-28 17:52:38.904066,0,0.65,67.67,2,1
E0737,MRI,6,12.11,2025-06-17 17:52:38.904066,0,0.01,38.4,0,0
E0738,MRI,1,15.42,2025-04-19 17:52:38.904066,0,0.14,33.76,1,0
E0739,MRI,7,10.85,2025-05-15 17:52:38.904066,1,0.34,33.14,3,0
E0740,ECG,4,18.94,2024-11-13 17:52:38.904066,0,0.63,49.16,4,1
E0741,Ventilator,7,1.66,2025-03-05 17:52:38.904066,0,0.16,39.93,1,0
E0742,ECG,9,19.89,2024-10-23 17:52:38.904066,0,0.59,61.46,1,1
E0743,MRI,15,15.9,2025-06-23 17:52:38.904066,0,0.47,52.06,2,1
E0744,MRI,2,0.78,2024-09-23 17:52:38.904066,0,0.58,65.93,3,1
E0745,ECG,7,7.52,2025-01-21 17:52:38.904066,1,0.76,20.21,1,1
E0746,ECG,9,7.58,2025-06-25 17:52:38.904066,1,0.48,69.48,2,1
E0747,Ultrasound,6,9.76,2025-06-30 17:52:38.904066,0,0.75,36.22,0,1
E0748,ECG,10,4.82,2024-12-22 17:52:38.904066,0,0.39,20.86,0,1
E0749,MRI,6,0.64,2024-11-03 17:52:38.904066,3,0.54,26.42,0,1
E0750,Ventilator,10,15.73,2025-06-15 17:52:38.904066,1,0.22,49.03,2,1
E0751,Ventilator,0,12.7,2025-03-01 17:52:38.904066,1,0.35,29.98,0,0
E0752,Ultrasound,6,0.37,2024-09-27 17:52:38.904066,1,0.73,52.87,2,1
E0753,Ventilator,6,18.06,2025-06-08 17:52:38.904066,1,0.03,61.51,1,1
E0754,MRI,0,2.73,2024-10-29 17:52:38.904066,4,0.16,22.47,0,1
E0755,ECG,13,9.29,2025-02-19 17:52:38.904066,1,0.03,47.13,0,1
E0756,Ultrasound,11,11.5,2025-05-28 17:52:38.904066,0,0.63,37.45,2,1
E0757,Ultrasound,4,7.7,2025-06-30 17:52:38.904066,1,0.29,33.33,4,1
E0758,MRI,0,8.34,2025-03-04 17:52:38.904066,1,0.23,32.54,0,0
E0759,ECG,8,16.84,2024-11-29 17:52:38.904066,1,0.29,33.97,4,1
E0760,ECG,8,18.91,2025-01-24 17:52:38.904066,1,0.74,67.15,1,1
E0761,Ultrasound,4,5.42,2024-12-06 17:52:38.904066,2,0.27,38.61,2,1
E0762,MRI,6,11.52,2024-12-24 17:52:38.904066,0,0.18,66.13,0,1
E0763,Ventilator,2,6.59,2025-04-24 17:52:38.904066,0,0.33,67.81,0,1
E0764,Ventilator,7,1.91,2024-08-20 17:52:38.904066,0,0.51,57.7,4,1
E0765,Ventilator,6,17.32,2024-09-03 17:52:38.904066,0,0.74,20.22,3,1
E0766,Ventilator,11,9.91,2025-02-05 17:52:38.904066,0,0.22,39.41,1,1
E0767,Ultrasound,8,10.64,2025-07-12 17:52:38.904066,0,0.62,43.05,3,1
E0768,Ventilator,5,1.41,2025-03-08 17:52:38.904066,0,0.43,59.7,1,0
E0769,ECG,5,11.65,2024-11-05 17:52:38.904066,2,0.76,25.09,1,1
E0770,ECG,5,5.15,2024-09-24 17:52:38.904066,0,0.01,59.75,2,1
E0771,ECG,6,8.2,2025-04-02 17:52:38.904066,3,0.12,52.35,1,1
E0772,Ventilator,4,6.91,2024-08-20 17:52:38.904066,3,0.56,68.46,5,1
E0773,Ultrasound,8,7.27,2025-01-11 17:52:38.904066,0,0.29,30.22,3,1
E0774,MRI,7,15.58,2025-07-11 17:52:38.904066,1,0.17,34.72,3,0
E0775,MRI,5,9.23,2024-11-27 17:52:38.904066,0,0.59,22.52,0,1
E0776,Ventilator,4,2.32,2024-10-31 17:52:38.904066,0,0.57,47.3,3,1
E0777,Ventilator,3,12.11,2025-05-28 17:52:38.904066,0,0.29,62.0,4,1
E0778,MRI,0,10.81,2024-11-06 17:52:38.904066,0,0.72,68.02,0,1
E0779,Ultrasound,5,11.02,2024-08-11 17:52:38.904066,1,0.41,56.14,0,1
E0780,Ultrasound,7,7.23,2024-10-08 17:52:38.904066,2,0.55,59.24,4,1
E0781,MRI,0,1.46,2025-05-19 17:52:38.904066,0,0.07,58.87,5,1
E0782,Ventilator,2,16.13,2024-09-02 17:52:38.904066,0,0.28,54.1,1,1
E0783,Ventilator,1,10.83,2025-06-14 17:52:38.904066,0,0.21,44.24,1,0
E0784,ECG,3,6.1,2024-11-29 17:52:38.904066,2,0.26,60.06,1,1
E0785,Ultrasound,4,16.41,2025-05-09 17:52:38.904066,0,0.17,42.62,0,1
E0786,ECG,9,0.59,2025-03-02 17:52:38.904066,0,0.19,66.99,1,1
E0787,ECG,3,13.43,2024-10-11 17:52:38.904066,1,0.26,32.52,1,1
E0788,MRI,2,16.99,2025-07-13 17:52:38.904066,1,0.39,58.7,2,1
E0789,MRI,0,13.32,2024-11-14 17:52:38.904066,0,0.59,50.98,1,1
E0790,Ventilator,5,17.81,2024-10-23 17:52:38.904066,0,0.73,62.99,4,1
E0791,Ventilator,8,8.86,2025-03-24 17:52:38.904066,2,0.11,20.47,1,0
E0792,ECG,8,14.07,2024-09-22 17:52:38.904066,2,0.19,46.07,1,1
E0793,MRI,8,5.42,2024-10-20 17:52:38.904066,0,0.29,39.47,3,1
E0794,Ventilator,5,5.84,2025-07-17 17:52:38.904066,0,0.28,65.79,2,1
E0795,MRI,6,10.25,2024-12-21 17:52:38.904066,2,0.02,60.57,2,1
E0796,MRI,5,11.64,2025-04-22 17:52:38.904066,0,0.71,68.86,2,1
E0797,MRI,0,4.0,2025-07-21 17:52:38.904066,1,0.11,47.19,2,0
E0798,ECG,4,13.35,2025-04-06 17:52:38.904066,0,0.72,42.74,3,1
E0799,Ventilator,11,10.46,2025-04-30 17:52:38.904066,0,0.62,68.78,3,1
E0800,MRI,15,4.51,2024-09-13 17:52:38.904066,1,0.57,30.1,1,1
E0801,ECG,7,6.56,2025-02-09 17:52:38.904066,1,0.61,25.74,1,1
E0802,Ventilator,0,8.96,2024-11-02 17:52:38.904066,0,0.35,21.22,2,1
E0803,Ventilator,4,7.9,2025-04-03 17:52:38.904066,1,0.1,39.56,0,0
E0804,MRI,9,8.52,2024-09-18 17:52:38.904066,2,0.24,29.65,3,1
E0805,Ultrasound,15,7.43,2024-11-29 17:52:38.904066,2,0.3,52.68,1,1
E0806,ECG,7,4.94,2024-12-01 17:52:38.904066,2,0.01,62.67,3,1
E0807,Ventilator,3,2.58,2025-01-04 17:52:38.904066,1,0.33,51.2,4,1
E0808,ECG,0,5.44,2025-04-07 17:52:38.904066,3,0.06,36.16,4,1
E0809,Ventilator,2,18.85,2025-07-16 17:52:38.904066,1,0.49,67.65,1,1
E0810,Ultrasound,8,15.47,2024-11-21 17:52:38.904066,0,0.5,45.06,5,1
E0811,Ultrasound,11,18.57,2024-09-14 17:52:38.904066,1,0.62,31.64,2,1
E0812,Ultrasound,0,16.94,2024-12-03 17:52:38.904066,1,0.27,28.48,1,1
E0813,ECG,11,18.9,2025-07-23 17:52:38.904066,1,0.0,21.98,1,1
E0814,Ventilator,0,18.34,2025-02-24 17:52:38.904066,2,0.15,66.32,2,1
E0815,Ventilator,0,12.05,2024-09-25 17:52:38.904066,1,0.26,55.82,1,1
E0816,Ventilator,9,18.79,2025-01-13 17:52:38.904066,0,0.68,44.88,2,1
E0817,MRI,3,4.15,2024-08-29 17:52:38.904066,1,0.25,49.2,1,1
E0818,MRI,6,18.08,2024-11-15 17:52:38.904066,0,0.21,34.23,1,1
E0819,ECG,13,11.6,2024-09-26 17:52:38.904066,0,0.55,55.89,2,1
E0820,ECG,8,16.81,2025-06-26 17:52:38.904066,0,0.52,34.9,1,1
E0821,ECG,9,2.67,2025-07-20 17:52:38.904066,1,0.01,65.68,1,1
E0822,MRI,9,18.49,2025-05-14 17:52:38.904066,1,0.74,24.55,2,1
E0823,Ultrasound,4,16.27,2025-02-01 17:52:38.904066,1,0.59,45.26,2,1
E0824,Ultrasound,0,11.39,2024-10-16 17:52:38.904066,0,0.38,47.37,2,1
E0825,Ventilator,6,12.92,2024-09-14 17:52:38.904066,1,0.26,38.14,2,1
E0826,Ultrasound,9,16.61,2025-04-27 17:52:38.904066,0,0.67,31.8,1,1
E0827,MRI,2,18.7,2024-10-27 17:52:38.904066,2,0.26,40.0,1,1
E0828,Ultrasound,7,7.94,2025-01-19 17:52:38.904066,0,0.67,41.35,2,1
E0829,Ultrasound,11,0.51,2024-09-25 17:52:38.904066,2,0.32,50.93,1,1
E0830,Ultrasound,4,19.6,2025-02-08 17:52:38.904066,0,0.23,49.42,2,1
E0831,ECG,0,14.03,2024-10-30 17:52:38.904066,0,0.27,68.37,1,1
E0832,ECG,0,4.95,2024-10-03 17:52:38.904066,1,0.44,36.71,1,1
E0833,ECG,1,0.25,2024-11-30 17:52:38.904066,0,0.3,21.88,1,1
E0834,Ultrasound,0,11.36,2025-04-06 17:52:38.904066,0,0.19,37.53,2,0
E0835,Ventilator,0,8.11,2024-09-18 17:52:38.904066,3,0.39,28.88,3,1
E0836,Ultrasound,9,18.43,2025-05-28 17:52:38.904066,0,0.63,56.5,0,1
E0837,ECG,9,19.59,2024-11-18 17:52:38.904066,2,0.66,41.97,4,1
E0838,MRI,0,8.73,2024-11-05 17:52:38.904066,0,0.76,31.67,1,1
E0839,Ultrasound,9,4.71,2024-08-12 17:52:38.904066,0,0.67,25.01,1,1
E0840,Ultrasound,4,6.13,2025-04-15 17:52:38.904066,2,0.56,64.37,1,1
E0841,Ultrasound,8,17.34,2024-12-25 17:52:38.904066,0,0.66,25.28,2,1
E0842,Ventilator,4,3.05,2024-11-05 17:52:38.904066,0,0.22,42.75,1,1
E0843,ECG,9,3.47,2025-05-08 17:52:38.904066,0,0.26,20.92,1,1
E0844,Ultrasound,7,17.03,2025-05-06 17:52:38.904066,0,0.49,63.38,1,1
E0845,Ultrasound,2,15.39,2024-09-23 17:52:38.904066,4,0.78,32.91,1,1
E0846,Ventilator,0,8.27,2024-11-04 17:52:38.904066,2,0.06,44.02,2,1
E0847,ECG,0,19.7,2024-12-15 17:52:38.904066,0,0.16,33.01,3,1
E0848,Ultrasound,9,16.3,2024-09-19 17:52:38.904066,0,0.17,25.59,3,1
E0849,Ultrasound,0,14.0,2025-08-03 17:52:38.904066,0,0.1,57.65,0,0
E0850,Ventilator,4,4.88,2024-09-18 17:52:38.904066,1,0.06,60.35,1,1
E0851,ECG,5,5.42,2024-11-24 17:52:38.904066,2,0.29,58.36,2,1
E0852,Ultrasound,9,6.1,2025-03-17 17:52:38.904066,0,0.09,32.02,1,1
E0853,ECG,4,14.1,2025-02-06 17:52:38.904066,0,0.63,50.49,1,1
E0854,ECG,1,17.08,2024-08-15 17:52:38.904066,0,0.15,47.56,2,1
E0855,Ultrasound,1,17.36,2024-09-07 17:52:38.904066,1,0.14,32.26,1,1
E0856,ECG,8,17.42,2024-10-25 17:52:38.904066,0,0.69,48.08,1,1
E0857,ECG,3,17.71,2025-07-12 17:52:38.904066,3,0.57,57.72,0,1
E0858,Ventilator,3,16.62,2025-05-13 17:52:38.904066,2,0.06,48.21,0,1
E0859,MRI,9,16.09,2024-12-07 17:52:38.904066,1,0.34,48.73,1,1
E0860,MRI,14,16.09,2024-12-11 17:52:38.904066,2,0.66,61.45,1,1
E0861,Ultrasound,3,5.25,2024-09-04 17:52:38.904066,1,0.64,45.98,0,1
E0862,ECG,3,11.8,2025-01-12 17:52:38.904066,2,0.51,67.29,0,1
E0863,ECG,4,17.72,2024-12-24 17:52:38.904066,0,0.57,52.4,2,1
E0864,MRI,6,10.16,2025-06-05 17:52:38.904066,1,0.38,28.82,4,1
E0865,ECG,0,15.25,2024-11-24 17:52:38.904066,1,0.22,46.04,1,1
E0866,MRI,9,13.19,2024-11-13 17:52:38.904066,1,0.41,50.92,1,1
E0867,MRI,0,4.17,2025-05-29 17:52:38.904066,1,0.66,61.24,1,1
E0868,ECG,11,9.21,2025-06-29 17:52:38.904066,0,0.32,37.25,1,1
E0869,Ventilator,5,17.2,2025-07-29 17:52:38.904066,0,0.29,34.17,1,1
E0870,MRI,7,19.62,2025-01-27 17:52:38.904066,1,0.42,27.14,0,1
E0871,ECG,13,1.01,2024-08-14 17:52:38.904066,0,0.19,42.74,1,1
E0872,Ultrasound,2,6.23,2024-09-19 17:52:38.904066,1,0.01,48.23,2,1
E0873,MRI,4,2.52,2024-08-30 17:52:38.904066,1,0.46,68.04,2,1
E0874,ECG,0,10.77,2024-09-28 17:52:38.904066,0,0.15,57.36,4,1
E0875,Ventilator,2,15.12,2024-09-10 17:52:38.904066,0,0.73,25.67,2,1
E0876,Ventilator,0,18.04,2025-07-28 17:52:38.904066,1,0.03,42.79,0,1
E0877,Ventilator,7,9.94,2024-10-08 17:52:38.904066,2,0.11,38.48,1,1
E0878,Ultrasound,2,14.48,2024-11-11 17:52:38.904066,1,0.19,60.72,1,1
E0879,MRI,1,9.94,2025-04-22 17:52:38.904066,1,0.14,20.35,2,0
E0880,Ventilator,2,18.8,2025-03-15 17:52:38.904066,0,0.29,33.8,1,1
E0881,Ventilator,0,10.24,2025-03-04 17:52:38.904066,2,0.63,58.7,1,1
E0882,MRI,6,2.48,2025-03-13 17:52:38.904066,0,0.79,26.66,0,1
E0883,ECG,8,14.86,2024-11-18 17:52:38.904066,1,0.71,65.23,2,1
E0884,Ventilator,9,10.86,2024-10-14 17:52:38.904066,0,0.26,45.33,1,1
E0885,Ultrasound,0,6.24,2024-10-15 17:52:38.904066,0,0.72,43.69,1,1
E0886,MRI,7,6.41,2025-01-19 17:52:38.904066,1,0.23,41.92,1,1
E0887,ECG,8,18.43,2025-07-23 17:52:38.904066,4,0.43,27.57,3,1
E0888,Ventilator,8,1.54,2025-05-09 17:52:38.904066,1,0.64,46.55,2,1
E0889,Ultrasound,5,10.71,2025-02-16 17:52:38.904066,2,0.74,36.66,3,1
E0890,Ultrasound,12,13.0,2024-11-06 17:52:38.904066,2,0.23,53.49,2,1
E0891,Ventilator,0,11.27,2024-09-08 17:52:38.904066,0,0.43,55.7,2,1
E0892,MRI,2,7.7,2025-05-02 17:52:38.904066,0,0.17,65.99,3,1
E0893,Ventilator,6,13.76,2025-02-24 17:52:38.904066,0,0.34,20.29,4,1
E0894,MRI,1,7.43,2024-10-05 17:52:38.904066,0,0.73,61.88,3,1
E0895,MRI,3,6.17,2025-07-16 17:52:38.904066,1,0.62,41.76,2,1
E0896,ECG,10,14.85,2024-12-10 17:52:38.904066,0,0.19,45.71,2,1
E0897,ECG,2,5.42,2024-10-31 17:52:38.904066,0,0.71,42.35,0,1
E0898,MRI,4,4.08,2025-04-22 17:52:38.904066,2,0.65,33.51,2,1
E0899,Ultrasound,1,6.83,2024-08-26 17:52:38.904066,1,0.71,67.35,0,1
E0900,MRI,0,0.05,2024-11-21 17:52:38.904066,0,0.22,54.54,3,1
E0901,MRI,11,19.34,2024-09-24 17:52:38.904066,1,0.44,57.0,2,1
E0902,MRI,8,11.88,2024-09-07 17:52:38.904066,2,0.19,31.87,1,1
E0903,MRI,9,17.06,2024-12-05 17:52:38.904066,0,0.46,49.31,4,1
E0904,MRI,6,9.57,2025-04-13 17:52:38.904066,0,0.3,60.11,2,1
E0905,MRI,3,7.6,2024-09-20 17:52:38.904066,1,0.58,28.93,0,1
E0906,MRI,1,9.48,2024-09-03 17:52:38.904066,1,0.38,27.12,1,1
E0907,ECG,10,8.94,2025-02-02 17:52:38.904066,0,0.37,48.45,2,1
E0908,Ultrasound,1,10.41,2025-05-05 17:52:38.904066,0,0.38,28.99,0,0
E0909,Ventilator,0,11.45,2024-11-20 17:52:38.904066,1,0.03,36.02,2,1
E0910,Ventilator,10,10.17,2024-09-22 17:52:38.904066,1,0.09,55.6,3,1
E0911,Ventilator,8,10.87,2024-10-04 17:52:38.904066,0,0.41,61.7,0,1
E0912,MRI,9,17.11,2025-03-20 17:52:38.904066,1,0.76,43.1,3,1
E0913,Ultrasound,0,4.74,2024-12-27 17:52:38.904066,0,0.42,56.08,1,1
E0914,Ventilator,2,18.42,2025-07-20 17:52:38.904066,0,0.47,51.16,0,1
E0915,ECG,6,4.1,2025-03-13 17:52:38.904066,0,0.04,39.93,4,1
E0916,ECG,2,4.22,2024-08-28 17:52:38.904066,1,0.33,42.6,0,1
E0917,ECG,0,7.98,2024-11-02 17:52:38.904066,1,0.8,62.51,3,1
E0918,Ventilator,9,14.77,2025-06-08 17:52:38.904066,0,0.19,30.47,4,1
E0919,Ventilator,6,19.9,2025-06-24 17:52:38.904066,1,0.62,53.59,0,1
E0920,ECG,7,17.58,2024-11-15 17:52:38.904066,0,0.66,42.83,2,1
E0921,Ventilator,4,19.01,2024-10-18 17:52:38.904066,2,0.58,35.95,0,1
E0922,Ultrasound,15,1.53,2024-10-09 17:52:38.904066,0,0.38,56.67,3,1
E0923,Ventilator,0,12.69,2025-02-10 17:52:38.904066,0,0.23,59.71,1,0
E0924,ECG,14,17.16,2025-04-14 17:52:38.904066,0,0.49,66.15,1,1
E0925,Ultrasound,0,9.62,2025-08-04 17:52:38.904066,1,0.42,69.49,0,1
E0926,ECG,6,0.12,2024-10-26 17:52:38.904066,1,0.45,31.81,2,1
E0927,MRI,0,16.15,2024-09-12 17:52:38.904066,1,0.03,36.62,1,1
E0928,MRI,10,7.2,2025-05-17 17:52:38.904066,1,0.06,43.21,1,1
E0929,ECG,7,8.93,2024-08-24 17:52:38.904066,0,0.75,22.21,3,1
E0930,Ultrasound,3,18.97,2025-02-27 17:52:38.904066,1,0.74,54.52,0,1
E0931,MRI,9,17.22,2024-10-06 17:52:38.904066,1,0.06,43.73,3,1
E0932,MRI,3,3.55,2025-04-01 17:52:38.904066,0,0.12,29.08,3,0
E0933,Ventilator,7,17.86,2024-12-29 17:52:38.904066,1,0.56,61.48,1,1
E0934,Ventilator,2,13.17,2025-01-19 17:52:38.904066,1,0.3,39.02,0,1
E0935,ECG,10,12.41,2024-10-21 17:52:38.904066,0,0.24,27.03,1,1
E0936,MRI,6,18.5,2025-03-31 17:52:38.904066,2,0.13,42.53,1,1
E0937,Ultrasound,2,2.29,2024-12-06 17:52:38.904066,1,0.0,28.13,0,1
E0938,MRI,7,13.76,2024-09-07 17:52:38.904066,2,0.7,41.09,3,1
E0939,ECG,7,14.54,2024-09-29 17:52:38.904066,2,0.35,20.33,4,1
E0940,Ventilator,6,15.92,2024-09-02 17:52:38.904066,0,0.48,31.6,2,1
E0941,MRI,4,13.56,2025-07-11 17:52:38.904066,0,0.25,30.22,2,0
E0942,MRI,2,16.25,2025-05-22 17:52:38.904066,0,0.77,42.05,2,1
E0943,MRI,10,3.03,2024-12-05 17:52:38.904066,1,0.69,48.71,1,1
E0944,Ultrasound,7,16.78,2024-12-23 17:52:38.904066,1,0.32,65.65,3,1
E0945,ECG,0,7.07,2024-11-22 17:52:38.904066,0,0.6,33.78,1,1
E0946,ECG,8,14.55,2024-11-28 17:52:38.904066,0,0.58,20.65,2,1
E0947,Ultrasound,3,3.41,2025-02-19 17:52:38.904066,1,0.2,47.46,0,0
E0948,ECG,14,7.65,2025-03-25 17:52:38.904066,1,0.21,34.86,0,1
E0949,Ultrasound,4,1.06,2025-01-26 17:52:38.904066,0,0.09,53.77,2,1
E0950,Ultrasound,2,7.29,2025-05-04 17:52:38.904066,1,0.5,69.71,1,1
E0951,Ultrasound,4,15.7,2025-05-23 17:52:38.904066,0,0.08,66.24,2,1
E0952,MRI,7,3.92,2025-06-01 17:52:38.904066,0,0.67,60.09,3,1
E0953,Ventilator,4,15.58,2024-12-17 17:52:38.904066,1,0.79,47.55,2,1
E0954,ECG,7,9.05,2025-01-07 17:52:38.904066,1,0.16,43.74,2,1
E0955,Ultrasound,6,5.82,2024-11-30 17:52:38.904066,0,0.67,50.45,6,1
E0956,ECG,0,12.0,2024-12-17 17:52:38.904066,1,0.1,31.94,2,1
E0957,MRI,8,12.48,2024-10-24 17:52:38.904066,1,0.22,64.5,1,1
E0958,ECG,2,15.76,2024-12-06 17:52:38.904066,2,0.11,36.1,2,1
E0959,Ventilator,0,13.48,2025-08-05 17:52:38.904066,0,0.36,40.71,1,0
E0960,Ventilator,9,16.13,2025-04-04 17:52:38.904066,1,0.67,50.24,1,1
E0961,ECG,5,6.34,2025-02-24 17:52:38.904066,1,0.69,39.76,4,1
E0962,ECG,0,14.91,2024-12-27 17:52:38.904066,1,0.07,55.22,1,1
E0963,Ventilator,10,7.09,2025-04-24 17:52:38.904066,0,0.35,44.33,1,1
E0964,MRI,4,16.61,2025-01-18 17:52:38.904066,0,0.02,39.11,2,1
E0965,ECG,0,5.47,2024-12-27 17:52:38.904066,0,0.48,28.93,2,1
E0966,Ventilator,3,14.92,2025-02-24 17:52:38.904066,1,0.45,20.04,1,0
E0967,Ultrasound,0,14.88,2025-08-03 17:52:38.904066,0,0.36,52.2,3,0
E0968,Ultrasound,3,0.34,2024-11-14 17:52:38.904066,3,0.19,35.55,3,1
E0969,Ultrasound,3,1.06,2024-11-07 17:52:38.904066,0,0.59,38.94,1,1
E0970,ECG,4,17.74,2025-08-03 17:52:38.904066,0,0.04,63.59,3,1
E0971,Ultrasound,0,19.35,2024-10-08 17:52:38.904066,1,0.32,59.26,0,1
E0972,MRI,11,0.57,2025-02-28 17:52:38.904066,1,0.18,42.47,0,1
E0973,Ventilator,8,2.72,2025-07-12 17:52:38.904066,0,0.54,44.86,1,0
E0974,Ultrasound,4,17.92,2024-09-01 17:52:38.904066,2,0.8,27.39,2,1
E0975,Ventilator,7,9.56,2024-11-05 17:52:38.904066,1,0.25,51.04,4,1
E0976,MRI,5,5.13,2025-05-05 17:52:38.904066,0,0.66,35.16,3,1
E0977,ECG,6,9.83,2025-02-16 17:52:38.904066,0,0.12,35.76,2,0
E0978,Ventilator,0,5.71,2025-01-13 17:52:38.904066,1,0.58,55.1,3,1
E0979,MRI,6,5.93,2025-01-10 17:52:38.904066,1,0.34,60.09,0,1
E0980,Ultrasound,7,0.68,2025-06-18 17:52:38.904066,0,0.61,58.68,1,1
E0981,MRI,0,9.25,2024-11-20 17:52:38.904066,0,0.68,21.41,1,1
E0982,ECG,8,15.36,2025-07-16 17:52:38.904066,0,0.56,62.96,2,1
E0983,ECG,4,8.04,2024-10-26 17:52:38.904066,1,0.44,23.62,0,1
E0984,Ventilator,0,7.98,2025-01-27 17:52:38.904066,0,0.45,39.8,0,1
E0985,ECG,3,9.42,2025-05-31 17:52:38.904066,1,0.45,30.78,2,0
E0986,ECG,4,4.04,2025-01-07 17:52:38.904066,1,0.36,49.21,1,1
E0987,MRI,6,13.58,2025-03-30 17:52:38.904066,4,0.8,34.95,0,1
E0988,Ultrasound,13,10.48,2025-06-17 17:52:38.904066,1,0.4,43.57,1,1
E0989,Ultrasound,8,9.09,2025-07-04 17:52:38.904066,0,0.6,24.35,0,0
E0990,Ultrasound,3,5.6,2025-01-01 17:52:38.904066,0,0.47,69.1,1,1
E0991,Ventilator,11,14.0,2025-06-10 17:52:38.904066,0,0.39,45.31,1,1
E0992,Ventilator,7,12.37,2025-05-17 17:52:38.904066,2,0.56,33.2,2,0
E0993,Ultrasound,2,0.78,2025-03-18 17:52:38.904066,1,0.09,20.68,3,0
E0994,ECG,7,14.17,2025-03-13 17:52:38.904066,1,0.22,49.35,2,0
E0995,Ultrasound,12,8.46,2025-05-17 17:52:38.904066,1,0.68,67.61,1,1
E0996,Ventilator,6,14.76,2025-01-05 17:52:38.904066,2,0.77,35.71,0,1
E0997,Ultrasound,14,4.91,2025-02-19 17:52:38.904066,1,0.79,58.84,2,1
E0998,ECG,6,16.08,2025-04-23 17:52:38.904066,0,0.62,67.93,2,1
E0999,Ventilator,7,17.32,2025-07-17 17:52:38.904066,1,0.46,26.24,1,1
E1000,Ventilator,8,12.47,2025-07-05 17:52:38.904066,0,0.24,63.72,1,1
E1001,Ventilator,0,11.83,2025-07-17 17:52:38.904066,0,0.54,47.96,1,0
E1002,Ultrasound,10,6.78,2025-07-20 17:52:38.904066,2,0.56,46.8,0,1
E1003,ECG,8,0.81,2025-04-09 17:52:38.904066,2,0.47,46.33,0,0
E1004,MRI,0,19.03,2024-12-31 17:52:38.904066,0,0.59,51.61,2,1
E1005,ECG,1,17.65,2024-11-27 17:52:38.904066,1,0.57,44.7,4,1
E1006,MRI,6,11.71,2024-09-06 17:52:38.904066,0,0.62,50.83,2,1
E1007,MRI,12,4.18,2024-09-25 17:52:38.904066,0,0.02,49.75,0,1
E1008,Ultrasound,5,12.19,2025-01-20 17:52:38.904066,0,0.56,36.83,2,1
E1009,Ventilator,6,4.99,2025-05-28 17:52:38.904066,2,0.37,32.85,1,0
E1010,Ventilator,9,5.95,2025-04-21 17:52:38.904066,1,0.33,20.94,2,1
E1011,Ventilator,3,17.92,2024-10-09 17:52:38.904066,0,0.6,68.69,4,1
E1012,ECG,3,5.3,2025-07-06 17:52:38.904066,1,0.49,59.08,1,0
E1013,MRI,5,17.94,2025-05-11 17:52:38.904066,0,0.39,33.67,0,1
E1014,Ultrasound,5,10.11,2025-05-22 17:52:38.904066,1,0.05,62.27,0,1
E1015,Ventilator,4,9.43,2025-03-13 17:52:38.904066,1,0.61,38.53,1,1
E1016,Ultrasound,15,0.52,2024-10-03 17:52:38.904066,3,0.67,31.25,1,1
E1017,Ultrasound,13,2.69,2024-10-10 17:52:38.904066,0,0.48,33.46,0,1
E1018,ECG,4,0.28,2025-07-19 17:52:38.904066,1,0.02,55.12,1,0
E1019,Ultrasound,6,0.29,2024-09-28 17:52:38.904066,2,0.55,69.91,0,1
E1020,Ventilator,3,6.7,2025-01-10 17:52:38.904066,0,0.18,27.1,1,1
E1021,ECG,2,17.51,2024-09-07 17:52:38.904066,0,0.54,27.66,1,1
E1022,Ventilator,1,11.84,2024-12-16 17:52:38.904066,1,0.67,56.79,1,1
E1023,Ventilator,4,19.64,2024-12-29 17:52:38.904066,1,0.04,67.2,1,1
E1024,Ventilator,8,5.95,2024-12-17 17:52:38.904066,1,0.62,52.55,2,1
E1025,Ultrasound,2,3.07,2025-05-27 17:52:38.904066,0,0.1,57.78,3,0
E1026,Ultrasound,8,10.37,2024-08-11 17:52:38.904066,0,0.31,51.64,1,1
E1027,Ventilator,1,6.04,2024-12-29 17:52:38.904066,3,0.68,30.99,2,1
E1028,MRI,9,3.22,2024-09-07 17:52:38.904066,0,0.8,67.08,4,1
E1029,Ventilator,0,9.6,2025-01-23 17:52:38.904066,0,0.59,56.68,0,1
E1030,Ventilator,6,5.98,2025-03-19 17:52:38.904066,0,0.7,49.87,3,1
E1031,MRI,6,14.85,2024-10-02 17:52:38.904066,2,0.2,56.01,1,1
E1032,Ventilator,6,3.3,2024-10-22 17:52:38.904066,0,0.78,21.64,3,1
E1033,Ventilator,1,7.18,2024-09-10 17:52:38.904066,0,0.25,41.94,3,1
E1034,Ventilator,7,17.89,2024-10-31 17:52:38.904066,0,0.55,25.35,1,1
E1035,MRI,4,1.31,2024-08-10 17:52:38.904066,0,0.63,60.7,2,1
E1036,Ultrasound,7,13.41,2024-08-26 17:52:38.904066,1,0.72,69.28,0,1
E1037,Ventilator,3,9.4,2025-06-19 17:52:38.904066,2,0.33,33.31,0,0
E1038,ECG,0,0.55,2025-05-16 17:52:38.904066,1,0.48,26.61,1,0
E1039,ECG,7,15.25,2024-08-29 17:52:38.904066,2,0.29,63.82,1,1
E1040,MRI,7,16.09,2025-04-29 17:52:38.904066,0,0.8,68.05,4,1
E1041,Ultrasound,0,3.1,2025-05-01 17:52:38.904066,0,0.55,68.35,1,1
E1042,MRI,7,16.38,2024-11-08 17:52:38.904066,0,0.08,20.28,2,1
E1043,MRI,3,4.2,2024-12-18 17:52:38.904066,3,0.61,45.29,2,1
E1044,MRI,4,15.37,2024-09-29 17:52:38.904066,0,0.62,42.88,2,1
E1045,Ultrasound,7,19.69,2025-06-27 17:52:38.904066,2,0.79,54.23,2,1
E1046,Ultrasound,9,13.9,2025-08-01 17:52:38.904066,0,0.6,67.05,3,1
E1047,Ultrasound,5,5.84,2024-08-09 17:52:38.904066,0,0.65,23.23,0,1
E1048,ECG,4,9.31,2025-03-09 17:52:38.904066,1,0.46,54.8,2,0
E1049,ECG,4,16.15,2025-07-28 17:52:38.904066,1,0.28,20.39,1,1
E1050,ECG,0,0.34,2024-08-30 17:52:38.904066,1,0.14,51.18,2,1
E1051,Ultrasound,7,14.81,2025-01-07 17:52:38.904066,1,0.51,51.3,2,1
E1052,Ventilator,3,2.08,2024-10-24 17:52:38.904066,0,0.75,36.72,0,1
E1053,ECG,3,9.0,2024-09-10 17:52:38.904066,1,0.19,67.59,1,1
E1054,Ventilator,7,4.07,2025-03-18 17:52:38.904066,1,0.03,59.72,2,0
E1055,Ventilator,6,11.55,2025-03-04 17:52:38.904066,0,0.79,21.03,1,1
E1056,Ventilator,2,18.05,2024-11-30 17:52:38.904066,0,0.53,32.91,2,1
E1057,Ultrasound,8,12.75,2025-05-03 17:52:38.904066,2,0.28,39.58,3,0
E1058,MRI,4,19.53,2025-03-26 17:52:38.904066,1,0.04,38.3,5,1
E1059,MRI,0,19.1,2025-04-09 17:52:38.904066,1,0.69,35.85,0,1
E1060,ECG,2,14.31,2025-01-06 17:52:38.904066,0,0.28,67.03,3,1
E1061,MRI,5,18.02,2024-12-29 17:52:38.904066,1,0.39,67.53,4,1
E1062,Ultrasound,2,9.65,2025-03-12 17:52:38.904066,0,0.4,68.3,1,1
E1063,MRI,6,4.05,2025-07-14 17:52:38.904066,3,0.31,57.8,3,1
E1064,ECG,7,12.96,2024-09-21 17:52:38.904066,0,0.37,41.89,2,1
E1065,MRI,6,17.12,2025-01-13 17:52:38.904066,0,0.47,50.99,2,1
E1066,Ventilator,6,3.27,2025-01-26 17:52:38.904066,2,0.32,64.5,4,1
E1067,ECG,5,10.84,2024-09-16 17:52:38.904066,0,0.37,59.29,2,1
E1068,Ventilator,7,10.06,2024-08-28 17:52:38.904066,0,0.36,37.3,2,1
E1069,Ventilator,14,19.91,2025-03-30 17:52:38.904066,0,0.08,35.19,1,1
E1070,Ultrasound,7,4.13,2025-01-28 17:52:38.904066,0,0.65,57.21,3,1
E1071,MRI,6,3.68,2025-02-24 17:52:38.904066,1,0.32,33.75,1,0
E1072,Ventilator,5,3.47,2024-10-28 17:52:38.904066,1,0.57,69.01,2,1
E1073,Ventilator,7,3.66,2024-10-12 17:52:38.904066,0,0.2,20.67,2,1
E1074,Ventilator,10,0.18,2024-12-14 17:52:38.904066,1,0.41,32.95,2,1
E1075,ECG,4,14.99,2024-12-11 17:52:38.904066,2,0.48,44.87,2,1
E1076,ECG,4,1.43,2025-04-07 17:52:38.904066,0,0.51,45.3,1,0
E1077,Ventilator,3,5.79,2025-01-30 17:52:38.904066,0,0.55,33.51,1,1
E1078,Ultrasound,9,11.91,2024-08-18 17:52:38.904066,1,0.36,38.33,0,1
E1079,Ultrasound,12,10.39,2025-03-15 17:52:38.904066,0,0.49,40.07,1,1
E1080,MRI,4,7.41,2024-08-13 17:52:38.904066,1,0.72,25.98,2,1
E1081,MRI,5,2.64,2025-02-08 17:52:38.904066,0,0.06,60.79,1,1
E1082,Ventilator,0,6.71,2025-03-11 17:52:38.904066,1,0.04,49.4,0,0
E1083,Ultrasound,5,17.26,2024-11-27 17:52:38.904066,2,0.12,43.29,1,1
E1084,Ventilator,0,14.02,2024-11-01 17:52:38.904066,0,0.76,66.95,3,1
E1085,Ultrasound,6,19.12,2025-07-29 17:52:38.904066,0,0.26,31.22,2,1
E1086,ECG,2,15.16,2025-06-17 17:52:38.904066,2,0.31,69.51,0,1
E1087,Ultrasound,9,14.78,2024-12-14 17:52:38.904066,2,0.59,66.43,0,1
E1088,Ultrasound,3,5.68,2025-01-15 17:52:38.904066,2,0.01,68.39,2,1
E1089,Ultrasound,3,15.93,2025-06-24 17:52:38.904066,0,0.24,30.55,0,0
E1090,ECG,9,5.1,2024-09-04 17:52:38.904066,0,0.26,59.26,2,1
E1091,MRI,5,0.07,2024-08-20 17:52:38.904066,0,0.62,48.36,2,1
E1092,Ventilator,7,10.22,2024-11-15 17:52:38.904066,0,0.76,49.48,1,1
E1093,Ventilator,11,13.75,2025-03-22 17:52:38.904066,0,0.57,28.43,1,1
E1094,Ultrasound,10,7.52,2024-12-17 17:52:38.904066,0,0.4,42.14,2,1
E1095,Ultrasound,0,18.02,2025-04-28 17:52:38.904066,1,0.14,23.15,0,1
E1096,MRI,9,10.51,2025-04-06 17:52:38.904066,0,0.48,57.75,0,1
E1097,ECG,13,17.36,2024-11-20 17:52:38.904066,0,0.35,52.4,1,1
E1098,MRI,5,15.06,2024-11-03 17:52:38.904066,4,0.02,61.99,3,1
E1099,Ventilator,8,16.3,2024-11-05 17:52:38.904066,1,0.28,23.96,2,1
E1100,ECG,3,8.05,2025-07-15 17:52:38.904066,1,0.74,52.29,1,1
E1101,Ventilator,8,5.49,2024-11-24 17:52:38.904066,0,0.59,22.6,3,1
E1102,Ventilator,6,17.34,2025-05-23 17:52:38.904066,1,0.46,60.35,1,1
E1103,Ventilator,3,2.69,2025-01-03 17:52:38.904066,2,0.44,32.5,0,1
E1104,MRI,1,17.69,2024-10-24 17:52:38.904066,1,0.31,34.95,1,1
E1105,MRI,12,8.79,2024-11-23 17:52:38.904066,2,0.65,53.52,0,1
E1106,Ultrasound,5,8.22,2024-10-03 17:52:38.904066,1,0.66,36.78,0,1
E1107,Ultrasound,10,7.84,2024-09-23 17:52:38.904066,1,0.68,41.69,0,1
E1108,Ultrasound,10,0.94,2025-06-16 17:52:38.904066,1,0.36,30.41,2,1
E1109,Ventilator,8,0.34,2025-07-27 17:52:38.904066,1,0.51,27.34,2,0
E1110,MRI,4,8.89,2025-05-29 17:52:38.904066,0,0.07,50.76,2,0
E1111,Ultrasound,6,17.82,2025-07-20 17:52:38.904066,0,0.7,54.77,2,1
E1112,Ventilator,4,0.3,2025-03-23 17:52:38.904066,0,0.73,39.28,1,1
E1113,Ventilator,3,5.8,2025-03-28 17:52:38.904066,0,0.37,67.27,1,1
E1114,ECG,7,9.56,2024-12-17 17:52:38.904066,0,0.12,24.94,3,1
E1115,MRI,6,1.58,2024-08-23 17:52:38.904066,0,0.43,22.03,2,1
E1116,ECG,9,0.99,2025-01-29 17:52:38.904066,1,0.39,47.84,2,1
E1117,Ventilator,4,4.56,2025-05-28 17:52:38.904066,1,0.43,30.97,2,0
E1118,Ventilator,7,2.48,2025-01-28 17:52:38.904066,3,0.02,44.39,1,1
E1119,MRI,5,12.74,2024-11-06 17:52:38.904066,0,0.01,53.94,3,1
E1120,ECG,6,5.49,2025-05-20 17:52:38.904066,0,0.77,30.04,0,1
E1121,MRI,2,15.76,2025-03-25 17:52:38.904066,0,0.75,26.6,0,1
E1122,Ventilator,11,13.4,2025-06-16 17:52:38.904066,2,0.65,46.53,0,1
E1123,Ultrasound,10,4.09,2025-03-08 17:52:38.904066,0,0.76,44.33,3,1
E1124,MRI,10,15.95,2024-12-14 17:52:38.904066,0,0.38,44.73,1,1
E1125,MRI,8,11.56,2025-07-19 17:52:38.904066,1,0.71,23.25,1,1
E1126,Ultrasound,7,19.52,2024-09-12 17:52:38.904066,0,0.12,43.23,0,1
E1127,Ultrasound,3,5.58,2024-10-26 17:52:38.904066,1,0.38,24.85,2,1
E1128,Ventilator,2,11.77,2024-10-14 17:52:38.904066,0,0.42,21.41,1,1
E1129,ECG,5,3.6,2024-12-13 17:52:38.904066,2,0.29,49.7,1,1
E1130,ECG,5,4.94,2025-01-01 17:52:38.904066,2,0.68,25.53,3,1
E1131,MRI,6,16.07,2024-08-22 17:52:38.904066,2,0.46,30.32,2,1
E1132,Ventilator,7,7.47,2025-07-15 17:52:38.904066,1,0.09,21.34,1,0
E1133,ECG,5,6.72,2024-09-17 17:52:38.904066,0,0.54,59.11,1,1
E1134,Ultrasound,11,8.03,2025-07-20 17:52:38.904066,1,0.48,49.86,3,1
E1135,Ventilator,5,5.51,2024-10-08 17:52:38.904066,0,0.73,36.95,2,1
E1136,Ventilator,5,0.12,2024-11-16 17:52:38.904066,1,0.64,32.12,2,1
E1137,Ultrasound,4,2.85,2025-04-14 17:52:38.904066,1,0.44,56.0,1,0
E1138,MRI,4,3.3,2025-01-25 17:52:38.904066,1,0.64,61.41,3,1
E1139,Ultrasound,7,1.09,2025-05-12 17:52:38.904066,0,0.76,21.34,2,1
E1140,ECG,5,2.42,2025-06-11 17:52:38.904066,1,0.22,64.37,1,1
E1141,MRI,9,6.43,2024-11-04 17:52:38.904066,1,0.52,56.64,1,1
E1142,ECG,1,1.72,2024-10-20 17:52:38.904066,3,0.23,57.23,1,1
E1143,Ultrasound,5,15.77,2025-06-21 17:52:38.904066,1,0.33,29.79,0,0
E1144,Ventilator,8,1.6,2024-09-04 17:52:38.904066,1,0.65,53.58,2,1
E1145,Ventilator,4,3.84,2025-07-16 17:52:38.904066,2,0.3,21.73,4,1
E1146,Ultrasound,6,2.38,2024-09-29 17:52:38.904066,1,0.16,36.36,0,1
E1147,MRI,1,11.42,2025-07-10 17:52:38.904066,1,0.03,65.24,1,1
E1148,Ventilator,6,19.55,2025-01-05 17:52:38.904066,0,0.61,42.97,2,1
E1149,ECG,2,3.61,2025-01-22 17:52:38.904066,1,0.46,58.41,1,1
E1150,MRI,2,9.06,2025-07-08 17:52:38.904066,1,0.37,23.0,1,0
E1151,MRI,0,7.02,2024-10-21 17:52:38.904066,1,0.67,54.12,3,1
E1152,Ultrasound,7,6.4,2025-04-14 17:52:38.904066,1,0.65,42.69,0,1
E1153,ECG,5,14.24,2024-11-09 17:52:38.904066,1,0.39,42.62,2,1
E1154,Ventilator,4,18.49,2024-10-25 17:52:38.904066,2,0.68,25.93,3,1
E1155,ECG,10,16.35,2025-03-14 17:52:38.904066,2,0.32,22.97,2,1
E1156,MRI,2,6.75,2025-07-15 17:52:38.904066,0,0.1,60.64,1,1
E1157,MRI,6,6.3,2025-01-16 17:52:38.904066,1,0.18,39.7,2,1
E1158,ECG,9,19.63,2025-01-24 17:52:38.904066,1,0.57,60.63,1,1
E1159,ECG,10,13.67,2025-07-03 17:52:38.904066,0,0.71,49.04,1,1
E1160,Ultrasound,13,19.9,2025-01-14 17:52:38.904066,1,0.46,57.79,3,1
E1161,MRI,9,4.94,2025-01-24 17:52:38.904066,0,0.66,39.4,4,1
E1162,Ventilator,0,6.79,2024-12-01 17:52:38.904066,2,0.6,40.39,3,1
E1163,ECG,0,18.12,2024-11-10 17:52:38.904066,0,0.66,35.48,2,1
E1164,Ultrasound,6,19.83,2025-04-09 17:52:38.904066,0,0.37,22.42,0,1
E1165,Ultrasound,2,4.16,2025-05-06 17:52:38.904066,0,0.71,67.86,2,1
E1166,MRI,6,9.24,2025-06-06 17:52:38.904066,0,0.15,59.74,2,0
E1167,Ultrasound,7,10.39,2025-07-17 17:52:38.904066,1,0.57,60.86,5,1
E1168,Ultrasound,9,5.09,2025-02-13 17:52:38.904066,0,0.07,47.43,1,1
E1169,ECG,4,12.21,2024-12-11 17:52:38.904066,0,0.22,57.49,0,1
E1170,Ultrasound,3,10.23,2024-09-09 17:52:38.904066,2,0.69,45.61,2,1
E1171,Ventilator,9,7.62,2024-10-31 17:52:38.904066,0,0.22,63.11,3,1
E1172,Ultrasound,11,9.45,2025-02-22 17:52:38.904066,0,0.2,60.9,3,1
E1173,ECG,5,19.68,2024-12-01 17:52:38.904066,2,0.33,22.64,4,1
E1174,Ventilator,1,16.11,2025-03-02 17:52:38.904066,0,0.39,26.05,1,1
E1175,MRI,10,15.65,2024-10-29 17:52:38.904066,0,0.47,26.86,4,1
E1176,Ultrasound,6,14.61,2024-11-13 17:52:38.904066,0,0.5,27.56,1,1
E1177,Ventilator,5,5.85,2024-10-01 17:52:38.904066,0,0.46,34.05,2,1
E1178,MRI,0,8.09,2025-07-22 17:52:38.904066,0,0.22,30.86,1,0
E1179,MRI,10,19.63,2025-07-04 17:52:38.904066,2,0.78,44.15,2,1
E1180,MRI,6,3.77,2025-04-18 17:52:38.904066,1,0.33,40.0,5,1
E1181,Ventilator,10,15.83,2025-06-13 17:52:38.904066,2,0.45,20.62,0,1
E1182,MRI,6,8.26,2025-05-19 17:52:38.904066,1,0.04,27.71,2,0
E1183,Ventilator,1,9.53,2025-05-17 17:52:38.904066,2,0.44,36.8,1,0
E1184,MRI,0,2.54,2024-09-11 17:52:38.904066,0,0.32,38.64,2,1
E1185,ECG,4,7.19,2025-02-08 17:52:38.904066,0,0.12,57.82,4,1
E1186,ECG,5,14.62,2025-07-06 17:52:38.904066,0,0.34,22.0,1,0
E1187,Ventilator,5,0.55,2024-10-27 17:52:38.904066,0,0.38,54.42,2,1
E1188,ECG,0,9.16,2024-08-21 17:52:38.904066,0,0.61,64.2,0,1
E1189,MRI,3,19.8,2025-07-23 17:52:38.904066,0,0.44,30.6,2,1
E1190,Ultrasound,10,1.4,2025-05-06 17:52:38.904066,0,0.03,23.16,2,1
E1191,MRI,8,11.07,2025-01-10 17:52:38.904066,0,0.53,43.34,1,1
E1192,Ultrasound,8,4.55,2024-09-18 17:52:38.904066,0,0.52,51.22,2,1
E1193,Ventilator,6,2.45,2025-02-10 17:52:38.904066,0,0.03,64.65,5,1
E1194,ECG,1,1.07,2025-03-22 17:52:38.904066,3,0.07,34.31,2,1
E1195,ECG,2,9.99,2024-10-30 17:52:38.904066,1,0.59,44.91,2,1
E1196,Ventilator,12,5.38,2025-03-28 17:52:38.904066,0,0.37,43.36,0,1
E1197,Ventilator,5,6.9,2024-09-07 17:52:38.904066,0,0.76,40.67,0,1
E1198,ECG,4,17.82,2025-05-08 17:52:38.904066,1,0.62,41.17,2,1
E1199,Ventilator,12,6.5,2025-04-24 17:52:38.904066,2,0.5,26.59,1,1
E1200,MRI,7,18.94,2024-09-25 17:52:38.904066,1,0.02,63.53,2,1
E1201,Ventilator,4,2.78,2025-06-15 17:52:38.904066,0,0.17,61.43,2,1
E1202,Ventilator,7,14.79,2025-06-19 17:52:38.904066,0,0.1,25.86,0,0
E1203,Ventilator,4,7.96,2025-02-27 17:52:38.904066,1,0.33,25.31,2,0
E1204,MRI,0,1.9,2025-04-19 17:52:38.904066,0,0.03,64.28,3,1
E1205,Ventilator,2,17.29,2024-08-25 17:52:38.904066,0,0.27,21.21,1,1
E1206,MRI,11,19.42,2024-08-13 17:52:38.904066,1,0.55,37.46,1,1
E1207,Ventilator,11,13.47,2025-07-27 17:52:38.904066,2,0.4,34.03,1,1
E1208,Ultrasound,4,9.11,2024-10-29 17:52:38.904066,3,0.05,62.14,1,1
E1209,Ultrasound,6,0.46,2025-03-04 17:52:38.904066,0,0.44,59.28,2,0
E1210,MRI,0,6.07,2025-04-08 17:52:38.904066,1,0.02,61.78,1,1
E1211,Ventilator,8,14.81,2025-02-22 17:52:38.904066,0,0.06,52.09,2,0
E1212,MRI,4,11.17,2025-07-07 17:52:38.904066,1,0.32,23.53,1,0
E1213,ECG,0,10.52,2024-11-26 17:52:38.904066,1,0.75,42.67,3,1
E1214,MRI,1,5.61,2025-05-11 17:52:38.904066,1,0.27,42.09,1,0
E1215,MRI,5,15.59,2025-05-01 17:52:38.904066,1,0.7,37.83,2,1
E1216,Ultrasound,8,1.51,2024-10-12 17:52:38.904066,0,0.13,44.92,0,1
E1217,ECG,6,0.58,2025-03-24 17:52:38.904066,3,0.09,51.88,2,1
E1218,MRI,5,1.33,2025-04-18 17:52:38.904066,0,0.04,52.44,2,0
E1219,Ultrasound,7,7.85,2025-02-15 17:52:38.904066,0,0.37,32.25,0,0
E1220,Ultrasound,7,0.41,2024-10-27 17:52:38.904066,0,0.13,49.89,1,1
E1221,Ultrasound,3,8.53,2025-04-05 17:52:38.904066,0,0.62,56.78,2,1
E1222,Ultrasound,7,7.11,2024-08-20 17:52:38.904066,1,0.33,45.39,2,1
E1223,ECG,3,0.76,2024-10-01 17:52:38.904066,0,0.79,46.96,0,1
E1224,MRI,4,8.79,2024-09-21 17:52:38.904066,0,0.38,46.34,2,1
E1225,MRI,0,8.08,2024-09-04 17:52:38.904066,1,0.78,21.11,0,1
E1226,ECG,4,2.72,2025-04-17 17:52:38.904066,1,0.51,27.79,1,0
E1227,ECG,15,13.9,2024-11-20 17:52:38.904066,2,0.19,36.89,2,1
E1228,ECG,7,18.31,2025-04-15 17:52:38.904066,0,0.48,65.77,4,1
E1229,ECG,0,13.02,2025-02-08 17:52:38.904066,1,0.53,27.12,0,0
E1230,Ultrasound,13,6.3,2025-01-10 17:52:38.904066,1,0.07,31.45,1,1
E1231,Ultrasound,9,15.8,2024-09-19 17:52:38.904066,1,0.65,52.34,4,1
E1232,MRI,5,19.88,2024-12-31 17:52:38.904066,0,0.33,35.68,2,1
E1233,Ventilator,5,1.69,2025-04-29 17:52:38.904066,1,0.26,50.73,4,1
E1234,MRI,7,18.91,2025-07-24 17:52:38.904066,1,0.78,24.91,3,1
E1235,MRI,4,17.38,2025-07-08 17:52:38.904066,0,0.73,47.56,2,1
E1236,ECG,8,4.23,2024-09-23 17:52:38.904066,3,0.79,49.44,5,1
E1237,MRI,9,14.87,2024-10-17 17:52:38.904066,0,0.72,26.06,1,1
E1238,Ultrasound,7,2.28,2024-12-22 17:52:38.904066,1,0.05,21.76,2,1
E1239,MRI,3,6.71,2024-08-12 17:52:38.904066,0,0.27,69.05,3,1
E1240,MRI,6,6.54,2025-05-10 17:52:38.904066,2,0.17,24.47,3,0
E1241,Ventilator,3,13.57,2025-03-05 17:52:38.904066,0,0.47,21.2,2,0
E1242,Ventilator,6,9.97,2024-11-27 17:52:38.904066,0,0.74,39.9,2,1
E1243,Ultrasound,4,15.1,2024-12-21 17:52:38.904066,0,0.02,24.54,1,1
E1244,Ventilator,7,15.45,2025-03-18 17:52:38.904066,0,0.29,69.95,3,1
E1245,Ultrasound,6,4.48,2025-07-27 17:52:38.904066,2,0.6,37.22,2,0
E1246,MRI,8,4.41,2025-01-08 17:52:38.904066,2,0.27,69.15,1,1
E1247,MRI,1,19.24,2024-12-25 17:52:38.904066,0,0.46,29.02,3,1
E1248,MRI,3,4.27,2025-03-30 17:52:38.904066,1,0.58,43.01,3,0
E1249,MRI,13,16.47,2025-05-06 17:52:38.904066,0,0.52,61.1,1,1
E1250,Ultrasound,8,9.29,2025-06-12 17:52:38.904066,1,0.09,58.19,4,1
E1251,Ventilator,11,8.4,2024-12-06 17:52:38.904066,1,0.51,33.78,3,1
E1252,ECG,0,10.67,2024-09-23 17:52:38.904066,0,0.65,43.51,2,1
E1253,Ventilator,2,9.42,2024-10-03 17:52:38.904066,1,0.51,53.17,1,1
E1254,ECG,11,3.64,2024-11-01 17:52:38.904066,1,0.04,32.32,1,1
E1255,Ultrasound,7,0.37,2025-02-27 17:52:38.904066,0,0.42,58.38,3,0
E1256,Ultrasound,7,15.2,2024-09-09 17:52:38.904066,0,0.08,51.44,1,1
E1257,MRI,3,2.46,2025-04-04 17:52:38.904066,2,0.73,36.36,0,1
E1258,Ventilator,9,14.98,2024-08-17 17:52:38.904066,1,0.22,60.0,0,1
E1259,Ultrasound,7,15.27,2025-06-21 17:52:38.904066,0,0.63,24.93,0,1
E1260,Ultrasound,1,10.67,2024-09-05 17:52:38.904066,1,0.57,51.15,2,1
E1261,MRI,3,18.2,2025-05-22 17:52:38.904066,1,0.09,54.91,2,1
E1262,MRI,13,13.57,2025-05-15 17:52:38.904066,0,0.22,48.78,1,1
E1263,ECG,9,4.72,2025-03-11 17:52:38.904066,1,0.54,53.51,0,1
E1264,MRI,4,14.17,2025-02-06 17:52:38.904066,3,0.23,37.2,0,1
E1265,Ultrasound,7,7.33,2025-04-03 17:52:38.904066,0,0.78,20.9,2,1
E1266,MRI,6,19.47,2025-03-02 17:52:38.904066,2,0.72,28.29,0,1
E1267,Ultrasound,3,8.91,2025-06-05 17:52:38.904066,3,0.14,51.15,2,1
E1268,MRI,1,18.67,2025-04-15 17:52:38.904066,2,0.25,33.56,2,1
E1269,Ventilator,13,8.39,2024-08-06 17:52:38.904066,0,0.48,60.6,1,1
E1270,Ventilator,1,4.78,2025-03-06 17:52:38.904066,1,0.43,25.88,1,0
E1271,Ultrasound,9,1.64,2024-09-04 17:52:38.904066,0,0.29,21.86,0,1
E1272,Ventilator,7,17.18,2025-04-12 17:52:38.904066,0,0.76,36.99,1,1
E1273,Ventilator,5,10.33,2025-02-23 17:52:38.904066,1,0.61,52.53,1,1
E1274,ECG,3,16.52,2025-06-15 17:52:38.904066,1,0.02,26.77,0,1
E1275,Ultrasound,3,12.01,2025-01-23 17:52:38.904066,2,0.23,43.47,6,1
E1276,Ventilator,4,0.98,2024-08-14 17:52:38.904066,1,0.12,56.84,1,1
E1277,ECG,4,18.8,2025-02-28 17:52:38.904066,0,0.46,46.11,1,1
E1278,MRI,6,4.5,2024-12-18 17:52:38.904066,0,0.03,56.91,1,1
E1279,Ventilator,0,7.25,2025-07-23 17:52:38.904066,2,0.76,29.49,1,1
E1280,Ventilator,7,10.86,2024-08-31 17:52:38.904066,0,0.23,39.05,2,1
E1281,Ventilator,3,10.83,2024-11-22 17:52:38.904066,0,0.29,60.02,1,1
E1282,MRI,1,15.65,2024-10-06 17:52:38.904066,0,0.67,25.33,1,1
E1283,Ultrasound,10,5.94,2025-02-18 17:52:38.904066,0,0.76,59.42,1,1
E1284,Ultrasound,7,8.66,2024-08-26 17:52:38.904066,0,0.25,55.39,1,1
E1285,Ventilator,0,7.03,2024-10-12 17:52:38.904066,1,0.66,64.94,1,1
E1286,Ventilator,14,15.56,2024-10-02 17:52:38.904066,2,0.52,37.18,0,1
E1287,ECG,4,0.16,2025-07-19 17:52:38.904066,1,0.77,62.16,1,1
E1288,Ventilator,8,6.68,2024-11-13 17:52:38.904066,0,0.63,26.01,2,1
E1289,Ultrasound,9,17.29,2025-06-06 17:52:38.904066,0,0.4,43.42,3,1
E1290,MRI,2,4.84,2024-08-31 17:52:38.904066,3,0.74,63.32,1,1
E1291,Ventilator,5,3.48,2024-11-20 17:52:38.904066,0,0.6,66.19,4,1
E1292,MRI,0,13.14,2025-03-19 17:52:38.904066,0,0.32,46.84,2,0
E1293,MRI,14,8.94,2025-03-07 17:52:38.904066,0,0.43,64.64,1,1
E1294,Ventilator,6,1.22,2024-10-22 17:52:38.904066,1,0.16,61.58,2,1
E1295,MRI,4,10.6,2024-10-13 17:52:38.904066,1,0.16,45.3,2,1
E1296,Ultrasound,15,18.95,2024-11-14 17:52:38.904066,0,0.62,24.54,2,1
E1297,Ultrasound,10,12.44,2024-11-04 17:52:38.904066,1,0.41,48.79,1,1
E1298,Ultrasound,7,14.25,2025-03-21 17:52:38.904066,3,0.44,40.46,2,1
E1299,Ultrasound,3,17.67,2024-08-16 17:52:38.904066,0,0.6,56.29,0,1
E1300,Ventilator,5,2.01,2025-04-11 17:52:38.904066,1,0.11,58.12,3,0
E1301,Ventilator,3,1.84,2024-09-15 17:52:38.904066,0,0.66,41.45,1,1
E1302,MRI,4,5.45,2025-04-06 17:52:38.904066,1,0.38,27.48,0,0
E1303,ECG,0,13.97,2025-03-01 17:52:38.904066,0,0.35,50.86,1,0
E1304,MRI,4,9.47,2025-04-25 17:52:38.904066,1,0.3,30.71,3,0
E1305,ECG,7,7.72,2025-04-18 17:52:38.904066,3,0.53,60.27,2,1
E1306,ECG,3,15.28,2024-11-08 17:52:38.904066,2,0.45,40.49,1,1
E1307,ECG,0,15.81,2024-09-16 17:52:38.904066,1,0.79,56.88,2,1
E1308,MRI,0,7.78,2025-05-06 17:52:38.904066,1,0.54,24.56,0,0
E1309,Ultrasound,8,2.5,2024-10-14 17:52:38.904066,1,0.39,58.42,0,1
E1310,MRI,3,16.09,2025-02-24 17:52:38.904066,1,0.62,54.73,0,1
E1311,Ultrasound,3,1.75,2025-05-12 17:52:38.904066,1,0.6,29.91,1,0
E1312,Ultrasound,4,12.85,2025-01-12 17:52:38.904066,2,0.49,62.79,3,1
E1313,ECG,5,4.32,2025-02-21 17:52:38.904066,0,0.54,32.97,3,0
E1314,ECG,8,8.51,2025-06-20 17:52:38.904066,0,0.08,25.71,0,0
E1315,MRI,13,15.28,2025-08-05 17:52:38.904066,2,0.62,34.36,4,1
E1316,Ventilator,8,19.11,2025-06-13 17:52:38.904066,2,0.75,46.52,1,1
E1317,Ultrasound,10,9.84,2025-07-26 17:52:38.904066,1,0.52,38.12,2,1
E1318,Ventilator,2,9.18,2025-04-26 17:52:38.904066,3,0.31,66.28,3,1
E1319,MRI,3,17.8,2024-09-03 17:52:38.904066,0,0.01,69.87,2,1
E1320,ECG,11,18.86,2025-01-08 17:52:38.904066,4,0.55,55.24,1,1
E1321,Ultrasound,4,14.28,2024-08-18 17:52:38.904066,0,0.7,43.5,4,1
E1322,ECG,11,16.24,2025-05-16 17:52:38.904066,3,0.28,45.54,1,1
E1323,MRI,11,0.04,2025-01-20 17:52:38.904066,1,0.77,31.01,2,1
E1324,ECG,0,10.96,2025-02-19 17:52:38.904066,1,0.62,64.17,2,1
E1325,ECG,6,7.21,2025-02-27 17:52:38.904066,2,0.56,61.23,2,1
E1326,Ventilator,8,5.08,2024-12-30 17:52:38.904066,1,0.35,40.57,1,1
E1327,MRI,5,16.02,2024-11-22 17:52:38.904066,0,0.04,43.57,1,1
E1328,Ventilator,3,12.3,2025-07-23 17:52:38.904066,2,0.27,30.92,3,0
E1329,MRI,0,12.31,2025-02-16 17:52:38.904066,0,0.6,54.77,2,0
E1330,Ultrasound,3,18.21,2024-09-22 17:52:38.904066,0,0.23,49.71,0,1
E1331,MRI,9,15.23,2024-12-19 17:52:38.904066,1,0.65,66.13,2,1
E1332,Ultrasound,7,7.98,2025-01-29 17:52:38.904066,1,0.66,69.05,2,1
E1333,ECG,14,11.18,2024-11-01 17:52:38.904066,1,0.24,28.77,3,1
E1334,Ultrasound,3,3.04,2025-01-26 17:52:38.904066,0,0.33,32.44,3,1
E1335,Ultrasound,7,19.94,2024-09-06 17:52:38.904066,2,0.15,45.08,1,1
E1336,Ultrasound,2,9.59,2025-04-11 17:52:38.904066,1,0.7,51.79,0,1
E1337,Ventilator,4,8.43,2024-09-06 17:52:38.904066,1,0.32,67.64,2,1
E1338,MRI,8,1.56,2025-06-18 17:52:38.904066,0,0.4,46.93,1,0
E1339,ECG,1,17.3,2024-08-30 17:52:38.904066,0,0.05,69.41,4,1
E1340,Ultrasound,13,4.33,2025-03-31 17:52:38.904066,0,0.39,47.29,2,1
E1341,Ultrasound,6,14.27,2025-01-06 17:52:38.904066,2,0.72,49.53,1,1
E1342,Ultrasound,5,9.87,2025-06-08 17:52:38.904066,0,0.67,58.85,1,1
E1343,Ventilator,1,7.2,2025-03-27 17:52:38.904066,2,0.44,23.3,2,0
E1344,ECG,1,3.88,2025-05-28 17:52:38.904066,1,0.3,69.31,0,1
E1345,ECG,8,18.68,2024-10-20 17:52:38.904066,1,0.63,48.34,1,1
E1346,MRI,13,8.3,2024-08-17 17:52:38.904066,0,0.4,66.39,2,1
E1347,ECG,4,10.48,2025-04-26 17:52:38.904066,4,0.46,56.91,2,1
E1348,Ultrasound,9,18.96,2024-12-16 17:52:38.904066,0,0.01,55.23,0,1
E1349,ECG,6,8.24,2024-10-10 17:52:38.904066,1,0.16,65.36,1,1
E1350,Ultrasound,3,18.93,2025-02-16 17:52:38.904066,0,0.21,52.01,3,1
E1351,MRI,3,12.42,2025-01-11 17:52:38.904066,0,0.56,40.24,3,1
E1352,Ultrasound,10,7.84,2024-08-27 17:52:38.904066,2,0.73,51.58,0,1
E1353,ECG,0,1.89,2025-01-16 17:52:38.904066,1,0.1,55.17,0,1
E1354,MRI,1,4.12,2024-10-14 17:52:38.904066,0,0.29,51.06,0,1
E1355,ECG,0,10.75,2025-01-16 17:52:38.904066,0,0.15,35.35,2,1
E1356,Ultrasound,2,15.55,2025-04-01 17:52:38.904066,0,0.21,43.56,1,0
E1357,Ultrasound,8,7.86,2025-04-26 17:52:38.904066,0,0.24,56.64,2,0
E1358,Ultrasound,2,18.62,2024-08-27 17:52:38.904066,0,0.07,53.43,2,1
E1359,Ventilator,3,17.4,2025-04-02 17:52:38.904066,2,0.08,32.52,1,1
E1360,ECG,0,6.81,2024-08-15 17:52:38.904066,0,0.77,41.67,0,1
E1361,Ventilator,7,8.76,2024-12-14 17:52:38.904066,0,0.14,22.73,0,1
E1362,Ultrasound,0,18.01,2024-12-13 17:52:38.904066,0,0.56,46.05,3,1
E1363,Ultrasound,6,6.35,2025-03-17 17:52:38.904066,1,0.43,46.23,0,0
E1364,Ultrasound,1,5.78,2025-01-26 17:52:38.904066,0,0.74,35.07,4,1
E1365,MRI,6,9.95,2025-03-27 17:52:38.904066,0,0.6,61.59,0,1
E1366,Ventilator,11,3.15,2024-11-29 17:52:38.904066,0,0.25,51.28,6,1
E1367,Ultrasound,4,1.57,2024-08-17 17:52:38.904066,0,0.76,28.19,1,1
E1368,MRI,8,8.8,2024-12-29 17:52:38.904066,2,0.69,42.49,1,1
E1369,MRI,0,5.19,2025-07-09 17:52:38.904066,0,0.59,61.89,0,1
E1370,Ventilator,2,12.88,2025-01-19 17:52:38.904066,0,0.56,49.53,0,1
E1371,Ultrasound,4,17.22,2025-06-30 17:52:38.904066,1,0.62,69.37,1,1
E1372,MRI,0,0.6,2025-01-31 17:52:38.904066,2,0.16,39.57,2,1
E1373,Ventilator,8,17.02,2025-06-15 17:52:38.904066,1,0.32,22.09,3,1
E1374,MRI,7,6.26,2025-02-12 17:52:38.904066,0,0.43,59.64,0,0
E1375,Ventilator,3,7.54,2025-03-24 17:52:38.904066,1,0.41,27.35,1,0
E1376,Ultrasound,15,15.87,2025-03-09 17:52:38.904066,0,0.72,67.37,1,1
E1377,MRI,3,2.91,2024-10-16 17:52:38.904066,2,0.64,62.0,3,1
E1378,ECG,5,2.44,2024-10-29 17:52:38.904066,0,0.5,45.59,0,1
E1379,Ventilator,5,10.51,2025-07-27 17:52:38.904066,1,0.71,26.6,2,1
E1380,MRI,0,6.94,2025-04-01 17:52:38.904066,0,0.71,32.74,4,1
E1381,Ventilator,4,5.26,2024-11-09 17:52:38.904066,1,0.47,30.9,1,1
E1382,Ultrasound,3,18.59,2024-09-23 17:52:38.904066,1,0.31,58.87,2,1
E1383,Ultrasound,1,3.06,2025-06-20 17:52:38.904066,0,0.23,66.87,1,1
E1384,Ultrasound,10,16.4,2025-07-15 17:52:38.904066,1,0.79,62.65,3,1
E1385,Ultrasound,5,16.89,2025-08-03 17:52:38.904066,0,0.35,38.13,5,1
E1386,MRI,4,18.06,2025-07-17 17:52:38.904066,2,0.68,64.55,0,1
E1387,MRI,13,0.69,2025-06-17 17:52:38.904066,0,0.29,50.95,0,1
E1388,Ventilator,3,13.56,2024-12-02 17:52:38.904066,0,0.2,48.65,2,1
E1389,Ventilator,5,7.34,2025-06-01 17:52:38.904066,1,0.34,68.34,2,1
E1390,Ventilator,8,7.97,2024-08-09 17:52:38.904066,0,0.47,34.75,2,1
E1391,ECG,4,15.47,2025-03-18 17:52:38.904066,0,0.27,45.78,0,0
E1392,Ultrasound,9,2.03,2025-04-14 17:52:38.904066,1,0.6,35.04,5,1
E1393,MRI,6,17.29,2025-07-08 17:52:38.904066,1,0.18,44.66,0,1
E1394,Ultrasound,11,11.66,2025-04-26 17:52:38.904066,0,0.74,42.57,1,1
E1395,Ventilator,9,6.97,2025-05-09 17:52:38.904066,0,0.42,55.74,2,1
E1396,Ventilator,7,16.55,2025-06-17 17:52:38.904066,1,0.76,69.3,0,1
E1397,Ventilator,1,19.93,2025-06-15 17:52:38.904066,2,0.38,59.6,0,1
E1398,MRI,0,2.77,2025-06-07 17:52:38.904066,1,0.39,61.38,1,1
E1399,Ventilator,2,7.98,2025-03-07 17:52:38.904066,3,0.71,56.49,3,1
E1400,ECG,0,10.65,2024-08-30 17:52:38.904066,0,0.75,37.25,0,1
E1401,ECG,2,0.24,2024-12-24 17:52:38.904066,1,0.76,21.14,3,1
E1402,MRI,13,5.75,2024-09-30 17:52:38.904066,3,0.24,42.06,3,1
E1403,Ultrasound,5,6.65,2024-11-04 17:52:38.904066,0,0.22,23.61,0,1
E1404,MRI,8,3.11,2024-11-11 17:52:38.904066,0,0.04,22.47,1,1
E1405,Ultrasound,10,0.41,2024-09-25 17:52:38.904066,1,0.52,45.2,1,1
E1406,Ultrasound,4,4.84,2024-08-29 17:52:38.904066,0,0.8,60.54,1,1
E1407,Ventilator,5,2.51,2025-03-09 17:52:38.904066,0,0.06,44.5,2,0
E1408,Ultrasound,2,16.96,2025-05-25 17:52:38.904066,0,0.56,47.05,0,1
E1409,ECG,9,14.64,2025-02-17 17:52:38.904066,0,0.34,39.01,2,1
E1410,ECG,3,15.78,2024-08-24 17:52:38.904066,0,0.56,26.7,1,1
E1411,ECG,10,19.67,2025-02-07 17:52:38.904066,0,0.04,24.64,2,1
E1412,MRI,8,0.38,2024-12-30 17:52:38.904066,3,0.04,69.32,4,1
E1413,ECG,3,12.28,2025-03-08 17:52:38.904066,0,0.1,21.23,0,0
E1414,ECG,4,6.24,2025-03-21 17:52:38.904066,2,0.63,63.47,1,1
E1415,ECG,4,7.32,2024-11-16 17:52:38.904066,1,0.53,29.31,3,1
E1416,MRI,7,8.95,2024-12-27 17:52:38.904066,1,0.09,36.5,1,1
E1417,Ventilator,8,4.4,2025-03-03 17:52:38.904066,0,0.78,50.22,1,1
E1418,Ultrasound,15,15.23,2024-11-18 17:52:38.904066,0,0.58,30.21,2,1
E1419,ECG,4,8.39,2024-12-03 17:52:38.904066,0,0.63,42.84,1,1
E1420,Ventilator,7,16.02,2025-03-19 17:52:38.904066,1,0.1,38.56,4,1
E1421,Ventilator,8,3.35,2025-01-24 17:52:38.904066,0,0.04,39.52,1,1
E1422,MRI,4,8.5,2024-10-05 17:52:38.904066,1,0.58,22.06,4,1
E1423,MRI,8,2.64,2025-06-13 17:52:38.904066,1,0.47,31.52,0,0
E1424,MRI,3,8.54,2024-08-19 17:52:38.904066,0,0.53,66.26,0,1
E1425,Ultrasound,13,10.82,2025-01-16 17:52:38.904066,1,0.5,22.06,2,1
E1426,Ventilator,5,9.99,2025-07-29 17:52:38.904066,1,0.44,52.17,0,0
E1427,ECG,12,18.97,2024-09-02 17:52:38.904066,2,0.66,31.23,2,1
E1428,Ultrasound,6,12.61,2025-01-01 17:52:38.904066,1,0.32,60.69,1,1
E1429,Ventilator,2,0.86,2024-11-24 17:52:38.904066,1,0.8,69.23,4,1
E1430,Ventilator,8,15.07,2025-04-17 17:52:38.904066,0,0.71,33.06,2,1
E1431,ECG,8,19.64,2025-06-02 17:52:38.904066,1,0.69,27.22,3,1
E1432,MRI,3,7.35,2024-08-15 17:52:38.904066,1,0.47,27.15,2,1
E1433,Ventilator,0,14.65,2024-09-07 17:52:38.904066,1,0.14,68.3,2,1
E1434,ECG,1,15.26,2025-04-17 17:52:38.904066,1,0.19,46.76,1,0
E1435,Ultrasound,5,2.46,2024-10-30 17:52:38.904066,0,0.76,59.75,1,1
E1436,MRI,0,18.8,2025-02-18 17:52:38.904066,1,0.68,61.35,1,1
E1437,MRI,1,6.06,2024-12-14 17:52:38.904066,0,0.36,44.28,2,1
E1438,Ultrasound,6,19.97,2024-08-11 17:52:38.904066,1,0.04,20.46,1,1
E1439,Ventilator,12,9.66,2025-05-08 17:52:38.904066,3,0.36,23.57,3,1
E1440,Ventilator,7,9.02,2025-01-18 17:52:38.904066,1,0.62,55.4,0,1
E1441,Ultrasound,5,14.98,2025-01-27 17:52:38.904066,1,0.19,21.48,0,1
E1442,ECG,0,18.85,2025-07-01 17:52:38.904066,0,0.31,69.26,2,1
E1443,ECG,8,13.27,2024-10-31 17:52:38.904066,0,0.67,44.58,2,1
E1444,MRI,1,18.44,2025-06-14 17:52:38.904066,0,0.53,62.15,0,1
E1445,MRI,8,13.35,2025-07-21 17:52:38.904066,0,0.23,26.56,1,0
E1446,Ultrasound,0,1.06,2024-12-17 17:52:38.904066,0,0.36,27.43,0,1
E1447,MRI,5,6.55,2025-01-14 17:52:38.904066,0,0.66,42.3,3,1
E1448,ECG,4,3.19,2025-07-12 17:52:38.904066,0,0.46,41.69,3,0
E1449,Ultrasound,6,13.53,2024-10-21 17:52:38.904066,1,0.32,64.76,3,1
E1450,ECG,10,9.96,2025-07-24 17:52:38.904066,0,0.58,31.32,2,1
E1451,ECG,8,19.39,2025-03-13 17:52:38.904066,0,0.79,20.18,1,1
E1452,Ventilator,4,13.65,2024-11-13 17:52:38.904066,1,0.45,45.23,0,1
E1453,Ventilator,8,8.54,2025-03-17 17:52:38.904066,0,0.58,37.9,1,0
E1454,Ultrasound,0,17.94,2025-06-10 17:52:38.904066,0,0.19,56.91,2,1
E1455,Ventilator,7,11.39,2025-02-13 17:52:38.904066,1,0.36,29.89,2,0
E1456,Ultrasound,12,16.72,2024-10-23 17:52:38.904066,1,0.75,48.92,3,1
E1457,Ultrasound,6,1.73,2024-08-14 17:52:38.904066,0,0.62,35.28,3,1
E1458,MRI,0,10.64,2025-06-16 17:52:38.904066,1,0.31,56.61,1,0
E1459,Ventilator,10,14.76,2025-06-07 17:52:38.904066,0,0.07,61.94,2,1
E1460,Ventilator,5,11.23,2025-01-14 17:52:38.904066,0,0.7,51.88,0,1
E1461,ECG,2,6.8,2024-08-26 17:52:38.904066,1,0.11,46.8,3,1
E1462,ECG,3,0.64,2025-02-01 17:52:38.904066,0,0.05,45.4,0,1
E1463,ECG,3,15.98,2024-12-27 17:52:38.904066,0,0.74,54.17,0,1
E1464,Ventilator,4,14.6,2025-06-11 17:52:38.904066,1,0.12,58.57,1,0
E1465,Ventilator,7,18.14,2025-02-18 17:52:38.904066,0,0.14,31.67,2,1
E1466,MRI,8,8.22,2024-11-21 17:52:38.904066,2,0.68,39.55,2,1
E1467,Ultrasound,11,12.83,2025-04-29 17:52:38.904066,1,0.33,67.73,0,1
E1468,MRI,0,13.24,2025-05-25 17:52:38.904066,0,0.42,65.3,5,1
E1469,MRI,5,4.41,2025-04-23 17:52:38.904066,1,0.54,54.4,2,0
E1470,Ultrasound,4,11.7,2025-07-30 17:52:38.904066,2,0.08,36.17,2,0
E1471,Ultrasound,4,7.4,2024-10-03 17:52:38.904066,3,0.23,41.97,1,1
E1472,MRI,0,10.67,2025-03-26 17:52:38.904066,1,0.03,47.09,1,0
E1473,Ventilator,5,1.07,2025-05-21 17:52:38.904066,1,0.07,69.98,1,1
E1474,MRI,2,0.53,2025-02-06 17:52:38.904066,1,0.74,36.39,1,1
E1475,ECG,5,18.56,2025-03-25 17:52:38.904066,0,0.55,40.87,0,1
E1476,Ventilator,4,18.69,2025-04-13 17:52:38.904066,2,0.68,59.99,1,1
E1477,Ventilator,0,18.78,2025-07-14 17:52:38.904066,0,0.16,55.8,3,1
E1478,MRI,8,9.48,2024-12-15 17:52:38.904066,0,0.79,64.25,1,1
E1479,ECG,8,8.98,2025-03-12 17:52:38.904066,1,0.18,29.79,0,0
E1480,MRI,2,9.58,2025-01-17 17:52:38.904066,0,0.38,58.12,0,1
E1481,Ventilator,13,18.4,2025-04-19 17:52:38.904066,0,0.22,45.23,6,1
E1482,MRI,10,11.0,2025-04-08 17:52:38.904066,1,0.68,20.11,1,1
E1483,Ventilator,12,4.2,2025-04-05 17:52:38.904066,1,0.57,62.98,0,1
E1484,ECG,10,2.05,2025-05-31 17:52:38.904066,0,0.79,39.44,1,1
E1485,Ultrasound,6,17.69,2025-02-18 17:52:38.904066,1,0.09,26.53,2,1
E1486,MRI,0,15.64,2025-05-13 17:52:38.904066,0,0.31,21.3,1,0
E1487,Ultrasound,2,15.27,2025-06-27 17:52:38.904066,3,0.72,61.79,0,1
E1488,Ventilator,10,8.84,2025-01-26 17:52:38.904066,1,0.78,66.26,3,1
E1489,MRI,7,14.12,2025-04-23 17:52:38.904066,2,0.09,51.9,0,0
E1490,ECG,0,16.38,2025-01-03 17:52:38.904066,1,0.58,48.8,1,1
E1491,ECG,0,11.39,2025-07-07 17:52:38.904066,2,0.12,28.44,1,0
E1492,MRI,2,18.12,2025-03-18 17:52:38.904066,0,0.43,60.05,5,1
E1493,ECG,7,17.12,2024-11-05 17:52:38.904066,0,0.22,27.07,0,1
E1494,Ventilator,3,6.89,2025-05-06 17:52:38.904066,0,0.08,67.38,2,1
E1495,Ultrasound,6,4.48,2025-01-26 17:52:38.904066,2,0.5,55.19,0,1
E1496,Ultrasound,6,8.62,2025-02-22 17:52:38.904066,0,0.67,49.37,1,1
E1497,Ultrasound,2,7.87,2025-06-17 17:52:38.904066,0,0.75,41.89,2,1
E1498,Ventilator,7,4.61,2025-03-06 17:52:38.904066,0,0.16,46.68,1,0
E1499,Ultrasound,6,12.59,2025-07-21 17:52:38.904066,0,0.6,65.93,4,1
E1500,Ultrasound,5,2.47,2025-02-26 17:52:38.904066,3,0.15,67.01,1,1
E1501,Ultrasound,5,4.43,2025-07-16 17:52:38.904066,0,0.27,46.58,2,0
E1502,MRI,4,5.88,2024-12-04 17:52:38.904066,1,0.13,49.17,2,1
E1503,ECG,0,3.11,2024-12-29 17:52:38.904066,0,0.34,25.22,1,1
E1504,Ultrasound,6,15.55,2024-12-24 17:52:38.904066,2,0.55,35.58,1,1
E1505,Ventilator,9,17.2,2025-01-05 17:52:38.904066,2,0.06,53.94,3,1
E1506,ECG,9,3.57,2025-03-05 17:52:38.904066,0,0.17,26.6,2,1
E1507,ECG,8,18.45,2025-04-11 17:52:38.904066,0,0.26,29.34,0,1
E1508,MRI,5,11.17,2024-11-18 17:52:38.904066,0,0.38,20.1,0,1
E1509,Ventilator,10,8.47,2024-10-18 17:52:38.904066,0,0.51,45.59,1,1
E1510,Ultrasound,8,7.27,2025-01-06 17:52:38.904066,1,0.16,51.1,0,1
E1511,Ventilator,3,12.18,2024-11-29 17:52:38.904066,1,0.57,67.04,2,1
E1512,ECG,3,6.5,2025-03-31 17:52:38.904066,1,0.48,53.55,0,0
E1513,MRI,4,9.59,2024-12-14 17:52:38.904066,1,0.74,53.49,2,1
E1514,ECG,7,15.99,2025-05-23 17:52:38.904066,1,0.34,22.14,0,0
E1515,MRI,1,12.82,2024-09-28 17:52:38.904066,1,0.34,40.43,3,1
E1516,ECG,8,14.15,2025-05-17 17:52:38.904066,1,0.16,45.0,2,0
E1517,ECG,8,4.48,2025-04-05 17:52:38.904066,0,0.48,45.63,0,0
E1518,MRI,5,4.58,2025-01-26 17:52:38.904066,2,0.28,63.4,1,1
E1519,MRI,4,12.3,2025-05-26 17:52:38.904066,1,0.75,29.98,2,1
E1520,MRI,9,3.14,2024-11-27 17:52:38.904066,1,0.07,56.5,1,1
E1521,ECG,3,4.76,2024-12-19 17:52:38.904066,0,0.19,35.3,1,1
E1522,ECG,7,7.69,2024-08-21 17:52:38.904066,2,0.3,27.04,2,1
E1523,MRI,0,16.86,2024-08-16 17:52:38.904066,0,0.36,33.82,1,1
E1524,Ultrasound,2,10.37,2024-09-11 17:52:38.904066,0,0.25,66.32,3,1
E1525,ECG,9,15.67,2025-02-18 17:52:38.904066,1,0.44,36.74,1,1
E1526,ECG,0,8.04,2025-04-12 17:52:38.904066,1,0.55,62.29,1,1
E1527,Ultrasound,4,15.41,2025-03-15 17:52:38.904066,1,0.42,46.68,4,1
E1528,Ultrasound,10,7.92,2024-11-07 17:52:38.904066,0,0.34,52.8,0,1
E1529,ECG,7,19.79,2025-02-15 17:52:38.904066,0,0.8,54.04,4,1
E1530,Ultrasound,0,3.35,2025-06-16 17:52:38.904066,0,0.45,40.91,2,0
E1531,Ventilator,8,6.08,2024-10-14 17:52:38.904066,0,0.01,55.92,1,1
E1532,MRI,6,3.7,2025-03-24 17:52:38.904066,0,0.06,67.83,1,1
E1533,Ventilator,4,18.42,2024-10-16 17:52:38.904066,0,0.54,24.08,1,1
E1534,MRI,1,15.79,2025-07-03 17:52:38.904066,0,0.73,28.45,3,1
E1535,MRI,0,1.97,2024-08-18 17:52:38.904066,3,0.04,31.3,3,1
E1536,ECG,6,16.56,2024-11-26 17:52:38.904066,0,0.73,34.67,1,1
E1537,Ultrasound,9,5.78,2025-04-08 17:52:38.904066,0,0.79,29.98,1,1
E1538,ECG,7,7.27,2025-05-26 17:52:38.904066,1,0.71,65.84,1,1
E1539,MRI,2,19.74,2024-11-17 17:52:38.904066,0,0.05,63.51,2,1
E1540,ECG,6,16.42,2025-07-20 17:52:38.904066,0,0.79,35.39,3,1
E1541,ECG,6,18.09,2024-12-02 17:52:38.904066,0,0.51,33.62,3,1
E1542,ECG,10,15.06,2024-10-23 17:52:38.904066,0,0.67,68.42,0,1
E1543,Ventilator,4,18.97,2024-11-09 17:52:38.904066,1,0.41,23.29,4,1
E1544,Ventilator,2,4.9,2024-08-06 17:52:38.904066,0,0.26,28.36,0,1
E1545,MRI,9,11.6,2024-11-20 17:52:38.904066,2,0.73,27.04,4,1
E1546,Ventilator,12,3.78,2024-11-08 17:52:38.904066,2,0.04,54.2,1,1
E1547,ECG,9,3.9,2025-04-17 17:52:38.904066,2,0.27,33.29,1,1
E1548,MRI,5,10.69,2025-01-12 17:52:38.904066,2,0.72,69.86,1,1
E1549,Ventilator,6,12.12,2024-12-27 17:52:38.904066,1,0.75,56.65,2,1
E1550,ECG,5,7.94,2024-09-24 17:52:38.904066,0,0.61,68.32,1,1
E1551,Ultrasound,4,3.88,2025-04-11 17:52:38.904066,0,0.15,28.64,1,0
E1552,MRI,4,8.8,2024-11-21 17:52:38.904066,0,0.27,42.66,2,1
E1553,Ventilator,7,6.29,2025-02-08 17:52:38.904066,1,0.11,69.71,1,1
E1554,ECG,7,1.43,2025-05-28 17:52:38.904066,2,0.44,58.67,3,0
E1555,Ventilator,10,9.82,2025-06-27 17:52:38.904066,0,0.17,28.75,1,1
E1556,Ventilator,7,18.13,2025-03-27 17:52:38.904066,1,0.39,55.45,1,1
E1557,MRI,6,1.98,2025-01-25 17:52:38.904066,0,0.13,55.41,1,1
E1558,Ventilator,9,18.32,2025-01-13 17:52:38.904066,1,0.06,48.07,2,1
E1559,Ultrasound,6,1.26,2025-04-04 17:52:38.904066,1,0.55,69.47,2,1
E1560,Ultrasound,10,0.81,2024-10-24 17:52:38.904066,0,0.63,38.38,2,1
E1561,MRI,9,5.85,2025-04-29 17:52:38.904066,1,0.48,50.07,1,1
E1562,Ventilator,0,19.32,2025-04-25 17:52:38.904066,1,0.75,24.73,2,1
E1563,Ventilator,10,16.41,2025-07-03 17:52:38.904066,2,0.12,54.39,2,1
E1564,ECG,10,5.13,2025-02-02 17:52:38.904066,1,0.44,32.79,2,1
E1565,Ventilator,7,0.73,2024-12-11 17:52:38.904066,3,0.03,31.76,6,1
E1566,Ultrasound,3,7.07,2025-03-05 17:52:38.904066,0,0.74,32.2,0,1
E1567,Ventilator,6,3.09,2025-04-30 17:52:38.904066,2,0.66,33.7,1,1
E1568,Ventilator,0,19.14,2024-08-06 17:52:38.904066,0,0.56,57.24,1,1
E1569,ECG,3,15.59,2025-02-16 17:52:38.904066,0,0.11,60.59,2,1
E1570,MRI,8,5.29,2025-01-13 17:52:38.904066,2,0.07,51.45,1,1
E1571,ECG,4,1.23,2025-02-03 17:52:38.904066,0,0.1,40.26,2,1
E1572,Ventilator,5,7.36,2025-05-18 17:52:38.904066,2,0.44,47.9,2,0
E1573,Ultrasound,14,17.05,2024-09-17 17:52:38.904066,0,0.09,26.58,0,1
E1574,Ultrasound,2,7.85,2025-01-26 17:52:38.904066,1,0.68,49.53,1,1
E1575,ECG,0,9.87,2024-09-04 17:52:38.904066,2,0.71,52.34,2,1
E1576,Ventilator,6,6.53,2024-11-01 17:52:38.904066,1,0.03,35.96,2,1
E1577,ECG,10,9.07,2025-05-01 17:52:38.904066,0,0.4,31.04,1,1
E1578,Ventilator,10,3.11,2024-08-19 17:52:38.904066,1,0.13,29.29,1,1
E1579,ECG,5,15.59,2025-01-22 17:52:38.904066,0,0.79,49.52,1,1
E1580,Ultrasound,5,19.15,2025-02-09 17:52:38.904066,1,0.54,69.53,0,1
E1581,MRI,9,8.55,2025-05-06 17:52:38.904066,1,0.21,27.92,1,1
E1582,Ultrasound,5,10.08,2024-10-18 17:52:38.904066,0,0.5,31.78,4,1
E1583,Ventilator,0,13.1,2025-02-11 17:52:38.904066,0,0.06,27.0,1,0
E1584,ECG,3,12.06,2024-10-18 17:52:38.904066,0,0.52,39.55,0,1
E1585,ECG,5,1.32,2024-12-28 17:52:38.904066,0,0.21,32.7,4,1
E1586,Ultrasound,7,4.38,2025-03-31 17:52:38.904066,1,0.77,39.27,0,1
E1587,Ultrasound,3,0.27,2025-01-09 17:52:38.904066,2,0.6,54.52,0,1
E1588,MRI,3,19.84,2024-12-15 17:52:38.904066,1,0.3,33.11,0,1
E1589,Ultrasound,3,13.11,2024-09-01 17:52:38.904066,3,0.59,65.27,1,1
E1590,Ventilator,5,0.85,2025-06-24 17:52:38.904066,0,0.05,60.04,4,1
E1591,Ventilator,11,9.46,2024-09-06 17:52:38.904066,2,0.65,51.85,2,1
E1592,MRI,1,15.37,2025-01-18 17:52:38.904066,0,0.31,64.74,2,1
E1593,Ultrasound,8,2.27,2025-06-23 17:52:38.904066,1,0.66,36.26,0,1
E1594,Ventilator,8,16.7,2025-06-04 17:52:38.904066,1,0.13,61.8,0,1
E1595,Ultrasound,3,13.53,2025-06-02 17:52:38.904066,2,0.03,47.09,0,0
E1596,Ultrasound,6,10.27,2024-08-07 17:52:38.904066,0,0.67,44.85,2,1
E1597,ECG,5,19.93,2024-09-01 17:52:38.904066,0,0.49,44.77,0,1
E1598,ECG,5,5.18,2024-12-28 17:52:38.904066,0,0.8,51.37,1,1
E1599,Ventilator,9,5.82,2025-08-01 17:52:38.904066,0,0.4,47.72,0,1
E1600,Ventilator,7,4.76,2024-08-13 17:52:38.904066,0,0.46,20.62,0,1
E1601,Ventilator,11,18.69,2025-07-06 17:52:38.904066,1,0.65,22.47,2,1
E1602,ECG,9,14.04,2024-09-20 17:52:38.904066,0,0.57,20.43,2,1
E1603,ECG,2,8.04,2024-09-04 17:52:38.904066,0,0.55,51.9,2,1
E1604,Ultrasound,8,12.55,2024-12-06 17:52:38.904066,0,0.52,27.25,0,1
E1605,ECG,9,12.16,2024-09-16 17:52:38.904066,1,0.19,21.25,3,1
E1606,MRI,4,11.2,2024-08-07 17:52:38.904066,1,0.46,21.63,0,1
E1607,MRI,7,10.56,2024-10-19 17:52:38.904066,2,0.32,46.15,3,1
E1608,Ultrasound,7,7.15,2025-03-08 17:52:38.904066,1,0.55,52.89,1,0
E1609,Ultrasound,6,0.92,2025-01-01 17:52:38.904066,0,0.3,35.22,1,1
E1610,Ventilator,7,0.7,2025-03-08 17:52:38.904066,1,0.07,44.14,2,0
E1611,MRI,12,2.26,2025-01-28 17:52:38.904066,0,0.42,69.65,3,1
E1612,Ultrasound,5,4.24,2025-07-28 17:52:38.904066,0,0.42,67.11,1,1
E1613,Ventilator,5,5.02,2025-03-31 17:52:38.904066,1,0.59,44.34,1,0
E1614,Ultrasound,7,12.92,2025-03-25 17:52:38.904066,0,0.76,40.46,3,1
E1615,ECG,5,4.18,2024-11-10 17:52:38.904066,1,0.06,48.53,3,1
E1616,Ventilator,6,1.79,2025-03-06 17:52:38.904066,0,0.8,38.6,2,1
E1617,Ventilator,9,14.3,2025-03-07 17:52:38.904066,1,0.09,64.87,0,1
E1618,ECG,12,9.9,2024-12-19 17:52:38.904066,1,0.43,30.43,2,1
E1619,ECG,6,16.51,2025-02-05 17:52:38.904066,0,0.71,46.25,1,1
E1620,Ultrasound,15,18.15,2025-05-09 17:52:38.904066,0,0.39,25.0,1,1
E1621,ECG,10,2.83,2024-09-15 17:52:38.904066,3,0.62,42.41,0,1
E1622,ECG,5,2.75,2025-01-25 17:52:38.904066,0,0.49,48.17,2,1
E1623,Ventilator,0,8.19,2024-10-12 17:52:38.904066,4,0.18,20.99,3,1
E1624,MRI,10,0.69,2024-12-09 17:52:38.904066,1,0.1,42.58,1,1
E1625,Ventilator,6,3.65,2024-12-18 17:52:38.904066,1,0.35,46.39,4,1
E1626,Ultrasound,13,17.47,2025-03-17 17:52:38.904066,0,0.61,28.73,0,1
E1627,Ultrasound,7,10.18,2024-08-15 17:52:38.904066,1,0.09,25.66,1,1
E1628,Ventilator,6,7.96,2025-05-11 17:52:38.904066,1,0.8,54.6,1,1
E1629,ECG,0,19.38,2025-05-07 17:52:38.904066,0,0.7,31.02,1,1
E1630,ECG,6,18.51,2025-03-03 17:52:38.904066,1,0.53,20.78,1,1
E1631,MRI,0,11.12,2025-07-06 17:52:38.904066,1,0.79,44.88,2,1
E1632,MRI,4,2.15,2024-09-29 17:52:38.904066,3,0.06,62.0,2,1
E1633,Ultrasound,3,16.39,2025-02-04 17:52:38.904066,1,0.08,33.45,2,1
E1634,MRI,2,0.63,2025-06-13 17:52:38.904066,1,0.56,61.79,1,1
E1635,MRI,5,13.33,2024-08-18 17:52:38.904066,3,0.03,44.72,1,1
E1636,Ventilator,11,16.17,2025-05-02 17:52:38.904066,2,0.37,21.01,4,1
E1637,ECG,1,5.48,2025-03-10 17:52:38.904066,1,0.67,50.57,2,1
E1638,MRI,5,6.32,2025-07-11 17:52:38.904066,2,0.02,57.33,3,0
E1639,ECG,6,17.97,2024-11-23 17:52:38.904066,1,0.65,48.1,2,1
E1640,Ventilator,8,10.24,2024-12-28 17:52:38.904066,2,0.63,51.45,3,1
E1641,Ventilator,11,9.05,2024-08-14 17:52:38.904066,1,0.53,49.1,3,1
E1642,Ventilator,6,12.37,2025-05-04 17:52:38.904066,3,0.32,32.53,4,1
E1643,Ultrasound,2,17.16,2024-10-02 17:52:38.904066,1,0.75,42.22,0,1
E1644,MRI,2,16.51,2025-06-14 17:52:38.904066,0,0.46,53.28,3,1
E1645,MRI,3,4.67,2024-11-27 17:52:38.904066,2,0.55,33.96,4,1
E1646,Ultrasound,7,7.4,2024-12-30 17:52:38.904066,0,0.12,47.88,1,1
E1647,ECG,10,10.29,2024-09-25 17:52:38.904066,0,0.45,47.87,3,1
E1648,Ultrasound,6,1.25,2024-11-28 17:52:38.904066,0,0.58,25.49,2,1
E1649,MRI,3,0.16,2025-05-18 17:52:38.904066,0,0.58,66.38,1,1
E1650,Ultrasound,1,18.26,2025-05-11 17:52:38.904066,1,0.16,66.86,2,1
E1651,Ultrasound,4,17.9,2025-03-19 17:52:38.904066,1,0.15,60.29,2,1
E1652,ECG,0,8.38,2025-03-24 17:52:38.904066,2,0.26,28.39,0,0
E1653,Ventilator,6,18.6,2024-12-04 17:52:38.904066,0,0.68,68.31,1,1
E1654,Ultrasound,7,19.15,2024-11-25 17:52:38.904066,1,0.23,48.23,2,1
E1655,MRI,6,0.93,2025-03-10 17:52:38.904066,0,0.47,67.45,0,1
E1656,MRI,8,18.78,2025-05-17 17:52:38.904066,0,0.77,67.54,1,1
E1657,MRI,9,18.48,2025-04-13 17:52:38.904066,0,0.66,28.39,1,1
E1658,MRI,2,15.95,2025-06-14 17:52:38.904066,1,0.69,62.51,0,1
E1659,ECG,0,9.13,2024-10-22 17:52:38.904066,0,0.8,55.28,1,1
E1660,MRI,11,5.31,2025-04-28 17:52:38.904066,2,0.19,56.97,2,1
E1661,Ventilator,5,2.84,2025-06-18 17:52:38.904066,0,0.53,35.77,4,1
E1662,Ultrasound,10,7.92,2024-09-30 17:52:38.904066,0,0.42,41.08,3,1
E1663,ECG,6,18.42,2025-03-05 17:52:38.904066,0,0.39,35.25,2,1
E1664,Ventilator,15,1.99,2025-05-08 17:52:38.904066,0,0.62,25.98,0,1
E1665,Ventilator,3,1.25,2024-09-18 17:52:38.904066,1,0.75,26.18,3,1
E1666,Ultrasound,0,11.47,2024-10-15 17:52:38.904066,2,0.71,49.78,3,1
E1667,ECG,10,11.54,2025-05-08 17:52:38.904066,0,0.12,20.96,3,1
E1668,ECG,3,5.37,2025-06-19 17:52:38.904066,2,0.12,46.2,0,0
E1669,MRI,7,5.25,2025-03-06 17:52:38.904066,0,0.57,52.34,1,0
E1670,Ultrasound,10,19.55,2025-03-30 17:52:38.904066,0,0.26,50.56,2,1
E1671,ECG,7,2.98,2025-01-09 17:52:38.904066,0,0.07,22.3,2,1
E1672,MRI,0,5.55,2024-08-16 17:52:38.904066,1,0.39,36.81,3,1
E1673,MRI,3,3.33,2025-06-26 17:52:38.904066,0,0.28,62.8,6,1
E1674,Ultrasound,4,4.16,2024-09-01 17:52:38.904066,2,0.6,38.11,2,1
E1675,MRI,11,13.03,2025-05-04 17:52:38.904066,1,0.28,68.55,1,1
E1676,Ultrasound,6,5.04,2024-12-30 17:52:38.904066,1,0.18,44.18,3,1
E1677,MRI,1,8.03,2024-12-20 17:52:38.904066,0,0.7,25.24,2,1
E1678,MRI,2,17.79,2025-01-07 17:52:38.904066,2,0.1,27.7,3,1
E1679,MRI,9,15.98,2025-05-24 17:52:38.904066,0,0.52,57.85,3,1
E1680,MRI,7,4.65,2024-10-22 17:52:38.904066,0,0.71,26.1,3,1
E1681,ECG,10,5.38,2025-05-20 17:52:38.904066,1,0.33,32.49,1,1
E1682,MRI,1,8.88,2024-09-19 17:52:38.904066,0,0.48,40.36,1,1
E1683,ECG,7,12.77,2024-11-16 17:52:38.904066,0,0.41,46.32,2,1
E1684,MRI,0,9.26,2025-04-29 17:52:38.904066,1,0.08,63.91,0,1
E1685,MRI,3,19.78,2024-09-05 17:52:38.904066,0,0.73,60.44,3,1
E1686,Ultrasound,1,19.46,2025-07-31 17:52:38.904066,1,0.13,62.93,1,1
E1687,MRI,7,13.65,2024-08-07 17:52:38.904066,0,0.27,69.21,1,1
E1688,ECG,5,7.82,2025-01-01 17:52:38.904066,2,0.08,23.57,2,1
E1689,MRI,15,2.92,2024-08-22 17:52:38.904066,0,0.1,51.93,0,1
E1690,Ventilator,4,12.82,2024-10-22 17:52:38.904066,0,0.69,43.15,6,1
E1691,MRI,8,1.05,2024-10-04 17:52:38.904066,1,0.54,50.25,0,1
E1692,ECG,2,0.4,2025-05-01 17:52:38.904066,0,0.78,62.97,1,1
E1693,Ultrasound,5,18.29,2025-07-28 17:52:38.904066,0,0.39,41.8,1,1
E1694,ECG,12,16.23,2025-03-12 17:52:38.904066,1,0.75,49.85,2,1
E1695,Ultrasound,0,16.52,2025-02-04 17:52:38.904066,0,0.09,36.52,1,1
E1696,Ultrasound,9,12.83,2025-06-27 17:52:38.904066,0,0.16,64.52,0,1
E1697,ECG,5,8.03,2024-09-27 17:52:38.904066,1,0.45,27.3,1,1
E1698,MRI,12,3.15,2025-06-30 17:52:38.904066,1,0.23,46.31,2,1
E1699,MRI,0,6.86,2025-07-16 17:52:38.904066,1,0.16,48.19,3,0
E1700,ECG,0,1.6,2025-04-15 17:52:38.904066,3,0.32,38.0,1,1
E1701,MRI,0,8.12,2025-04-08 17:52:38.904066,0,0.72,39.59,2,1
E1702,MRI,2,11.33,2025-06-01 17:52:38.904066,0,0.25,39.65,1,0
E1703,Ventilator,2,0.21,2025-05-07 17:52:38.904066,0,0.5,29.73,1,0
E1704,ECG,7,13.61,2024-09-15 17:52:38.904066,0,0.33,44.92,1,1
E1705,Ultrasound,15,0.44,2025-03-03 17:52:38.904066,2,0.46,61.53,0,1
E1706,Ultrasound,3,11.62,2025-04-25 17:52:38.904066,2,0.31,63.77,1,1
E1707,ECG,5,1.01,2025-05-14 17:52:38.904066,0,0.55,40.06,0,0
E1708,ECG,1,8.54,2025-08-04 17:52:38.904066,0,0.03,30.07,1,0
E1709,ECG,5,9.09,2024-08-09 17:52:38.904066,1,0.55,22.08,2,1
E1710,Ultrasound,9,0.63,2024-08-27 17:52:38.904066,0,0.73,42.62,2,1
E1711,Ventilator,8,15.95,2025-07-12 17:52:38.904066,0,0.09,26.95,3,0
E1712,Ultrasound,11,15.01,2025-04-16 17:52:38.904066,1,0.34,55.94,0,1
E1713,Ultrasound,7,2.76,2025-06-02 17:52:38.904066,0,0.26,52.09,3,0
E1714,Ultrasound,0,16.23,2025-03-08 17:52:38.904066,1,0.33,33.15,2,1
E1715,Ventilator,0,12.57,2024-10-15 17:52:38.904066,1,0.78,41.19,1,1
E1716,Ventilator,7,7.09,2024-10-18 17:52:38.904066,0,0.79,27.93,0,1
E1717,ECG,4,16.42,2024-09-19 17:52:38.904066,2,0.15,56.15,1,1
E1718,MRI,6,19.84,2025-07-05 17:52:38.904066,1,0.65,35.71,1,1
E1719,Ventilator,7,8.12,2024-09-19 17:52:38.904066,1,0.15,39.31,1,1
E1720,Ventilator,4,8.89,2025-03-03 17:52:38.904066,0,0.54,44.67,3,0
E1721,Ventilator,6,11.25,2025-04-30 17:52:38.904066,0,0.46,53.07,1,0
E1722,MRI,8,10.7,2024-10-31 17:52:38.904066,0,0.17,38.97,0,1
E1723,MRI,11,3.98,2025-03-30 17:52:38.904066,1,0.46,57.36,0,1
E1724,Ventilator,8,14.47,2024-10-12 17:52:38.904066,0,0.51,58.35,2,1
E1725,MRI,3,11.99,2025-04-14 17:52:38.904066,0,0.11,45.92,2,0
E1726,Ventilator,1,18.47,2025-02-15 17:52:38.904066,2,0.58,21.43,1,1
E1727,MRI,6,4.21,2025-07-09 17:52:38.904066,1,0.53,30.81,0,0
E1728,Ultrasound,3,0.07,2025-03-28 17:52:38.904066,0,0.12,38.17,0,0
E1729,MRI,10,12.24,2025-05-01 17:52:38.904066,0,0.27,45.6,0,1
E1730,ECG,0,17.44,2025-07-03 17:52:38.904066,1,0.64,68.67,3,1
E1731,Ultrasound,4,3.94,2025-03-22 17:52:38.904066,2,0.01,20.98,5,1
E1732,Ultrasound,0,3.39,2025-06-13 17:52:38.904066,3,0.45,28.49,1,1
E1733,MRI,2,14.13,2025-03-18 17:52:38.904066,2,0.39,69.63,2,1
E1734,Ultrasound,5,8.76,2024-09-26 17:52:38.904066,0,0.67,26.44,2,1
E1735,Ultrasound,0,15.98,2025-04-30 17:52:38.904066,2,0.77,68.19,1,1
E1736,ECG,2,0.27,2024-11-18 17:52:38.904066,1,0.71,61.33,4,1
E1737,Ventilator,1,12.71,2024-08-14 17:52:38.904066,1,0.65,69.01,0,1
E1738,MRI,4,3.68,2025-06-19 17:52:38.904066,1,0.45,43.36,1,0
E1739,Ventilator,0,2.88,2024-09-26 17:52:38.904066,0,0.79,57.41,3,1
E1740,ECG,4,4.19,2025-04-29 17:52:38.904066,1,0.27,67.84,1,1
E1741,Ventilator,0,18.5,2025-05-03 17:52:38.904066,0,0.45,42.44,2,1
E1742,MRI,4,12.01,2024-11-16 17:52:38.904066,1,0.57,28.79,1,1
E1743,ECG,10,17.27,2025-06-04 17:52:38.904066,0,0.7,52.02,3,1
E1744,MRI,9,18.33,2025-03-28 17:52:38.904066,0,0.46,25.25,2,1
E1745,Ventilator,0,19.5,2025-06-14 17:52:38.904066,0,0.06,40.22,1,1
E1746,Ultrasound,0,15.12,2024-10-22 17:52:38.904066,3,0.24,53.86,3,1
E1747,Ventilator,8,6.07,2025-03-29 17:52:38.904066,0,0.02,44.4,3,0
E1748,ECG,10,13.23,2024-12-13 17:52:38.904066,2,0.79,46.04,0,1
E1749,ECG,4,2.05,2025-05-22 17:52:38.904066,1,0.65,65.1,0,1
E1750,Ventilator,9,14.68,2025-01-17 17:52:38.904066,0,0.56,65.27,0,1
E1751,Ultrasound,4,7.5,2025-04-03 17:52:38.904066,0,0.34,27.82,0,0
E1752,Ultrasound,0,14.16,2024-09-22 17:52:38.904066,0,0.65,69.2,1,1
E1753,Ventilator,0,6.42,2025-03-01 17:52:38.904066,2,0.09,69.57,1,1
E1754,MRI,6,11.44,2025-04-23 17:52:38.904066,2,0.02,67.7,0,1
E1755,Ventilator,7,17.7,2025-07-27 17:52:38.904066,0,0.5,21.42,1,1
E1756,Ultrasound,9,13.22,2025-04-03 17:52:38.904066,3,0.45,20.5,2,1
E1757,ECG,7,16.55,2025-02-08 17:52:38.904066,0,0.0,61.27,2,1
E1758,MRI,4,9.04,2025-04-05 17:52:38.904066,0,0.7,20.38,0,1
E1759,ECG,3,15.26,2025-01-14 17:52:38.904066,0,0.43,35.22,4,1
E1760,Ultrasound,3,14.06,2025-04-30 17:52:38.904066,2,0.17,20.63,1,0
E1761,Ventilator,2,3.88,2025-03-08 17:52:38.904066,0,0.61,40.01,2,1
E1762,ECG,4,14.57,2024-10-02 17:52:38.904066,1,0.54,22.51,0,1
E1763,MRI,7,14.65,2024-12-14 17:52:38.904066,0,0.11,30.4,0,1
E1764,ECG,12,3.8,2025-05-20 17:52:38.904066,1,0.23,50.14,0,1
E1765,Ultrasound,5,8.4,2025-07-02 17:52:38.904066,1,0.14,58.48,2,0
E1766,Ultrasound,5,15.22,2024-12-16 17:52:38.904066,1,0.26,69.19,0,1
E1767,MRI,10,16.41,2024-10-25 17:52:38.904066,0,0.77,68.91,1,1
E1768,ECG,7,17.52,2025-01-04 17:52:38.904066,0,0.79,64.16,4,1
E1769,MRI,5,19.99,2025-01-23 17:52:38.904066,0,0.61,27.01,1,1
E1770,ECG,11,15.5,2025-08-01 17:52:38.904066,1,0.7,68.99,4,1
E1771,MRI,6,9.61,2024-11-09 17:52:38.904066,1,0.05,47.9,0,1
E1772,Ultrasound,7,8.05,2025-03-09 17:52:38.904066,1,0.18,57.97,2,0
E1773,Ventilator,0,14.88,2025-07-05 17:52:38.904066,1,0.69,36.19,1,1
E1774,Ventilator,2,11.88,2025-08-01 17:52:38.904066,1,0.17,26.53,1,0
E1775,Ventilator,8,10.91,2025-04-16 17:52:38.904066,1,0.23,32.7,2,0
E1776,MRI,0,0.52,2025-03-11 17:52:38.904066,0,0.31,42.25,1,0
E1777,Ultrasound,10,9.09,2024-12-28 17:52:38.904066,0,0.16,41.98,3,1
E1778,MRI,0,8.29,2025-05-26 17:52:38.904066,2,0.37,27.75,1,0
E1779,Ultrasound,4,17.39,2024-11-18 17:52:38.904066,0,0.5,49.31,2,1
E1780,ECG,13,18.22,2024-08-17 17:52:38.904066,0,0.45,23.47,2,1
E1781,ECG,7,15.12,2024-12-17 17:52:38.904066,2,0.67,65.11,1,1
E1782,ECG,3,19.59,2025-01-28 17:52:38.904066,2,0.12,67.19,0,1
E1783,Ultrasound,10,4.37,2024-10-03 17:52:38.904066,1,0.53,26.07,0,1
E1784,MRI,2,6.17,2025-03-24 17:52:38.904066,1,0.6,56.56,0,0
E1785,Ventilator,5,2.36,2025-02-14 17:52:38.904066,2,0.04,49.99,2,0
E1786,MRI,0,10.09,2024-10-04 17:52:38.904066,3,0.63,21.98,3,1
E1787,Ultrasound,11,19.9,2024-10-27 17:52:38.904066,0,0.53,67.0,1,1
E1788,Ultrasound,0,10.87,2025-03-01 17:52:38.904066,0,0.13,36.18,0,0
E1789,Ultrasound,4,17.14,2024-12-25 17:52:38.904066,0,0.26,64.56,1,1
E1790,Ultrasound,2,4.84,2024-12-22 17:52:38.904066,0,0.46,65.14,3,1
E1791,Ultrasound,5,11.38,2024-09-07 17:52:38.904066,2,0.34,67.26,3,1
E1792,ECG,7,6.52,2025-05-03 17:52:38.904066,1,0.53,65.83,4,1
E1793,ECG,0,17.25,2024-12-20 17:52:38.904066,1,0.24,21.94,0,1
E1794,Ventilator,3,3.53,2025-02-01 17:52:38.904066,0,0.37,21.84,1,1
E1795,MRI,4,9.03,2025-03-11 17:52:38.904066,0,0.18,24.99,3,0
E1796,MRI,9,0.18,2025-04-08 17:52:38.904066,0,0.5,63.52,1,1
E1797,ECG,6,7.19,2025-05-16 17:52:38.904066,0,0.35,33.11,5,1
E1798,ECG,6,13.85,2025-02-16 17:52:38.904066,0,0.04,57.36,2,0
E1799,MRI,3,16.12,2024-11-20 17:52:38.904066,0,0.51,40.66,1,1
E1800,Ventilator,8,19.28,2025-06-08 17:52:38.904066,2,0.63,26.78,1,1
E1801,ECG,8,5.79,2025-02-16 17:52:38.904066,1,0.47,40.68,3,0
E1802,MRI,6,15.35,2024-09-10 17:52:38.904066,0,0.69,28.5,1,1
E1803,MRI,2,3.66,2024-11-28 17:52:38.904066,0,0.78,56.35,1,1
E1804,Ventilator,1,1.92,2025-03-17 17:52:38.904066,0,0.46,37.94,1,0
E1805,MRI,2,1.7,2024-11-04 17:52:38.904066,1,0.3,36.93,2,1
E1806,Ventilator,5,8.78,2025-05-28 17:52:38.904066,1,0.7,30.46,0,1
E1807,Ultrasound,1,10.58,2024-10-10 17:52:38.904066,3,0.24,52.5,2,1
E1808,Ventilator,1,4.22,2025-07-12 17:52:38.904066,0,0.72,46.07,1,1
E1809,Ultrasound,6,13.29,2025-05-27 17:52:38.904066,1,0.52,24.49,1,0
E1810,MRI,4,14.59,2025-05-04 17:52:38.904066,2,0.11,57.75,0,0
E1811,MRI,1,9.76,2024-11-16 17:52:38.904066,0,0.72,53.22,1,1
E1812,Ventilator,12,13.18,2024-10-22 17:52:38.904066,1,0.47,32.28,1,1
E1813,Ultrasound,0,2.78,2024-11-29 17:52:38.904066,0,0.6,55.26,1,1
E1814,Ventilator,1,7.61,2025-06-23 17:52:38.904066,0,0.3,39.68,1,0
E1815,ECG,0,4.21,2025-01-11 17:52:38.904066,0,0.01,21.66,1,1
E1816,ECG,11,17.4,2025-03-07 17:52:38.904066,2,0.11,23.22,1,1
E1817,Ventilator,5,4.27,2025-01-18 17:52:38.904066,0,0.07,27.63,3,1
E1818,ECG,3,14.27,2025-04-07 17:52:38.904066,1,0.33,39.52,1,0
E1819,ECG,6,2.45,2025-03-18 17:52:38.904066,4,0.74,52.4,0,1
E1820,Ventilator,0,14.39,2025-06-06 17:52:38.904066,0,0.11,25.67,0,0
E1821,Ultrasound,1,18.57,2024-12-25 17:52:38.904066,0,0.21,46.31,2,1
E1822,ECG,4,3.62,2025-05-24 17:52:38.904066,1,0.07,60.47,3,1
E1823,MRI,3,17.09,2025-04-09 17:52:38.904066,1,0.2,37.49,0,1
E1824,ECG,2,7.98,2024-08-19 17:52:38.904066,0,0.3,41.12,5,1
E1825,ECG,3,11.12,2025-05-29 17:52:38.904066,0,0.27,39.72,0,0
E1826,ECG,2,12.1,2024-11-01 17:52:38.904066,2,0.3,54.33,1,1
E1827,ECG,7,0.87,2024-11-04 17:52:38.904066,0,0.65,29.78,0,1
E1828,Ventilator,5,4.59,2025-06-13 17:52:38.904066,0,0.0,52.59,0,0
E1829,Ultrasound,8,0.0,2024-12-18 17:52:38.904066,1,0.57,29.48,3,1
E1830,Ventilator,8,19.86,2025-01-28 17:52:38.904066,0,0.51,58.38,0,1
E1831,Ultrasound,2,1.33,2025-06-05 17:52:38.904066,0,0.01,60.11,1,1
E1832,MRI,7,15.96,2024-12-01 17:52:38.904066,0,0.48,21.97,0,1
E1833,Ultrasound,2,3.4,2024-10-28 17:52:38.904066,1,0.54,26.48,3,1
E1834,MRI,9,12.33,2025-01-09 17:52:38.904066,1,0.8,54.05,1,1
E1835,MRI,8,6.33,2024-11-03 17:52:38.904066,1,0.53,66.89,4,1
E1836,ECG,2,18.72,2024-10-05 17:52:38.904066,1,0.08,43.76,0,1
E1837,Ultrasound,7,10.26,2025-02-03 17:52:38.904066,1,0.34,59.46,2,1
E1838,ECG,1,16.39,2025-01-15 17:52:38.904066,2,0.4,21.6,0,1
E1839,MRI,7,4.09,2024-08-10 17:52:38.904066,0,0.52,37.4,2,1
E1840,MRI,4,16.91,2025-01-28 17:52:38.904066,2,0.44,29.86,2,1
E1841,MRI,8,10.2,2024-09-20 17:52:38.904066,1,0.66,44.22,2,1
E1842,ECG,0,3.28,2025-07-13 17:52:38.904066,1,0.75,26.2,1,1
E1843,ECG,6,3.1,2024-11-13 17:52:38.904066,1,0.36,47.43,0,1
E1844,MRI,4,11.19,2025-06-27 17:52:38.904066,2,0.32,63.23,0,1
E1845,MRI,1,3.68,2025-07-01 17:52:38.904066,0,0.16,56.93,2,0
E1846,Ultrasound,0,5.94,2025-02-05 17:52:38.904066,1,0.75,30.13,4,1
E1847,Ventilator,6,11.15,2025-05-17 17:52:38.904066,0,0.31,41.88,2,0
E1848,Ventilator,5,18.56,2025-01-15 17:52:38.904066,0,0.55,23.06,4,1
E1849,Ventilator,11,7.98,2024-11-16 17:52:38.904066,2,0.64,57.27,3,1
E1850,ECG,8,16.08,2025-03-07 17:52:38.904066,2,0.79,58.81,0,1
E1851,MRI,3,6.74,2024-09-09 17:52:38.904066,2,0.6,61.04,1,1
E1852,Ventilator,8,9.54,2025-04-27 17:52:38.904066,0,0.05,61.37,0,1
E1853,ECG,7,13.92,2025-07-31 17:52:38.904066,2,0.01,44.18,3,0
E1854,ECG,5,5.13,2024-12-14 17:52:38.904066,1,0.08,54.42,1,1
E1855,MRI,8,10.81,2025-06-26 17:52:38.904066,1,0.26,23.92,1,0
E1856,Ventilator,2,10.93,2025-07-05 17:52:38.904066,2,0.33,39.42,2,0
E1857,Ventilator,1,9.42,2024-08-25 17:52:38.904066,1,0.35,58.1,1,1
E1858,MRI,9,11.29,2024-12-29 17:52:38.904066,0,0.0,37.34,2,1
E1859,Ventilator,10,15.52,2025-02-11 17:52:38.904066,0,0.19,53.73,1,1
E1860,ECG,3,18.35,2024-09-24 17:52:38.904066,1,0.75,40.55,0,1
E1861,Ultrasound,6,14.79,2024-10-04 17:52:38.904066,0,0.4,52.31,1,1
E1862,ECG,0,12.73,2024-08-10 17:52:38.904066,0,0.53,26.57,2,1
E1863,Ventilator,8,18.23,2024-10-19 17:52:38.904066,3,0.8,20.63,1,1
E1864,Ultrasound,4,3.24,2025-05-29 17:52:38.904066,1,0.21,58.46,1,0
E1865,ECG,10,11.06,2025-07-07 17:52:38.904066,0,0.12,52.78,1,1
E1866,MRI,3,1.63,2024-09-12 17:52:38.904066,0,0.71,47.29,4,1
E1867,Ventilator,2,4.46,2024-10-14 17:52:38.904066,1,0.35,53.57,3,1
E1868,ECG,7,19.17,2025-04-15 17:52:38.904066,1,0.56,31.95,2,1
E1869,Ventilator,8,2.74,2024-12-03 17:52:38.904066,0,0.13,51.75,3,1
E1870,Ultrasound,1,7.96,2024-10-03 17:52:38.904066,1,0.29,56.77,1,1
E1871,Ventilator,2,8.08,2024-10-27 17:52:38.904066,2,0.77,35.33,2,1
E1872,MRI,5,15.32,2024-12-17 17:52:38.904066,1,0.18,59.09,0,1
E1873,MRI,2,0.28,2025-01-23 17:52:38.904066,0,0.03,46.45,1,1
E1874,ECG,2,5.27,2024-09-02 17:52:38.904066,1,0.73,55.95,1,1
E1875,Ultrasound,14,11.4,2024-09-08 17:52:38.904066,1,0.3,30.51,3,1
E1876,Ultrasound,0,15.83,2025-04-01 17:52:38.904066,1,0.4,39.55,2,0
E1877,Ultrasound,5,17.27,2024-09-14 17:52:38.904066,1,0.29,39.19,3,1
E1878,MRI,8,15.17,2025-01-05 17:52:38.904066,1,0.45,37.58,2,1
E1879,Ultrasound,3,8.16,2024-11-21 17:52:38.904066,0,0.53,27.17,0,1
E1880,Ventilator,2,3.23,2025-07-17 17:52:38.904066,0,0.71,36.37,0,1
E1881,Ventilator,5,12.84,2025-02-04 17:52:38.904066,1,0.4,40.75,2,1
E1882,MRI,0,5.43,2025-02-02 17:52:38.904066,0,0.4,22.57,4,1
E1883,Ventilator,11,19.03,2025-06-25 17:52:38.904066,0,0.2,58.56,3,1
E1884,Ventilator,12,12.67,2024-08-31 17:52:38.904066,1,0.07,24.96,1,1
E1885,Ventilator,6,14.95,2025-07-05 17:52:38.904066,1,0.57,55.22,3,0
E1886,MRI,10,10.96,2025-03-29 17:52:38.904066,2,0.71,25.72,1,1
E1887,Ventilator,5,16.02,2024-08-07 17:52:38.904066,1,0.36,27.14,1,1
E1888,MRI,0,16.55,2025-06-15 17:52:38.904066,1,0.22,60.74,2,1
E1889,MRI,6,0.99,2025-05-31 17:52:38.904066,2,0.16,65.19,2,1
E1890,Ventilator,0,11.73,2025-03-24 17:52:38.904066,0,0.07,51.43,0,0
E1891,ECG,3,0.36,2024-11-03 17:52:38.904066,1,0.51,66.91,0,1
E1892,MRI,0,19.18,2025-06-12 17:52:38.904066,0,0.67,54.59,1,1
E1893,Ultrasound,5,1.3,2024-09-11 17:52:38.904066,0,0.07,24.31,1,1
E1894,Ventilator,10,5.02,2024-12-24 17:52:38.904066,1,0.09,60.72,1,1
E1895,ECG,5,10.78,2024-09-12 17:52:38.904066,0,0.05,62.47,1,1
E1896,Ventilator,5,1.72,2025-01-30 17:52:38.904066,0,0.09,36.97,2,1
E1897,Ultrasound,4,17.68,2024-12-11 17:52:38.904066,1,0.02,27.15,3,1
E1898,MRI,5,11.42,2025-01-06 17:52:38.904066,3,0.36,54.0,2,1
E1899,MRI,7,13.2,2024-10-15 17:52:38.904066,1,0.37,56.83,0,1
E1900,MRI,1,11.37,2025-03-24 17:52:38.904066,0,0.03,65.0,0,1
E1901,Ultrasound,3,6.49,2025-07-20 17:52:38.904066,1,0.14,66.18,1,1
E1902,Ventilator,4,11.8,2024-09-16 17:52:38.904066,0,0.4,35.47,0,1
E1903,MRI,10,7.16,2024-10-02 17:52:38.904066,2,0.14,20.47,1,1
E1904,Ventilator,3,13.52,2025-06-10 17:52:38.904066,3,0.31,42.89,0,1
E1905,Ultrasound,7,3.5,2024-10-04 17:52:38.904066,1,0.47,25.25,1,1
E1906,MRI,6,19.7,2025-04-27 17:52:38.904066,1,0.38,43.39,4,1
E1907,MRI,5,2.58,2024-09-04 17:52:38.904066,0,0.64,58.96,1,1
E1908,Ventilator,0,14.93,2025-07-13 17:52:38.904066,1,0.05,59.05,0,0
E1909,MRI,0,5.03,2024-12-02 17:52:38.904066,0,0.03,57.89,2,1
E1910,MRI,10,6.34,2024-12-17 17:52:38.904066,0,0.55,54.78,0,1
E1911,Ultrasound,3,15.5,2024-09-20 17:52:38.904066,0,0.65,58.69,1,1
E1912,ECG,12,19.48,2024-11-06 17:52:38.904066,1,0.18,35.59,2,1
E1913,ECG,0,9.9,2025-07-30 17:52:38.904066,0,0.31,43.41,2,0
E1914,Ventilator,2,6.26,2024-08-30 17:52:38.904066,3,0.05,47.22,0,1
E1915,MRI,2,2.34,2024-08-07 17:52:38.904066,2,0.55,23.35,2,1
E1916,ECG,9,7.07,2025-04-06 17:52:38.904066,1,0.38,24.54,0,1
E1917,Ultrasound,8,11.61,2024-12-23 17:52:38.904066,2,0.06,49.9,1,1
E1918,ECG,9,18.69,2025-04-10 17:52:38.904066,2,0.71,66.89,0,1
E1919,MRI,8,12.05,2024-12-08 17:52:38.904066,0,0.55,57.72,1,1
E1920,Ventilator,7,6.82,2024-11-10 17:52:38.904066,1,0.34,34.2,1,1
E1921,ECG,0,14.89,2024-08-26 17:52:38.904066,1,0.77,45.09,3,1
E1922,MRI,15,9.81,2024-12-13 17:52:38.904066,2,0.74,36.73,1,1
E1923,Ultrasound,0,8.44,2025-07-14 17:52:38.904066,3,0.36,34.06,2,1
E1924,ECG,11,0.42,2025-01-27 17:52:38.904066,0,0.29,61.16,1,1
E1925,MRI,0,18.41,2025-05-25 17:52:38.904066,1,0.48,50.44,2,1
E1926,Ultrasound,2,11.97,2025-03-06 17:52:38.904066,0,0.6,44.59,1,0
E1927,MRI,2,9.87,2025-02-03 17:52:38.904066,1,0.34,69.9,2,1
E1928,ECG,10,9.31,2024-10-08 17:52:38.904066,1,0.69,66.75,1,1
E1929,ECG,0,2.47,2024-09-19 17:52:38.904066,1,0.14,69.33,0,1
E1930,Ventilator,4,13.98,2025-05-17 17:52:38.904066,1,0.18,28.82,3,0
E1931,Ultrasound,7,15.08,2025-03-28 17:52:38.904066,2,0.51,69.19,0,1
E1932,ECG,8,2.98,2024-10-23 17:52:38.904066,1,0.01,35.36,3,1
E1933,ECG,3,11.93,2024-12-08 17:52:38.904066,0,0.46,49.5,2,1
E1934,MRI,1,1.02,2024-10-24 17:52:38.904066,2,0.12,61.54,2,1
E1935,Ventilator,8,16.47,2025-01-10 17:52:38.904066,1,0.67,50.91,1,1
E1936,Ultrasound,10,19.75,2024-11-04 17:52:38.904066,0,0.12,31.53,2,1
E1937,Ultrasound,0,15.06,2025-05-12 17:52:38.904066,0,0.04,46.8,0,0
E1938,Ventilator,4,3.58,2024-08-15 17:52:38.904066,0,0.23,27.86,1,1
E1939,MRI,3,14.53,2024-12-17 17:52:38.904066,0,0.26,53.55,3,1
E1940,Ventilator,12,12.8,2025-06-02 17:52:38.904066,3,0.33,54.38,2,1
E1941,ECG,1,17.38,2024-11-11 17:52:38.904066,1,0.34,46.12,1,1
E1942,Ventilator,0,19.46,2025-07-13 17:52:38.904066,1,0.19,64.4,1,1
E1943,Ultrasound,3,2.26,2024-12-18 17:52:38.904066,0,0.34,40.75,1,1
E1944,ECG,6,6.22,2024-12-30 17:52:38.904066,3,0.08,30.93,1,1
E1945,MRI,0,4.92,2024-09-12 17:52:38.904066,0,0.6,32.53,1,1
E1946,MRI,8,3.03,2024-10-14 17:52:38.904066,2,0.25,42.79,2,1
E1947,MRI,0,3.98,2024-10-14 17:52:38.904066,1,0.5,61.18,0,1
E1948,Ultrasound,9,12.84,2024-11-02 17:52:38.904066,1,0.72,51.81,1,1
E1949,ECG,6,7.7,2025-06-19 17:52:38.904066,2,0.19,50.06,3,0
E1950,Ultrasound,7,13.76,2025-01-20 17:52:38.904066,3,0.13,57.05,2,1
E1951,Ventilator,8,9.28,2024-11-23 17:52:38.904066,1,0.29,69.21,1,1
E1952,MRI,3,2.82,2024-08-17 17:52:38.904066,1,0.68,60.4,2,1
E1953,Ultrasound,6,16.29,2024-11-02 17:52:38.904066,1,0.2,43.83,1,1
E1954,Ultrasound,3,5.94,2024-09-11 17:52:38.904066,0,0.74,52.57,1,1
E1955,Ultrasound,2,13.55,2025-05-10 17:52:38.904066,1,0.14,60.16,0,1
E1956,MRI,4,9.84,2025-05-16 17:52:38.904066,0,0.69,25.29,2,1
E1957,MRI,0,15.66,2024-08-22 17:52:38.904066,0,0.72,68.18,0,1
E1958,Ultrasound,9,13.68,2024-09-16 17:52:38.904066,1,0.14,65.98,0,1
E1959,MRI,12,19.37,2025-05-14 17:52:38.904066,1,0.54,64.38,3,1
E1960,Ventilator,9,1.11,2025-07-19 17:52:38.904066,1,0.27,44.66,1,1
E1961,ECG,3,12.14,2025-03-06 17:52:38.904066,2,0.36,24.34,0,0
E1962,Ultrasound,0,14.57,2025-04-17 17:52:38.904066,0,0.23,67.83,1,1
E1963,Ultrasound,3,15.34,2025-07-23 17:52:38.904066,1,0.06,23.56,2,0
E1964,Ventilator,9,6.36,2025-03-28 17:52:38.904066,2,0.21,53.82,0,1
E1965,Ultrasound,0,13.17,2025-06-25 17:52:38.904066,0,0.37,35.96,2,0
E1966,ECG,11,9.91,2025-05-11 17:52:38.904066,1,0.04,63.41,1,1
E1967,ECG,3,8.9,2025-01-17 17:52:38.904066,0,0.59,62.52,2,1
E1968,Ventilator,11,7.16,2024-09-05 17:52:38.904066,1,0.17,42.31,2,1
E1969,MRI,2,10.25,2024-11-01 17:52:38.904066,0,0.19,20.15,2,1
E1970,Ventilator,3,3.14,2024-10-22 17:52:38.904066,1,0.61,58.68,2,1
E1971,ECG,3,0.99,2024-12-02 17:52:38.904066,2,0.01,65.98,2,1
E1972,ECG,7,7.45,2025-01-17 17:52:38.904066,1,0.42,38.39,1,1
E1973,Ventilator,8,18.23,2024-10-27 17:52:38.904066,0,0.17,22.64,4,1
E1974,ECG,6,10.69,2025-02-25 17:52:38.904066,0,0.07,59.85,0,0
E1975,Ultrasound,4,15.05,2024-10-11 17:52:38.904066,0,0.71,66.85,2,1
E1976,ECG,0,15.47,2025-04-22 17:52:38.904066,2,0.59,35.34,1,0
E1977,Ventilator,9,6.31,2024-11-02 17:52:38.904066,0,0.49,40.25,2,1
E1978,Ventilator,8,12.96,2025-07-23 17:52:38.904066,0,0.57,57.26,2,0
E1979,Ultrasound,11,10.44,2025-07-26 17:52:38.904066,1,0.49,40.22,3,1
E1980,Ultrasound,6,13.11,2025-06-26 17:52:38.904066,0,0.61,64.22,3,1
E1981,ECG,5,9.95,2025-05-24 17:52:38.904066,2,0.74,31.71,1,1
E1982,ECG,11,14.57,2024-12-12 17:52:38.904066,1,0.22,32.28,1,1
E1983,MRI,11,13.09,2024-08-21 17:52:38.904066,0,0.51,48.4,1,1
E1984,MRI,3,7.64,2025-02-03 17:52:38.904066,1,0.27,43.37,2,1
E1985,Ventilator,2,2.68,2024-09-06 17:52:38.904066,0,0.59,67.18,1,1
E1986,ECG,11,8.59,2025-02-12 17:52:38.904066,2,0.51,35.71,3,1
E1987,Ventilator,0,16.91,2025-07-30 17:52:38.904066,1,0.52,20.62,1,1
E1988,Ventilator,5,19.0,2025-03-31 17:52:38.904066,0,0.02,23.58,1,1
E1989,MRI,5,7.45,2025-08-05 17:52:38.904066,1,0.39,25.38,1,0
E1990,Ventilator,5,6.66,2025-04-12 17:52:38.904066,0,0.51,54.77,1,0
E1991,MRI,0,17.54,2025-01-12 17:52:38.904066,2,0.62,23.0,1,1
E1992,Ultrasound,2,13.63,2025-01-25 17:52:38.904066,0,0.73,60.9,1,1
E1993,MRI,5,14.12,2025-02-02 17:52:38.904066,1,0.43,29.66,2,1
E1994,MRI,2,17.6,2024-09-09 17:52:38.904066,2,0.35,57.53,7,1
E1995,ECG,0,9.8,2025-05-11 17:52:38.904066,0,0.21,62.93,1,1
E1996,ECG,0,6.68,2025-05-01 17:52:38.904066,1,0.4,36.38,2,0
E1997,MRI,8,8.94,2024-09-12 17:52:38.904066,3,0.71,43.55,1,1
E1998,MRI,12,13.89,2025-07-28 17:52:38.904066,1,0.34,35.79,2,1
E1999,MRI,7,0.11,2024-12-19 17:52:38.904066,2,0.26,30.37,1,1
E2000,Ventilator,3,11.87,2025-07-11 17:52:38.904066,1,0.78,61.31,1,1
E2001,ECG,5,14.87,2024-10-15 17:52:38.904066,0,0.7,30.46,4,1
E2002,ECG,3,8.94,2024-11-04 17:52:38.904066,1,0.24,58.64,1,1
E2003,Ventilator,4,4.41,2025-06-30 17:52:38.904066,1,0.37,53.0,0,0
E2004,Ventilator,11,19.97,2025-04-14 17:52:38.904066,0,0.02,24.31,1,1
E2005,Ventilator,5,9.53,2025-07-31 17:52:38.904066,2,0.8,32.26,0,1
E2006,Ventilator,11,6.89,2025-05-10 17:52:38.904066,1,0.29,48.77,4,1
E2007,Ventilator,9,12.99,2025-06-20 17:52:38.904066,1,0.42,48.8,6,1
E2008,Ventilator,5,2.15,2024-11-11 17:52:38.904066,0,0.24,55.49,1,1
E2009,MRI,2,11.98,2025-01-28 17:52:38.904066,1,0.01,42.01,2,1
E2010,Ventilator,11,3.3,2025-06-11 17:52:38.904066,0,0.13,47.1,0,1
E2011,Ultrasound,6,9.48,2024-10-25 17:52:38.904066,0,0.31,52.0,0,1
E2012,Ventilator,1,18.84,2025-01-16 17:52:38.904066,1,0.74,68.68,0,1
E2013,Ventilator,10,16.05,2024-10-02 17:52:38.904066,0,0.65,60.83,1,1
E2014,Ultrasound,3,1.47,2025-05-04 17:52:38.904066,1,0.44,24.6,2,0
E2015,Ventilator,5,10.7,2024-12-20 17:52:38.904066,1,0.46,42.22,3,1
E2016,Ventilator,5,12.84,2025-04-17 17:52:38.904066,0,0.78,69.03,0,1
E2017,Ultrasound,3,9.65,2024-10-27 17:52:38.904066,0,0.57,24.9,2,1
E2018,ECG,0,2.85,2025-05-27 17:52:38.904066,1,0.76,23.74,0,1
E2019,Ventilator,6,18.13,2025-01-16 17:52:38.904066,2,0.69,59.72,1,1
E2020,ECG,0,12.95,2024-09-01 17:52:38.904066,1,0.68,28.35,1,1
E2021,Ultrasound,6,2.1,2024-10-01 17:52:38.904066,0,0.36,69.33,3,1
E2022,Ultrasound,0,5.81,2025-07-02 17:52:38.904066,2,0.3,42.81,2,0
E2023,Ventilator,2,8.18,2025-04-03 17:52:38.904066,0,0.36,26.31,0,0
E2024,MRI,2,7.62,2025-05-14 17:52:38.904066,1,0.34,50.2,3,0
E2025,Ventilator,1,10.56,2025-06-22 17:52:38.904066,2,0.59,29.35,0,0
E2026,MRI,0,15.88,2025-02-14 17:52:38.904066,1,0.18,56.89,0,0
E2027,ECG,11,18.32,2025-03-27 17:52:38.904066,2,0.01,31.82,1,1
E2028,MRI,8,6.51,2025-03-07 17:52:38.904066,2,0.74,46.87,6,1
E2029,Ventilator,5,13.92,2024-12-20 17:52:38.904066,1,0.39,52.77,3,1
E2030,Ventilator,8,19.05,2025-08-04 17:52:38.904066,0,0.1,43.34,3,1
E2031,MRI,2,11.75,2025-01-17 17:52:38.904066,0,0.14,58.74,2,1
E2032,ECG,6,0.19,2025-03-12 17:52:38.904066,3,0.55,28.54,1,1
E2033,MRI,2,0.85,2024-12-12 17:52:38.904066,1,0.49,64.48,2,1
E2034,Ventilator,6,12.73,2025-02-24 17:52:38.904066,2,0.22,40.82,2,0
E2035,MRI,2,16.54,2024-12-18 17:52:38.904066,2,0.3,57.73,2,1
E2036,Ultrasound,0,5.02,2024-11-01 17:52:38.904066,0,0.38,26.85,2,1
E2037,ECG,1,8.7,2025-05-22 17:52:38.904066,1,0.32,57.5,0,0
E2038,Ventilator,4,8.5,2025-01-25 17:52:38.904066,2,0.1,52.14,2,1
E2039,ECG,0,11.12,2025-03-31 17:52:38.904066,0,0.66,50.67,3,1
E2040,MRI,3,6.93,2025-07-29 17:52:38.904066,1,0.58,22.7,3,0
E2041,Ventilator,3,3.93,2024-09-16 17:52:38.904066,0,0.2,39.53,0,1
E2042,Ultrasound,8,11.79,2025-06-07 17:52:38.904066,0,0.2,43.1,4,1
E2043,Ventilator,1,5.25,2024-10-20 17:52:38.904066,3,0.13,63.79,1,1
E2044,Ultrasound,7,14.45,2024-12-20 17:52:38.904066,3,0.29,66.36,0,1
E2045,Ultrasound,1,8.28,2025-05-18 17:52:38.904066,1,0.64,36.81,4,1
E2046,MRI,0,18.6,2024-08-20 17:52:38.904066,0,0.64,33.93,0,1
E2047,Ultrasound,8,4.83,2025-01-26 17:52:38.904066,0,0.76,62.12,0,1
E2048,ECG,9,12.98,2025-01-15 17:52:38.904066,2,0.16,30.77,0,1
E2049,Ventilator,1,19.46,2024-09-07 17:52:38.904066,0,0.56,33.48,1,1
E2050,Ventilator,5,7.22,2025-03-20 17:52:38.904066,0,0.14,46.31,2,0
E2051,MRI,9,6.3,2025-03-25 17:52:38.904066,0,0.26,40.31,0,1
E2052,Ultrasound,3,9.38,2024-10-14 17:52:38.904066,0,0.76,34.69,3,1
E2053,MRI,5,3.94,2025-07-29 17:52:38.904066,0,0.02,62.61,0,1
E2054,Ventilator,0,14.32,2024-12-23 17:52:38.904066,0,0.78,65.02,2,1
E2055,ECG,7,19.97,2025-04-29 17:52:38.904066,2,0.21,43.78,3,1
E2056,ECG,5,0.92,2025-05-26 17:52:38.904066,0,0.19,25.67,3,0
E2057,Ultrasound,9,4.73,2025-03-30 17:52:38.904066,0,0.03,42.54,1,1
E2058,MRI,5,9.82,2025-02-14 17:52:38.904066,2,0.37,56.12,1,0
E2059,MRI,15,14.05,2025-02-21 17:52:38.904066,0,0.38,52.14,1,1
E2060,ECG,6,1.85,2025-01-08 17:52:38.904066,1,0.35,22.81,0,1
E2061,Ventilator,7,15.12,2025-07-12 17:52:38.904066,0,0.39,38.65,2,0
E2062,MRI,9,9.41,2025-01-13 17:52:38.904066,1,0.36,35.89,0,1
E2063,Ventilator,2,4.39,2025-03-23 17:52:38.904066,1,0.74,33.8,1,1
E2064,Ventilator,11,6.5,2025-06-15 17:52:38.904066,1,0.54,68.39,0,1
E2065,MRI,2,4.8,2025-03-22 17:52:38.904066,1,0.71,45.7,1,1
E2066,Ultrasound,2,16.34,2025-03-20 17:52:38.904066,1,0.75,26.61,2,1
E2067,Ultrasound,9,19.55,2025-04-02 17:52:38.904066,1,0.56,39.01,3,1
E2068,MRI,3,17.47,2025-04-26 17:52:38.904066,1,0.29,62.6,2,1
E2069,Ultrasound,10,10.75,2025-01-20 17:52:38.904066,1,0.59,45.8,1,1
E2070,Ventilator,8,17.53,2025-05-31 17:52:38.904066,1,0.73,58.15,2,1
E2071,Ultrasound,0,0.6,2025-02-06 17:52:38.904066,1,0.76,23.76,1,1
E2072,ECG,8,13.24,2024-08-13 17:52:38.904066,2,0.3,24.46,1,1
E2073,ECG,7,3.37,2025-04-07 17:52:38.904066,1,0.75,57.01,3,1
E2074,ECG,2,2.3,2024-09-17 17:52:38.904066,3,0.44,23.35,2,1
E2075,ECG,9,6.41,2024-10-15 17:52:38.904066,1,0.08,61.91,1,1
E2076,Ventilator,3,8.02,2024-11-17 17:52:38.904066,0,0.21,32.01,1,1
E2077,ECG,3,14.82,2024-12-28 17:52:38.904066,1,0.16,53.03,1,1
E2078,MRI,2,19.89,2025-01-25 17:52:38.904066,0,0.78,32.39,2,1
E2079,ECG,6,9.56,2025-02-07 17:52:38.904066,1,0.25,66.69,1,1
E2080,Ventilator,2,0.71,2024-10-28 17:52:38.904066,0,0.03,48.83,0,1
E2081,Ultrasound,3,2.26,2025-08-01 17:52:38.904066,1,0.44,62.26,1,1
E2082,ECG,4,1.61,2024-12-24 17:52:38.904066,2,0.45,45.79,1,1
E2083,ECG,3,18.11,2024-08-13 17:52:38.904066,2,0.34,68.24,3,1
E2084,MRI,6,18.74,2025-06-21 17:52:38.904066,0,0.16,58.78,1,1
E2085,ECG,2,12.75,2025-05-03 17:52:38.904066,1,0.46,68.09,5,1
E2086,MRI,8,9.32,2025-01-19 17:52:38.904066,1,0.78,29.79,2,1
E2087,Ventilator,8,6.09,2024-11-03 17:52:38.904066,1,0.42,60.04,0,1
E2088,Ventilator,9,19.87,2025-05-28 17:52:38.904066,0,0.14,60.25,2,1
E2089,ECG,2,4.15,2025-07-18 17:52:38.904066,0,0.24,50.77,3,0
E2090,MRI,5,12.73,2025-07-02 17:52:38.904066,2,0.2,28.37,2,0
E2091,MRI,4,18.6,2024-11-20 17:52:38.904066,0,0.53,21.54,0,1
E2092,ECG,5,19.87,2024-08-13 17:52:38.904066,1,0.52,38.87,2,1
E2093,Ventilator,7,11.35,2025-03-23 17:52:38.904066,1,0.35,46.3,2,0
E2094,Ultrasound,8,14.07,2024-09-14 17:52:38.904066,0,0.12,59.52,1,1
E2095,MRI,13,5.78,2025-06-19 17:52:38.904066,0,0.63,55.53,5,1
E2096,ECG,8,9.22,2025-05-16 17:52:38.904066,1,0.25,45.12,0,0
E2097,ECG,7,9.65,2025-06-28 17:52:38.904066,2,0.44,38.46,3,0
E2098,Ventilator,1,17.02,2025-05-12 17:52:38.904066,0,0.59,21.09,1,1
E2099,ECG,8,11.13,2024-08-16 17:52:38.904066,1,0.46,41.9,2,1
E2100,Ultrasound,0,12.39,2025-06-03 17:52:38.904066,1,0.33,38.17,2,0
E2101,Ultrasound,10,18.4,2025-06-25 17:52:38.904066,2,0.28,48.08,1,1
E2102,ECG,14,18.05,2025-07-12 17:52:38.904066,0,0.37,66.07,0,1
E2103,ECG,3,12.68,2024-11-07 17:52:38.904066,1,0.62,60.94,1,1
E2104,Ultrasound,0,12.08,2025-05-25 17:52:38.904066,0,0.2,54.37,2,0
E2105,Ventilator,2,15.65,2025-02-26 17:52:38.904066,1,0.16,44.56,0,0
E2106,Ultrasound,1,3.38,2024-08-24 17:52:38.904066,1,0.58,41.78,0,1
E2107,Ventilator,8,12.18,2024-12-23 17:52:38.904066,1,0.46,38.88,1,1
E2108,Ultrasound,11,2.96,2024-09-16 17:52:38.904066,1,0.66,21.41,2,1
E2109,ECG,7,3.71,2025-05-20 17:52:38.904066,0,0.55,35.44,1,0
E2110,Ventilator,0,17.77,2025-07-16 17:52:38.904066,0,0.47,65.27,3,1
E2111,Ultrasound,6,16.94,2025-01-11 17:52:38.904066,2,0.3,67.32,2,1
E2112,Ventilator,9,15.66,2024-09-15 17:52:38.904066,1,0.45,62.45,2,1
E2113,Ultrasound,14,13.25,2025-01-01 17:52:38.904066,1,0.12,48.34,2,1
E2114,ECG,0,16.83,2025-04-19 17:52:38.904066,0,0.41,26.35,2,1
E2115,Ventilator,11,3.35,2025-07-02 17:52:38.904066,1,0.38,36.92,0,1
E2116,Ventilator,8,13.47,2024-08-18 17:52:38.904066,0,0.24,38.43,2,1
E2117,Ventilator,1,2.04,2025-07-19 17:52:38.904066,1,0.16,62.22,2,1
E2118,Ultrasound,4,18.85,2024-11-18 17:52:38.904066,2,0.55,41.18,1,1
E2119,Ultrasound,4,2.83,2025-02-24 17:52:38.904066,2,0.51,52.75,1,0
E2120,ECG,0,15.58,2025-03-22 17:52:38.904066,0,0.62,25.18,2,1
E2121,Ventilator,0,3.74,2025-02-07 17:52:38.904066,2,0.59,20.48,2,0
E2122,ECG,5,4.95,2025-01-19 17:52:38.904066,3,0.09,66.49,1,1
E2123,Ultrasound,7,9.94,2025-01-20 17:52:38.904066,1,0.43,23.06,4,1
E2124,MRI,11,12.7,2025-02-13 17:52:38.904066,0,0.09,25.75,0,1
E2125,Ventilator,5,6.72,2025-05-12 17:52:38.904066,0,0.21,23.39,1,0
E2126,Ventilator,4,8.59,2025-03-14 17:52:38.904066,2,0.69,37.03,0,1
E2127,MRI,11,10.05,2024-12-17 17:52:38.904066,0,0.16,47.45,2,1
E2128,Ventilator,0,18.56,2025-04-04 17:52:38.904066,0,0.05,33.8,0,1
E2129,Ventilator,0,2.92,2025-02-25 17:52:38.904066,0,0.47,67.87,2,1
E2130,Ventilator,0,1.88,2024-10-06 17:52:38.904066,1,0.59,41.44,2,1
E2131,Ventilator,0,8.05,2024-09-08 17:52:38.904066,0,0.28,60.73,5,1
E2132,MRI,0,14.08,2025-07-11 17:52:38.904066,1,0.44,69.88,3,1
E2133,MRI,5,12.97,2025-06-07 17:52:38.904066,2,0.6,38.83,0,0
E2134,ECG,1,1.34,2024-11-06 17:52:38.904066,1,0.57,27.65,4,1
E2135,MRI,1,1.75,2024-08-15 17:52:38.904066,1,0.07,56.08,1,1
E2136,MRI,1,2.48,2024-11-06 17:52:38.904066,0,0.46,48.31,2,1
E2137,Ultrasound,0,7.23,2025-05-19 17:52:38.904066,3,0.34,49.23,1,1
E2138,Ultrasound,12,4.64,2025-07-16 17:52:38.904066,0,0.26,33.88,1,1
E2139,ECG,7,2.3,2025-02-25 17:52:38.904066,1,0.56,59.6,1,0
E2140,ECG,4,9.06,2024-09-21 17:52:38.904066,0,0.09,30.54,4,1
E2141,ECG,8,7.66,2025-04-10 17:52:38.904066,2,0.33,26.01,1,0
E2142,ECG,9,6.0,2025-04-04 17:52:38.904066,0,0.02,36.76,1,1
E2143,Ultrasound,3,12.39,2024-09-05 17:52:38.904066,3,0.28,37.73,1,1
E2144,Ventilator,7,12.37,2024-12-18 17:52:38.904066,1,0.73,35.57,1,1
E2145,ECG,0,15.46,2025-01-14 17:52:38.904066,1,0.56,41.82,0,1
E2146,MRI,9,13.19,2025-05-06 17:52:38.904066,0,0.05,58.58,0,1
E2147,Ultrasound,12,4.45,2025-04-08 17:52:38.904066,1,0.52,21.96,4,1
E2148,ECG,6,13.87,2024-08-25 17:52:38.904066,1,0.74,52.08,2,1
E2149,MRI,0,13.55,2025-01-14 17:52:38.904066,0,0.44,50.66,0,1
E2150,Ventilator,12,5.99,2025-07-12 17:52:38.904066,1,0.38,30.51,0,1
E2151,Ventilator,1,17.38,2025-07-23 17:52:38.904066,0,0.23,66.29,0,1
E2152,ECG,7,5.25,2025-02-10 17:52:38.904066,1,0.64,65.62,3,1
E2153,MRI,6,2.45,2025-07-13 17:52:38.904066,0,0.24,54.82,3,0
E2154,MRI,3,3.02,2024-12-01 17:52:38.904066,2,0.06,37.83,0,1
E2155,ECG,7,3.65,2024-10-08 17:52:38.904066,2,0.52,21.34,2,1
E2156,ECG,7,16.02,2025-01-16 17:52:38.904066,2,0.58,59.1,0,1
E2157,ECG,5,14.57,2025-07-07 17:52:38.904066,1,0.71,42.93,0,1
E2158,ECG,15,6.44,2025-04-22 17:52:38.904066,1,0.52,34.16,1,1
E2159,ECG,3,17.74,2024-09-16 17:52:38.904066,2,0.17,43.94,1,1
E2160,ECG,0,4.11,2025-03-24 17:52:38.904066,2,0.24,49.27,1,0
E2161,ECG,1,10.17,2025-07-28 17:52:38.904066,0,0.49,24.14,1,0
E2162,ECG,5,18.67,2025-05-10 17:52:38.904066,2,0.02,42.35,3,1
E2163,Ventilator,0,11.07,2025-08-01 17:52:38.904066,1,0.78,42.4,0,1
E2164,Ventilator,1,16.46,2024-12-25 17:52:38.904066,0,0.31,34.08,1,1
E2165,ECG,5,3.67,2024-10-17 17:52:38.904066,3,0.29,41.4,0,1
E2166,MRI,5,2.52,2024-10-06 17:52:38.904066,0,0.14,35.84,0,1
E2167,Ultrasound,3,7.55,2025-03-28 17:52:38.904066,1,0.53,20.72,2,0
E2168,ECG,5,2.67,2024-12-18 17:52:38.904066,0,0.29,40.61,3,1
E2169,Ventilator,2,5.27,2025-01-15 17:52:38.904066,1,0.59,38.3,1,1
E2170,ECG,12,16.11,2024-09-27 17:52:38.904066,0,0.34,63.94,0,1
E2171,Ventilator,4,0.18,2024-12-10 17:52:38.904066,1,0.46,57.65,3,1
E2172,MRI,4,17.65,2025-07-05 17:52:38.904066,1,0.71,56.72,2,1
E2173,MRI,7,17.93,2024-11-20 17:52:38.904066,0,0.24,52.82,3,1
E2174,Ventilator,5,10.86,2025-03-11 17:52:38.904066,3,0.33,31.37,1,1
E2175,Ventilator,12,3.78,2024-12-31 17:52:38.904066,0,0.33,44.77,0,1
E2176,ECG,9,16.59,2025-01-19 17:52:38.904066,0,0.46,51.52,0,1
E2177,MRI,3,6.88,2024-08-08 17:52:38.904066,0,0.58,32.32,1,1
E2178,Ventilator,8,6.22,2024-12-29 17:52:38.904066,1,0.25,23.01,0,1
E2179,Ventilator,5,12.02,2024-11-30 17:52:38.904066,1,0.78,25.94,0,1
E2180,MRI,6,7.96,2024-09-29 17:52:38.904066,0,0.48,29.02,1,1
E2181,Ventilator,1,18.14,2025-04-11 17:52:38.904066,0,0.61,59.52,3,1
E2182,Ventilator,1,1.96,2025-03-20 17:52:38.904066,0,0.77,39.99,2,1
E2183,Ventilator,14,4.8,2025-03-15 17:52:38.904066,0,0.24,48.67,3,1
E2184,Ventilator,1,12.8,2024-12-19 17:52:38.904066,1,0.46,29.0,4,1
E2185,ECG,8,4.61,2025-06-07 17:52:38.904066,0,0.55,34.15,1,0
E2186,Ultrasound,11,17.2,2025-02-17 17:52:38.904066,1,0.13,33.24,0,1
E2187,MRI,5,6.41,2025-01-03 17:52:38.904066,0,0.44,54.71,0,1
E2188,ECG,1,0.78,2024-11-02 17:52:38.904066,0,0.64,51.05,0,1
E2189,Ventilator,11,1.01,2025-05-11 17:52:38.904066,0,0.28,69.35,0,1
E2190,Ultrasound,4,1.23,2024-08-20 17:52:38.904066,0,0.36,62.68,0,1
E2191,ECG,1,5.34,2025-04-06 17:52:38.904066,0,0.62,38.4,3,1
E2192,Ultrasound,5,12.69,2024-08-22 17:52:38.904066,2,0.47,50.48,1,1
E2193,Ultrasound,4,18.38,2024-10-25 17:52:38.904066,0,0.48,20.84,3,1
E2194,Ultrasound,1,16.28,2025-03-31 17:52:38.904066,0,0.11,52.24,2,1
E2195,MRI,0,3.49,2024-11-13 17:52:38.904066,0,0.21,68.41,2,1
E2196,Ultrasound,1,4.41,2024-12-21 17:52:38.904066,1,0.39,64.28,3,1
E2197,Ventilator,0,13.29,2025-07-19 17:52:38.904066,1,0.51,69.91,3,1
E2198,MRI,5,8.04,2024-09-29 17:52:38.904066,1,0.57,56.39,0,1
E2199,MRI,5,18.39,2024-08-15 17:52:38.904066,2,0.45,21.88,0,1
E2200,Ultrasound,5,13.61,2025-07-09 17:52:38.904066,1,0.52,26.02,2,0
E2201,Ventilator,0,14.39,2024-09-15 17:52:38.904066,0,0.69,29.29,3,1
E2202,Ventilator,9,1.79,2025-02-14 17:52:38.904066,0,0.34,27.44,3,1
E2203,Ultrasound,11,11.3,2024-09-21 17:52:38.904066,0,0.27,47.58,1,1
E2204,MRI,5,13.03,2024-08-15 17:52:38.904066,2,0.58,43.34,2,1
E2205,ECG,3,18.5,2025-04-02 17:52:38.904066,0,0.37,64.95,0,1
E2206,Ultrasound,7,6.94,2025-04-24 17:52:38.904066,2,0.58,30.08,2,0
E2207,ECG,3,19.26,2025-03-29 17:52:38.904066,1,0.03,53.21,1,1
E2208,Ventilator,7,6.02,2025-04-14 17:52:38.904066,2,0.05,50.83,1,0
E2209,Ventilator,4,3.63,2024-10-27 17:52:38.904066,0,0.08,43.45,0,1
E2210,MRI,8,4.99,2025-04-29 17:52:38.904066,3,0.76,27.89,1,1
E2211,MRI,6,15.15,2024-09-28 17:52:38.904066,0,0.44,25.46,1,1
E2212,MRI,9,12.51,2025-04-01 17:52:38.904066,3,0.48,43.79,1,1
E2213,Ventilator,7,5.47,2025-03-20 17:52:38.904066,1,0.5,30.25,0,0
E2214,Ventilator,5,11.77,2025-06-06 17:52:38.904066,2,0.2,27.4,0,0
E2215,Ultrasound,0,4.47,2024-10-23 17:52:38.904066,1,0.72,45.18,1,1
E2216,Ultrasound,0,16.62,2024-09-02 17:52:38.904066,1,0.35,40.06,3,1
E2217,MRI,1,13.67,2025-06-21 17:52:38.904066,1,0.56,53.47,2,0
E2218,MRI,2,4.12,2025-07-02 17:52:38.904066,1,0.51,67.56,0,1
E2219,ECG,0,19.35,2025-04-19 17:52:38.904066,2,0.57,39.98,1,1
E2220,Ventilator,2,10.61,2024-11-15 17:52:38.904066,0,0.77,20.28,1,1
E2221,Ventilator,3,0.1,2025-07-04 17:52:38.904066,0,0.16,65.68,2,1
E2222,ECG,6,19.53,2024-11-16 17:52:38.904066,2,0.05,60.73,0,1
E2223,MRI,0,19.92,2024-08-21 17:52:38.904066,0,0.21,42.32,5,1
E2224,ECG,15,19.15,2025-01-16 17:52:38.904066,1,0.39,53.22,3,1
E2225,Ultrasound,4,0.11,2025-06-11 17:52:38.904066,2,0.24,47.86,0,0
E2226,Ventilator,2,17.92,2024-08-27 17:52:38.904066,1,0.61,54.75,1,1
E2227,Ultrasound,13,19.29,2025-07-13 17:52:38.904066,1,0.59,39.31,1,1
E2228,Ventilator,10,15.76,2024-09-17 17:52:38.904066,0,0.52,57.49,2,1
E2229,ECG,4,6.89,2025-04-18 17:52:38.904066,1,0.03,66.69,1,1
E2230,ECG,7,17.07,2024-11-21 17:52:38.904066,0,0.01,66.52,1,1
E2231,Ultrasound,7,8.5,2025-08-03 17:52:38.904066,1,0.49,34.25,0,0
E2232,Ventilator,1,7.79,2024-11-12 17:52:38.904066,0,0.14,23.03,3,1
E2233,Ultrasound,9,17.7,2024-08-14 17:52:38.904066,2,0.72,41.89,1,1
E2234,Ventilator,5,8.4,2025-06-02 17:52:38.904066,0,0.77,20.92,0,1
E2235,Ultrasound,9,8.38,2025-01-13 17:52:38.904066,0,0.63,26.86,1,1
E2236,Ventilator,5,4.7,2024-09-20 17:52:38.904066,1,0.26,42.9,2,1
E2237,MRI,3,18.87,2025-01-17 17:52:38.904066,1,0.54,50.37,1,1
E2238,Ventilator,5,11.82,2024-11-25 17:52:38.904066,0,0.53,52.29,2,1
E2239,Ultrasound,8,0.51,2024-10-02 17:52:38.904066,0,0.04,60.5,1,1
E2240,Ventilator,3,13.72,2024-12-30 17:52:38.904066,3,0.74,58.68,0,1
E2241,MRI,5,6.96,2025-07-03 17:52:38.904066,1,0.63,26.83,2,1
E2242,Ultrasound,5,4.06,2024-12-18 17:52:38.904066,0,0.39,20.87,1,1
E2243,Ventilator,0,10.21,2025-06-24 17:52:38.904066,0,0.46,23.36,2,0
E2244,MRI,2,9.13,2025-05-22 17:52:38.904066,1,0.75,61.57,1,1
E2245,ECG,3,8.95,2024-11-07 17:52:38.904066,1,0.58,60.01,1,1
E2246,MRI,2,0.42,2025-06-07 17:52:38.904066,1,0.37,32.54,4,1
E2247,MRI,1,4.47,2025-08-02 17:52:38.904066,1,0.52,69.23,1,1
E2248,ECG,7,1.16,2024-12-05 17:52:38.904066,0,0.16,35.58,5,1
E2249,MRI,1,15.89,2025-02-01 17:52:38.904066,0,0.79,40.02,2,1
E2250,Ventilator,3,5.2,2025-06-05 17:52:38.904066,0,0.27,39.39,2,0
E2251,ECG,5,5.96,2025-01-23 17:52:38.904066,1,0.39,31.66,1,1
E2252,MRI,2,7.06,2024-08-14 17:52:38.904066,1,0.69,48.9,0,1
E2253,Ultrasound,0,18.68,2024-08-13 17:52:38.904066,1,0.0,39.4,2,1
E2254,MRI,6,6.11,2025-04-29 17:52:38.904066,1,0.69,21.06,2,1
E2255,Ventilator,0,9.87,2025-01-05 17:52:38.904066,0,0.14,47.56,1,1
E2256,MRI,1,11.81,2025-01-25 17:52:38.904066,0,0.5,34.5,1,1
E2257,Ventilator,0,11.36,2024-11-20 17:52:38.904066,0,0.3,56.6,1,1
E2258,MRI,8,4.12,2024-09-27 17:52:38.904066,1,0.18,53.03,2,1
E2259,MRI,2,10.85,2024-08-10 17:52:38.904066,1,0.46,50.0,2,1
E2260,Ventilator,11,15.86,2025-07-07 17:52:38.904066,1,0.39,35.36,1,1
E2261,Ventilator,3,5.71,2025-07-20 17:52:38.904066,0,0.77,25.25,1,1
E2262,MRI,0,7.9,2025-02-16 17:52:38.904066,0,0.03,54.6,0,0
E2263,MRI,4,4.13,2025-06-22 17:52:38.904066,1,0.63,49.16,2,1
E2264,ECG,3,14.82,2025-02-16 17:52:38.904066,0,0.08,46.3,1,0
E2265,MRI,3,14.99,2024-09-26 17:52:38.904066,0,0.49,36.01,4,1
E2266,MRI,0,14.99,2025-07-17 17:52:38.904066,0,0.51,33.0,1,0
E2267,Ventilator,4,17.51,2024-09-11 17:52:38.904066,1,0.15,30.1,1,1
E2268,MRI,6,5.3,2025-05-21 17:52:38.904066,1,0.25,67.48,3,1
E2269,Ultrasound,8,4.41,2025-07-28 17:52:38.904066,0,0.11,47.93,2,0
E2270,MRI,7,6.45,2024-10-26 17:52:38.904066,2,0.53,38.02,1,1
E2271,MRI,7,19.27,2024-08-06 17:52:38.904066,1,0.76,24.5,0,1
E2272,Ventilator,10,16.27,2024-12-21 17:52:38.904066,0,0.28,21.14,1,1
E2273,Ventilator,1,5.17,2025-04-21 17:52:38.904066,3,0.46,44.87,2,1
E2274,ECG,3,4.07,2025-02-25 17:52:38.904066,0,0.16,43.53,2,0
E2275,ECG,5,4.28,2025-01-19 17:52:38.904066,0,0.31,55.38,4,1
E2276,ECG,7,6.06,2024-10-08 17:52:38.904066,2,0.69,27.98,1,1
E2277,ECG,7,10.68,2024-11-22 17:52:38.904066,0,0.11,54.86,1,1
E2278,Ventilator,12,17.72,2025-05-04 17:52:38.904066,1,0.37,57.55,1,1
E2279,Ventilator,6,14.65,2024-11-25 17:52:38.904066,0,0.42,32.91,0,1
E2280,MRI,3,14.89,2025-07-10 17:52:38.904066,0,0.37,44.38,1,0
E2281,Ventilator,0,6.28,2024-11-28 17:52:38.904066,0,0.14,53.81,0,1
E2282,MRI,0,15.83,2024-09-04 17:52:38.904066,0,0.41,45.02,2,1
E2283,Ultrasound,7,8.64,2025-04-29 17:52:38.904066,0,0.31,51.55,3,0
E2284,Ventilator,5,10.21,2025-05-22 17:52:38.904066,1,0.67,44.46,1,1
E2285,MRI,5,3.62,2024-08-27 17:52:38.904066,1,0.39,41.12,3,1
E2286,MRI,4,4.64,2025-03-04 17:52:38.904066,0,0.69,66.63,3,1
E2287,Ultrasound,3,7.79,2025-03-29 17:52:38.904066,1,0.32,23.86,3,0
E2288,ECG,0,11.98,2025-07-09 17:52:38.904066,0,0.08,21.74,0,0
E2289,ECG,9,12.7,2025-01-21 17:52:38.904066,1,0.41,43.91,1,1
E2290,Ultrasound,8,4.63,2024-09-25 17:52:38.904066,1,0.12,24.15,1,1
E2291,Ventilator,6,19.95,2025-05-24 17:52:38.904066,1,0.07,45.36,1,1
E2292,Ventilator,11,10.66,2025-03-23 17:52:38.904066,1,0.14,51.96,2,1
E2293,MRI,5,2.59,2025-04-17 17:52:38.904066,0,0.1,22.53,0,0
E2294,Ultrasound,9,4.46,2025-06-26 17:52:38.904066,2,0.49,61.91,5,1
E2295,MRI,2,9.31,2025-02-13 17:52:38.904066,1,0.73,65.9,2,1
E2296,ECG,12,12.98,2024-10-20 17:52:38.904066,1,0.76,28.64,1,1
E2297,MRI,11,3.02,2024-10-17 17:52:38.904066,1,0.78,48.49,1,1
E2298,Ultrasound,5,14.26,2025-06-30 17:52:38.904066,0,0.8,21.72,4,1
E2299,ECG,9,17.87,2025-03-14 17:52:38.904066,2,0.74,24.65,2,1
E2300,Ventilator,9,18.2,2025-02-25 17:52:38.904066,1,0.13,31.5,1,1
E2301,Ultrasound,3,19.74,2025-04-22 17:52:38.904066,0,0.22,22.37,1,1
E2302,MRI,7,5.98,2025-03-24 17:52:38.904066,0,0.45,52.8,0,0
E2303,Ventilator,11,1.23,2024-08-13 17:52:38.904066,1,0.8,67.18,0,1
E2304,Ultrasound,9,14.89,2025-07-08 17:52:38.904066,3,0.17,59.05,1,1
E2305,MRI,3,15.04,2024-12-18 17:52:38.904066,1,0.78,46.4,2,1
E2306,ECG,9,14.11,2025-07-15 17:52:38.904066,0,0.52,30.88,0,1
E2307,ECG,8,5.96,2024-12-03 17:52:38.904066,1,0.28,65.69,2,1
E2308,ECG,3,10.99,2024-09-07 17:52:38.904066,0,0.05,58.75,0,1
E2309,Ultrasound,12,16.26,2025-03-25 17:52:38.904066,0,0.7,25.65,1,1
E2310,MRI,5,3.27,2025-04-24 17:52:38.904066,0,0.58,57.55,2,0
E2311,Ventilator,0,10.28,2025-03-21 17:52:38.904066,2,0.06,22.03,2,0
E2312,Ultrasound,6,17.89,2025-02-23 17:52:38.904066,0,0.19,43.46,2,1
E2313,Ultrasound,9,8.73,2025-08-05 17:52:38.904066,0,0.66,53.29,1,1
E2314,Ventilator,4,11.25,2024-08-07 17:52:38.904066,0,0.57,48.69,1,1
E2315,Ultrasound,5,2.87,2024-10-08 17:52:38.904066,2,0.18,28.64,4,1
E2316,ECG,8,5.78,2024-10-23 17:52:38.904066,1,0.04,33.75,0,1
E2317,ECG,4,1.21,2024-08-22 17:52:38.904066,1,0.27,28.34,0,1
E2318,MRI,2,18.42,2024-09-23 17:52:38.904066,0,0.06,56.56,2,1
E2319,ECG,2,2.72,2025-05-01 17:52:38.904066,1,0.64,48.95,0,1
E2320,MRI,2,12.96,2025-01-04 17:52:38.904066,0,0.2,46.74,2,1
E2321,Ultrasound,8,7.21,2024-09-16 17:52:38.904066,1,0.21,66.07,3,1
E2322,MRI,8,16.45,2024-08-30 17:52:38.904066,1,0.34,33.63,1,1
E2323,Ventilator,6,4.72,2024-10-11 17:52:38.904066,0,0.07,29.46,0,1
E2324,MRI,8,4.36,2025-04-07 17:52:38.904066,1,0.45,55.43,3,0
E2325,Ventilator,0,17.21,2025-07-24 17:52:38.904066,1,0.67,51.32,1,1
E2326,Ventilator,4,6.39,2025-04-18 17:52:38.904066,0,0.3,58.48,2,0
E2327,MRI,14,15.14,2025-05-26 17:52:38.904066,1,0.63,27.52,1,1
E2328,ECG,4,6.33,2024-12-21 17:52:38.904066,1,0.66,45.7,1,1
E2329,Ventilator,6,1.82,2024-10-05 17:52:38.904066,1,0.14,57.79,4,1
E2330,ECG,1,7.64,2024-09-26 17:52:38.904066,0,0.72,41.11,1,1
E2331,Ultrasound,3,16.37,2024-12-02 17:52:38.904066,0,0.18,67.63,3,1
E2332,Ventilator,10,18.87,2024-10-21 17:52:38.904066,0,0.76,69.56,2,1
E2333,Ventilator,13,1.69,2024-10-03 17:52:38.904066,0,0.72,65.14,1,1
E2334,Ventilator,2,7.36,2025-04-24 17:52:38.904066,0,0.29,60.17,3,1
E2335,MRI,10,17.43,2025-07-12 17:52:38.904066,0,0.23,27.18,4,1
E2336,Ultrasound,10,8.81,2024-11-16 17:52:38.904066,1,0.03,62.75,0,1
E2337,Ventilator,2,5.23,2025-03-05 17:52:38.904066,1,0.06,48.37,4,1
E2338,Ultrasound,4,9.81,2025-06-19 17:52:38.904066,0,0.32,30.3,2,0
E2339,ECG,6,5.01,2025-03-12 17:52:38.904066,0,0.68,23.31,3,1
E2340,ECG,6,1.83,2024-12-19 17:52:38.904066,0,0.06,35.8,2,1
E2341,Ultrasound,5,15.16,2025-01-12 17:52:38.904066,1,0.75,57.22,2,1
E2342,ECG,9,5.4,2025-01-09 17:52:38.904066,1,0.3,43.94,1,1
E2343,Ventilator,10,16.5,2024-10-13 17:52:38.904066,0,0.57,27.74,0,1
E2344,ECG,0,13.92,2025-01-07 17:52:38.904066,1,0.11,66.95,3,1
E2345,Ultrasound,1,0.21,2025-05-26 17:52:38.904066,0,0.48,56.54,2,0
E2346,MRI,8,14.17,2024-12-12 17:52:38.904066,0,0.41,49.25,2,1
E2347,MRI,10,11.41,2025-02-09 17:52:38.904066,1,0.61,48.06,0,1
E2348,ECG,7,1.02,2025-07-27 17:52:38.904066,0,0.32,50.16,1,0
E2349,Ventilator,4,4.08,2025-04-30 17:52:38.904066,2,0.42,31.68,0,0
E2350,MRI,7,0.18,2024-10-16 17:52:38.904066,0,0.62,55.33,0,1
E2351,Ventilator,4,1.8,2024-12-26 17:52:38.904066,2,0.39,46.53,2,1
E2352,Ventilator,9,16.72,2025-02-13 17:52:38.904066,2,0.03,31.0,1,1
E2353,ECG,7,3.12,2024-10-24 17:52:38.904066,1,0.51,21.78,0,1
E2354,Ultrasound,2,13.16,2025-06-21 17:52:38.904066,1,0.01,40.29,1,0
E2355,Ventilator,5,15.15,2025-06-21 17:52:38.904066,0,0.26,25.96,1,0
E2356,Ventilator,6,16.16,2024-09-27 17:52:38.904066,0,0.74,28.29,0,1
E2357,Ventilator,5,3.01,2025-05-17 17:52:38.904066,1,0.65,53.39,1,1
E2358,Ultrasound,9,3.47,2024-12-18 17:52:38.904066,0,0.46,33.18,2,1
E2359,MRI,5,10.32,2025-02-06 17:52:38.904066,0,0.79,22.79,2,1
E2360,Ventilator,6,2.29,2024-10-09 17:52:38.904066,1,0.3,66.97,2,1
E2361,ECG,3,10.69,2024-11-21 17:52:38.904066,1,0.28,57.16,2,1
E2362,Ultrasound,4,19.66,2024-08-13 17:52:38.904066,0,0.41,31.6,2,1
E2363,Ventilator,13,10.57,2025-07-22 17:52:38.904066,0,0.26,22.65,2,1
E2364,Ventilator,9,13.51,2024-09-02 17:52:38.904066,0,0.73,35.98,1,1
E2365,MRI,0,3.24,2025-04-05 17:52:38.904066,0,0.66,49.68,3,1
E2366,Ultrasound,10,5.47,2025-05-14 17:52:38.904066,2,0.04,40.22,4,1
E2367,Ultrasound,11,15.42,2025-03-01 17:52:38.904066,0,0.11,41.97,3,1
E2368,MRI,6,15.67,2024-11-28 17:52:38.904066,1,0.68,25.22,0,1
E2369,ECG,0,0.52,2025-01-10 17:52:38.904066,0,0.0,39.39,1,1
E2370,Ultrasound,6,18.12,2025-06-24 17:52:38.904066,1,0.03,26.79,3,1
E2371,Ultrasound,3,10.91,2025-03-01 17:52:38.904066,1,0.05,28.24,1,0
E2372,Ventilator,12,6.93,2025-07-02 17:52:38.904066,0,0.45,22.11,1,1
E2373,Ultrasound,3,14.06,2025-02-20 17:52:38.904066,2,0.21,66.27,0,1
E2374,Ultrasound,4,9.5,2025-05-04 17:52:38.904066,0,0.42,43.55,0,0
E2375,Ventilator,5,15.69,2024-09-23 17:52:38.904066,1,0.41,27.01,1,1
E2376,MRI,13,18.32,2025-05-26 17:52:38.904066,0,0.76,46.33,1,1
E2377,ECG,3,15.73,2024-08-10 17:52:38.904066,0,0.62,27.26,3,1
E2378,MRI,14,1.68,2024-12-09 17:52:38.904066,2,0.49,69.31,0,1
E2379,ECG,12,2.23,2025-07-27 17:52:38.904066,0,0.46,60.74,2,1
E2380,ECG,7,0.49,2025-05-11 17:52:38.904066,2,0.44,62.16,1,1
E2381,MRI,6,1.3,2025-05-24 17:52:38.904066,0,0.54,53.96,3,0
E2382,Ventilator,0,4.05,2024-10-19 17:52:38.904066,1,0.58,43.96,0,1
E2383,Ultrasound,0,11.65,2025-05-29 17:52:38.904066,0,0.04,42.3,1,0
E2384,Ultrasound,6,3.06,2025-07-23 17:52:38.904066,1,0.43,41.25,3,0
E2385,Ventilator,6,14.43,2025-06-24 17:52:38.904066,0,0.28,34.78,0,0
E2386,MRI,6,16.91,2025-04-01 17:52:38.904066,1,0.18,23.21,1,1
E2387,Ventilator,5,1.96,2025-07-30 17:52:38.904066,1,0.12,30.9,2,0
E2388,Ultrasound,12,18.21,2025-05-29 17:52:38.904066,1,0.52,23.08,2,1
E2389,Ventilator,3,8.56,2024-12-22 17:52:38.904066,0,0.79,46.83,1,1
E2390,ECG,13,14.86,2025-05-31 17:52:38.904066,0,0.07,30.89,4,1
E2391,Ultrasound,3,19.59,2025-03-06 17:52:38.904066,0,0.19,44.1,1,1
E2392,MRI,0,18.25,2024-11-09 17:52:38.904066,1,0.43,26.21,3,1
E2393,Ventilator,2,19.09,2025-01-09 17:52:38.904066,3,0.23,60.77,1,1
E2394,ECG,3,14.42,2024-10-18 17:52:38.904066,1,0.01,39.63,1,1
E2395,ECG,10,5.8,2024-12-19 17:52:38.904066,2,0.22,26.44,3,1
E2396,MRI,7,12.03,2025-01-23 17:52:38.904066,0,0.07,28.63,2,1
E2397,Ventilator,11,17.29,2025-02-17 17:52:38.904066,1,0.59,67.35,3,1
E2398,MRI,9,8.06,2025-05-31 17:52:38.904066,0,0.23,21.61,0,1
E2399,MRI,12,12.04,2025-02-17 17:52:38.904066,0,0.69,33.97,0,1
E2400,Ultrasound,12,0.83,2025-02-26 17:52:38.904066,2,0.46,46.6,2,1
E2401,ECG,5,7.71,2025-07-17 17:52:38.904066,0,0.72,22.2,1,1
E2402,MRI,4,0.87,2025-03-09 17:52:38.904066,0,0.51,42.05,1,0
E2403,MRI,11,11.29,2025-05-10 17:52:38.904066,1,0.48,24.82,2,1
E2404,Ventilator,1,4.8,2025-07-16 17:52:38.904066,1,0.68,53.33,3,1
E2405,Ultrasound,0,1.2,2025-02-21 17:52:38.904066,1,0.52,43.3,1,0
E2406,ECG,3,1.9,2024-12-13 17:52:38.904066,1,0.71,41.97,1,1
E2407,Ventilator,5,15.07,2025-05-02 17:52:38.904066,1,0.77,32.04,2,1
E2408,Ultrasound,0,18.27,2024-10-04 17:52:38.904066,0,0.36,55.28,1,1
E2409,MRI,8,7.1,2024-11-04 17:52:38.904066,0,0.32,20.44,1,1
E2410,MRI,3,7.1,2024-10-07 17:52:38.904066,1,0.11,31.34,0,1
E2411,Ventilator,2,10.56,2025-05-11 17:52:38.904066,0,0.24,30.47,2,0
E2412,MRI,6,4.66,2025-02-14 17:52:38.904066,1,0.75,32.31,1,1
E2413,MRI,12,1.39,2025-07-11 17:52:38.904066,0,0.41,41.96,2,1
E2414,Ventilator,8,5.4,2024-08-18 17:52:38.904066,1,0.61,30.06,2,1
E2415,Ventilator,13,6.15,2025-03-31 17:52:38.904066,1,0.04,25.28,1,1
E2416,MRI,2,8.97,2025-03-18 17:52:38.904066,1,0.52,44.93,2,0
E2417,ECG,5,19.61,2025-05-29 17:52:38.904066,3,0.39,21.77,0,1
E2418,ECG,1,13.81,2024-09-17 17:52:38.904066,1,0.61,29.77,2,1
E2419,MRI,0,4.46,2025-05-29 17:52:38.904066,2,0.12,47.52,2,0
E2420,Ultrasound,4,5.6,2025-01-08 17:52:38.904066,0,0.5,63.18,4,1
E2421,Ultrasound,9,0.85,2025-02-03 17:52:38.904066,2,0.47,44.58,0,1
E2422,MRI,0,8.67,2024-09-18 17:52:38.904066,2,0.75,26.67,1,1
E2423,ECG,4,18.46,2025-04-07 17:52:38.904066,0,0.75,51.84,3,1
E2424,ECG,3,13.2,2025-03-07 17:52:38.904066,1,0.73,42.01,1,1
E2425,MRI,8,9.94,2025-06-04 17:52:38.904066,0,0.31,66.27,1,1
E2426,ECG,7,9.27,2024-10-29 17:52:38.904066,0,0.58,53.76,2,1
E2427,MRI,6,17.75,2024-10-31 17:52:38.904066,0,0.27,46.39,2,1
E2428,ECG,5,14.15,2024-11-09 17:52:38.904066,0,0.01,54.87,2,1
E2429,ECG,8,19.77,2024-12-01 17:52:38.904066,0,0.21,41.21,1,1
E2430,MRI,0,5.92,2025-06-11 17:52:38.904066,0,0.37,32.81,3,0
E2431,ECG,12,3.72,2024-10-20 17:52:38.904066,2,0.7,68.33,0,1
E2432,MRI,4,17.43,2025-01-05 17:52:38.904066,4,0.65,61.64,0,1
E2433,MRI,2,8.43,2024-10-26 17:52:38.904066,3,0.34,29.23,1,1
E2434,MRI,4,0.29,2024-10-22 17:52:38.904066,0,0.63,37.17,1,1
E2435,Ultrasound,1,19.23,2024-09-18 17:52:38.904066,0,0.4,46.19,1,1
E2436,Ultrasound,1,2.04,2025-08-04 17:52:38.904066,1,0.03,41.03,3,0
E2437,Ultrasound,2,11.44,2025-03-07 17:52:38.904066,1,0.13,20.47,3,0
E2438,ECG,3,5.56,2024-11-25 17:52:38.904066,0,0.14,45.67,2,1
E2439,Ultrasound,0,11.2,2025-04-30 17:52:38.904066,1,0.44,33.79,2,0
E2440,MRI,11,1.96,2025-05-26 17:52:38.904066,0,0.56,21.68,2,1
E2441,ECG,5,17.76,2025-07-01 17:52:38.904066,1,0.03,56.87,0,1
E2442,Ventilator,12,2.32,2025-02-14 17:52:38.904066,1,0.08,57.96,1,1
E2443,ECG,6,11.91,2024-08-15 17:52:38.904066,1,0.37,26.18,2,1
E2444,Ultrasound,5,16.44,2024-11-28 17:52:38.904066,1,0.31,43.99,3,1
E2445,MRI,5,1.62,2024-10-06 17:52:38.904066,1,0.61,33.54,2,1
E2446,Ventilator,2,14.35,2025-05-17 17:52:38.904066,0,0.6,58.25,1,0
E2447,Ultrasound,0,9.79,2024-09-24 17:52:38.904066,0,0.29,40.82,3,1
E2448,Ventilator,0,2.94,2025-08-04 17:52:38.904066,3,0.28,63.11,2,1
E2449,MRI,3,0.79,2025-02-12 17:52:38.904066,2,0.42,24.56,3,0
E2450,Ultrasound,10,4.9,2025-05-05 17:52:38.904066,0,0.16,59.11,0,1
E2451,ECG,0,3.33,2024-12-13 17:52:38.904066,2,0.69,21.56,0,1
E2452,Ultrasound,3,15.87,2025-05-03 17:52:38.904066,0,0.35,47.89,2,0
E2453,Ventilator,4,10.89,2025-07-02 17:52:38.904066,0,0.27,26.26,0,0
E2454,MRI,5,15.73,2025-04-07 17:52:38.904066,1,0.79,36.7,2,1
E2455,Ventilator,7,16.04,2025-03-12 17:52:38.904066,1,0.69,35.37,2,1
E2456,MRI,4,4.72,2025-01-23 17:52:38.904066,1,0.51,38.88,0,1
E2457,Ventilator,4,18.1,2024-11-10 17:52:38.904066,1,0.01,47.57,1,1
E2458,Ventilator,6,11.22,2025-06-17 17:52:38.904066,1,0.24,26.9,1,0
E2459,ECG,6,15.45,2025-02-24 17:52:38.904066,2,0.66,37.22,2,1
E2460,Ventilator,8,8.81,2024-11-25 17:52:38.904066,0,0.37,38.17,1,1
E2461,Ultrasound,2,12.21,2025-06-10 17:52:38.904066,1,0.49,26.66,1,0
E2462,MRI,0,0.44,2025-04-06 17:52:38.904066,0,0.34,64.22,2,1
E2463,MRI,5,12.46,2024-12-23 17:52:38.904066,0,0.23,31.76,2,1
E2464,ECG,0,19.78,2025-06-02 17:52:38.904066,2,0.66,32.89,0,1
E2465,MRI,3,5.61,2025-01-05 17:52:38.904066,1,0.03,31.48,0,1
E2466,ECG,4,9.82,2025-01-18 17:52:38.904066,0,0.52,53.81,0,1
E2467,ECG,9,12.87,2024-08-12 17:52:38.904066,1,0.13,68.08,3,1
E2468,Ventilator,7,10.84,2025-07-07 17:52:38.904066,0,0.19,57.97,0,0
E2469,MRI,0,10.47,2025-01-19 17:52:38.904066,0,0.14,65.64,2,1
E2470,Ventilator,12,4.87,2025-07-20 17:52:38.904066,2,0.15,26.69,4,1
E2471,MRI,1,8.88,2025-06-25 17:52:38.904066,0,0.48,60.0,1,0
E2472,ECG,9,1.41,2024-08-13 17:52:38.904066,1,0.35,46.51,5,1
E2473,Ventilator,10,11.6,2024-11-17 17:52:38.904066,0,0.13,31.08,2,1
E2474,Ventilator,7,13.4,2025-01-06 17:52:38.904066,3,0.18,37.18,1,1
E2475,Ventilator,9,5.83,2025-01-21 17:52:38.904066,0,0.27,69.93,2,1
E2476,Ultrasound,7,19.27,2025-06-20 17:52:38.904066,0,0.51,51.02,1,1
E2477,Ultrasound,5,14.97,2025-06-26 17:52:38.904066,1,0.67,64.23,3,1
E2478,MRI,11,15.92,2024-11-26 17:52:38.904066,1,0.18,59.88,0,1
E2479,Ultrasound,4,5.55,2025-05-04 17:52:38.904066,0,0.69,26.75,1,1
E2480,Ultrasound,5,9.09,2024-09-13 17:52:38.904066,0,0.1,47.84,1,1
E2481,ECG,5,13.42,2024-12-29 17:52:38.904066,0,0.63,54.12,0,1
E2482,ECG,9,0.53,2024-12-07 17:52:38.904066,0,0.78,33.08,3,1
E2483,Ultrasound,1,2.09,2025-01-18 17:52:38.904066,0,0.65,31.68,0,1
E2484,Ultrasound,6,19.31,2025-01-11 17:52:38.904066,0,0.0,43.4,1,1
E2485,MRI,1,15.97,2025-03-19 17:52:38.904066,0,0.07,47.35,0,0
E2486,Ultrasound,3,4.47,2025-01-07 17:52:38.904066,0,0.46,48.18,1,1
E2487,MRI,1,17.08,2025-02-26 17:52:38.904066,4,0.32,39.45,2,1
E2488,Ultrasound,0,2.8,2025-05-30 17:52:38.904066,3,0.27,40.08,3,1
E2489,Ultrasound,5,5.3,2024-10-08 17:52:38.904066,0,0.08,34.89,0,1
E2490,MRI,3,11.52,2025-06-01 17:52:38.904066,1,0.24,46.61,2,0
E2491,Ultrasound,4,2.74,2025-03-20 17:52:38.904066,3,0.76,64.87,2,1
E2492,Ultrasound,7,0.68,2025-02-02 17:52:38.904066,0,0.01,53.44,4,1
E2493,Ultrasound,6,16.71,2025-02-17 17:52:38.904066,1,0.61,22.43,0,1
E2494,ECG,2,13.61,2025-03-16 17:52:38.904066,2,0.38,30.63,3,0
E2495,Ventilator,1,15.52,2025-03-11 17:52:38.904066,0,0.55,64.82,2,1
E2496,ECG,7,3.86,2024-10-31 17:52:38.904066,0,0.72,50.63,0,1
E2497,MRI,8,19.19,2025-02-07 17:52:38.904066,0,0.05,65.34,3,1
E2498,Ultrasound,2,6.51,2024-09-11 17:52:38.904066,1,0.61,22.89,1,1
E2499,Ventilator,0,5.55,2025-03-19 17:52:38.904066,2,0.01,52.26,1,0
E2500,ECG,9,2.13,2025-04-30 17:52:38.904066,2,0.73,31.65,1,1
E2501,Ventilator,3,9.05,2024-11-19 17:52:38.904066,1,0.42,55.68,0,1
E2502,ECG,8,11.13,2025-06-12 17:52:38.904066,0,0.74,38.51,4,1
E2503,Ultrasound,7,5.49,2025-01-10 17:52:38.904066,0,0.31,35.75,1,1
E2504,ECG,12,15.92,2025-06-16 17:52:38.904066,1,0.77,22.71,5,1
E2505,ECG,11,5.06,2024-08-10 17:52:38.904066,0,0.17,30.7,3,1
E2506,ECG,0,1.31,2025-05-14 17:52:38.904066,0,0.6,20.93,1,0
E2507,MRI,8,6.65,2025-04-05 17:52:38.904066,1,0.13,56.91,2,0
E2508,MRI,8,16.0,2024-12-13 17:52:38.904066,0,0.48,63.56,1,1
E2509,Ventilator,2,12.6,2025-03-31 17:52:38.904066,0,0.58,53.84,2,0
E2510,ECG,0,9.39,2025-01-20 17:52:38.904066,1,0.34,40.65,1,1
E2511,Ventilator,10,9.57,2025-04-26 17:52:38.904066,0,0.15,51.48,2,1
E2512,Ventilator,3,1.39,2024-10-13 17:52:38.904066,2,0.21,23.2,0,1
E2513,Ultrasound,6,16.22,2025-07-21 17:52:38.904066,1,0.61,37.52,3,1
E2514,Ultrasound,5,5.1,2025-01-02 17:52:38.904066,1,0.17,41.9,1,1
E2515,MRI,6,10.6,2025-05-01 17:52:38.904066,2,0.25,40.52,1,0
E2516,Ventilator,0,16.3,2025-05-20 17:52:38.904066,2,0.01,22.77,1,1
E2517,Ventilator,4,8.57,2025-02-16 17:52:38.904066,1,0.07,59.1,1,0
E2518,Ultrasound,9,15.25,2025-03-01 17:52:38.904066,0,0.05,67.5,1,1
E2519,ECG,7,10.95,2024-10-16 17:52:38.904066,0,0.76,32.3,2,1
E2520,MRI,11,7.39,2024-12-03 17:52:38.904066,1,0.63,49.8,2,1
E2521,Ventilator,3,5.9,2025-01-15 17:52:38.904066,1,0.24,64.71,0,1
E2522,Ventilator,4,2.51,2025-01-30 17:52:38.904066,1,0.34,44.64,1,1
E2523,ECG,6,14.51,2025-02-17 17:52:38.904066,3,0.1,36.89,1,1
E2524,ECG,2,8.67,2025-07-09 17:52:38.904066,0,0.28,69.78,1,1
E2525,Ultrasound,3,8.11,2024-12-19 17:52:38.904066,1,0.22,69.45,0,1
E2526,Ventilator,5,6.16,2024-08-25 17:52:38.904066,1,0.71,38.46,1,1
E2527,Ultrasound,4,9.56,2025-08-02 17:52:38.904066,1,0.73,46.67,1,1
E2528,Ventilator,3,8.99,2025-02-15 17:52:38.904066,1,0.73,48.98,0,1
E2529,Ultrasound,7,1.68,2025-03-17 17:52:38.904066,1,0.6,35.32,1,0
E2530,Ultrasound,1,8.8,2025-02-21 17:52:38.904066,1,0.23,48.7,2,0
E2531,Ventilator,0,15.99,2025-01-22 17:52:38.904066,0,0.07,30.63,3,1
E2532,MRI,8,12.24,2025-06-28 17:52:38.904066,0,0.57,48.74,0,0
E2533,Ventilator,10,19.32,2024-08-18 17:52:38.904066,4,0.18,61.58,3,1
E2534,ECG,2,14.17,2025-05-11 17:52:38.904066,1,0.65,31.08,3,1
E2535,MRI,11,3.4,2025-03-04 17:52:38.904066,0,0.08,44.02,0,1
E2536,MRI,7,9.51,2024-08-20 17:52:38.904066,0,0.43,38.37,1,1
E2537,ECG,2,3.91,2025-05-11 17:52:38.904066,0,0.3,35.41,1,0
E2538,MRI,0,1.23,2024-08-26 17:52:38.904066,0,0.3,56.46,0,1
E2539,MRI,5,5.45,2025-01-02 17:52:38.904066,0,0.58,45.1,0,1
E2540,Ultrasound,0,13.78,2025-01-03 17:52:38.904066,1,0.23,27.4,2,1
E2541,Ventilator,5,9.53,2025-06-27 17:52:38.904066,2,0.03,50.84,1,0
E2542,MRI,2,9.32,2025-01-12 17:52:38.904066,0,0.6,26.4,1,1
E2543,ECG,2,17.94,2025-06-04 17:52:38.904066,2,0.0,62.03,4,1
E2544,MRI,6,1.44,2025-07-07 17:52:38.904066,1,0.21,35.8,3,0
E2545,ECG,4,18.93,2025-07-15 17:52:38.904066,2,0.76,59.61,1,1
E2546,MRI,6,2.07,2024-11-28 17:52:38.904066,1,0.11,68.21,1,1
E2547,MRI,11,4.15,2024-11-05 17:52:38.904066,1,0.13,32.32,2,1
E2548,Ultrasound,5,18.27,2024-12-18 17:52:38.904066,0,0.72,20.47,1,1
E2549,Ultrasound,1,18.78,2025-01-29 17:52:38.904066,1,0.09,39.7,2,1
E2550,Ultrasound,8,9.43,2025-05-22 17:52:38.904066,0,0.5,52.89,0,0
E2551,Ultrasound,3,12.32,2025-04-03 17:52:38.904066,2,0.23,34.51,2,0
E2552,Ventilator,10,9.74,2025-05-07 17:52:38.904066,2,0.02,61.33,0,1
E2553,Ultrasound,1,5.93,2024-10-14 17:52:38.904066,0,0.41,59.06,4,1
E2554,Ventilator,6,9.24,2024-10-08 17:52:38.904066,2,0.33,65.44,0,1
E2555,ECG,7,17.54,2025-01-06 17:52:38.904066,2,0.36,35.58,2,1
E2556,MRI,2,16.97,2024-11-03 17:52:38.904066,1,0.79,40.25,1,1
E2557,Ultrasound,8,3.1,2024-10-02 17:52:38.904066,2,0.46,36.49,0,1
E2558,Ventilator,5,16.67,2024-11-26 17:52:38.904066,0,0.11,69.23,2,1
E2559,ECG,2,19.61,2025-06-15 17:52:38.904066,1,0.38,62.17,0,1
E2560,Ventilator,1,9.08,2025-07-01 17:52:38.904066,0,0.44,59.45,3,0
E2561,MRI,8,15.72,2025-01-29 17:52:38.904066,1,0.28,44.77,0,1
E2562,ECG,11,10.43,2024-09-13 17:52:38.904066,1,0.31,40.64,1,1
E2563,Ultrasound,3,11.83,2025-02-16 17:52:38.904066,1,0.27,62.18,1,1
E2564,Ultrasound,12,11.25,2025-01-29 17:52:38.904066,0,0.03,60.83,1,1
E2565,ECG,8,12.7,2024-09-08 17:52:38.904066,0,0.24,63.23,1,1
E2566,ECG,5,10.22,2024-08-31 17:52:38.904066,0,0.59,23.28,2,1
E2567,MRI,13,1.66,2024-12-23 17:52:38.904066,2,0.55,56.07,2,1
E2568,MRI,3,15.17,2025-05-14 17:52:38.904066,1,0.6,54.05,3,0
E2569,ECG,7,10.78,2025-07-26 17:52:38.904066,1,0.27,69.88,2,1
E2570,Ultrasound,11,18.17,2024-09-26 17:52:38.904066,1,0.71,60.6,0,1
E2571,Ultrasound,4,10.13,2024-11-03 17:52:38.904066,0,0.04,40.44,2,1
E2572,ECG,5,16.51,2024-11-22 17:52:38.904066,1,0.6,26.77,1,1
E2573,Ventilator,5,4.07,2024-09-26 17:52:38.904066,1,0.28,66.76,2,1
E2574,MRI,2,17.22,2025-02-15 17:52:38.904066,0,0.65,61.04,2,1
E2575,MRI,7,10.35,2025-03-30 17:52:38.904066,2,0.59,38.37,0,0
E2576,Ultrasound,3,13.85,2024-12-17 17:52:38.904066,0,0.74,62.57,1,1
E2577,Ventilator,2,11.69,2024-10-05 17:52:38.904066,0,0.45,63.59,0,1
E2578,Ultrasound,6,5.87,2024-08-14 17:52:38.904066,2,0.54,49.53,0,1
E2579,Ultrasound,6,9.36,2024-10-02 17:52:38.904066,2,0.11,51.24,2,1
E2580,Ultrasound,0,0.77,2024-08-13 17:52:38.904066,0,0.45,63.18,0,1
E2581,Ventilator,5,10.33,2024-12-08 17:52:38.904066,2,0.51,51.3,1,1
E2582,Ultrasound,3,7.49,2024-08-12 17:52:38.904066,0,0.73,29.53,0,1
E2583,ECG,11,9.72,2025-08-02 17:52:38.904066,0,0.75,27.35,1,1
E2584,Ultrasound,4,0.84,2025-03-30 17:52:38.904066,1,0.67,30.24,1,1
E2585,Ultrasound,4,13.01,2025-06-08 17:52:38.904066,0,0.73,22.0,1,1
E2586,MRI,6,2.16,2024-11-09 17:52:38.904066,1,0.32,35.48,2,1
E2587,Ultrasound,8,2.68,2025-06-19 17:52:38.904066,0,0.27,36.07,1,0
E2588,MRI,8,13.52,2024-08-21 17:52:38.904066,3,0.07,64.65,0,1
E2589,ECG,0,18.41,2024-09-27 17:52:38.904066,1,0.79,53.33,3,1
E2590,MRI,1,17.55,2025-02-19 17:52:38.904066,0,0.14,67.2,1,1
E2591,ECG,7,10.87,2025-06-13 17:52:38.904066,2,0.44,54.46,1,0
E2592,Ventilator,4,0.77,2024-08-11 17:52:38.904066,2,0.33,41.66,2,1
E2593,Ultrasound,4,7.39,2025-07-07 17:52:38.904066,0,0.75,47.14,3,1
E2594,MRI,9,10.34,2024-10-04 17:52:38.904066,0,0.22,60.93,2,1
E2595,MRI,4,10.08,2024-10-15 17:52:38.904066,0,0.59,33.51,1,1
E2596,Ultrasound,8,10.99,2024-11-15 17:52:38.904066,1,0.62,52.93,2,1
E2597,MRI,9,19.24,2025-04-08 17:52:38.904066,1,0.46,51.35,1,1
E2598,ECG,13,18.54,2025-07-19 17:52:38.904066,1,0.47,39.13,3,1
E2599,MRI,1,3.64,2025-01-25 17:52:38.904066,0,0.32,31.63,1,1
E2600,Ventilator,1,0.03,2024-11-29 17:52:38.904066,3,0.76,37.72,1,1
E2601,MRI,5,14.79,2025-06-02 17:52:38.904066,0,0.15,59.46,1,0
E2602,ECG,7,19.33,2025-05-16 17:52:38.904066,0,0.72,25.16,1,1
E2603,Ultrasound,2,17.11,2024-10-31 17:52:38.904066,3,0.03,24.45,0,1
E2604,MRI,8,3.57,2025-06-20 17:52:38.904066,0,0.08,24.17,1,0
E2605,Ultrasound,8,7.64,2024-08-19 17:52:38.904066,1,0.57,67.06,1,1
E2606,ECG,0,5.91,2025-06-11 17:52:38.904066,0,0.61,46.93,2,1
E2607,Ultrasound,2,3.46,2025-06-12 17:52:38.904066,0,0.03,34.12,2,0
E2608,Ultrasound,2,15.44,2024-12-13 17:52:38.904066,2,0.1,37.53,2,1
E2609,MRI,5,2.11,2025-04-20 17:52:38.904066,1,0.0,49.1,2,0
E2610,Ultrasound,6,2.95,2025-02-15 17:52:38.904066,3,0.65,38.6,2,1
E2611,Ultrasound,5,3.04,2025-01-19 17:52:38.904066,1,0.19,44.01,2,1
E2612,MRI,7,17.01,2025-07-06 17:52:38.904066,1,0.2,69.64,1,1
E2613,Ultrasound,6,9.06,2024-12-22 17:52:38.904066,1,0.1,30.63,3,1
E2614,ECG,0,18.18,2025-04-21 17:52:38.904066,1,0.06,33.15,1,1
E2615,Ultrasound,0,16.03,2025-06-22 17:52:38.904066,1,0.26,21.5,2,1
E2616,MRI,4,10.2,2024-09-11 17:52:38.904066,1,0.33,33.74,1,1
E2617,Ultrasound,0,18.83,2024-12-26 17:52:38.904066,0,0.22,45.86,1,1
E2618,MRI,0,11.28,2024-10-05 17:52:38.904066,2,0.03,20.43,3,1
E2619,ECG,5,13.95,2025-02-28 17:52:38.904066,3,0.05,54.96,2,1
E2620,Ventilator,4,17.36,2025-01-13 17:52:38.904066,0,0.06,58.35,1,1
E2621,Ultrasound,3,19.5,2024-12-14 17:52:38.904066,1,0.49,28.09,1,1
E2622,Ventilator,0,3.68,2025-06-18 17:52:38.904066,0,0.23,50.8,0,0
E2623,MRI,5,4.06,2024-09-02 17:52:38.904066,0,0.14,50.63,1,1
E2624,Ultrasound,2,14.96,2025-05-12 17:52:38.904066,1,0.37,32.04,0,0
E2625,MRI,0,11.36,2024-10-12 17:52:38.904066,1,0.56,49.49,3,1
E2626,MRI,0,8.84,2024-12-23 17:52:38.904066,0,0.45,26.63,2,1
E2627,Ventilator,1,19.74,2025-05-12 17:52:38.904066,1,0.55,68.22,1,1
E2628,Ventilator,5,15.42,2025-07-19 17:52:38.904066,1,0.28,24.04,4,1
E2629,Ultrasound,10,9.65,2025-05-12 17:52:38.904066,0,0.15,20.05,0,1
E2630,MRI,9,16.39,2025-01-17 17:52:38.904066,1,0.43,59.52,1,1
E2631,MRI,6,13.29,2025-01-04 17:52:38.904066,0,0.47,60.76,3,1
E2632,Ultrasound,4,7.66,2024-08-11 17:52:38.904066,1,0.19,47.15,0,1
E2633,MRI,6,7.28,2024-11-17 17:52:38.904066,0,0.17,39.84,1,1
E2634,MRI,3,13.01,2024-10-09 17:52:38.904066,0,0.1,57.51,2,1
E2635,MRI,0,2.2,2024-12-10 17:52:38.904066,0,0.04,51.51,1,1
E2636,ECG,4,18.58,2024-10-19 17:52:38.904066,1,0.62,44.27,2,1
E2637,Ultrasound,0,5.47,2025-07-06 17:52:38.904066,2,0.17,56.85,1,0
E2638,ECG,0,17.62,2024-11-17 17:52:38.904066,0,0.44,23.85,0,1
E2639,MRI,2,8.41,2025-06-02 17:52:38.904066,0,0.04,63.85,1,1
E2640,Ventilator,6,13.5,2025-02-01 17:52:38.904066,0,0.76,26.75,1,1
E2641,Ultrasound,10,14.87,2025-02-22 17:52:38.904066,0,0.61,25.44,2,1
E2642,ECG,5,6.99,2024-08-14 17:52:38.904066,4,0.69,45.65,2,1
E2643,Ultrasound,3,19.7,2025-07-15 17:52:38.904066,1,0.29,60.8,1,1
E2644,MRI,6,15.59,2025-02-18 17:52:38.904066,1,0.34,36.33,3,0
E2645,ECG,0,6.93,2025-05-26 17:52:38.904066,0,0.19,67.07,2,1
E2646,ECG,8,14.65,2024-08-22 17:52:38.904066,0,0.78,51.59,4,1
E2647,Ultrasound,9,13.24,2025-03-30 17:52:38.904066,0,0.47,61.99,1,1
E2648,ECG,4,19.44,2025-03-01 17:52:38.904066,0,0.55,32.11,2,1
E2649,Ultrasound,0,0.64,2025-02-01 17:52:38.904066,0,0.4,51.54,3,1
E2650,Ventilator,6,14.36,2025-06-02 17:52:38.904066,0,0.03,25.47,5,1
E2651,MRI,0,2.61,2024-09-09 17:52:38.904066,0,0.38,33.03,2,1
E2652,Ultrasound,10,16.22,2024-11-25 17:52:38.904066,4,0.26,46.3,1,1
E2653,Ultrasound,4,18.81,2025-08-02 17:52:38.904066,1,0.26,42.24,0,1
E2654,MRI,3,13.35,2024-08-19 17:52:38.904066,1,0.08,45.88,2,1
E2655,Ventilator,9,2.85,2024-12-18 17:52:38.904066,0,0.3,47.71,1,1
E2656,ECG,0,0.38,2025-01-09 17:52:38.904066,1,0.35,32.41,1,1
E2657,ECG,4,0.35,2025-06-03 17:52:38.904066,0,0.28,31.08,1,0
E2658,ECG,9,0.29,2025-04-18 17:52:38.904066,2,0.05,34.82,1,1
E2659,Ventilator,3,10.99,2024-10-03 17:52:38.904066,0,0.35,28.19,2,1
E2660,Ultrasound,7,18.23,2024-10-13 17:52:38.904066,1,0.13,31.64,2,1
E2661,Ultrasound,3,16.91,2024-11-17 17:52:38.904066,1,0.52,32.89,1,1
E2662,Ultrasound,10,11.48,2025-05-30 17:52:38.904066,1,0.66,47.52,1,1
E2663,MRI,8,12.74,2025-03-08 17:52:38.904066,2,0.34,45.69,1,0
E2664,ECG,8,0.64,2024-12-29 17:52:38.904066,0,0.64,44.91,2,1
E2665,Ventilator,8,9.44,2024-11-24 17:52:38.904066,1,0.77,24.69,2,1
E2666,Ventilator,2,1.4,2024-09-08 17:52:38.904066,0,0.13,24.35,1,1
E2667,Ultrasound,6,3.24,2024-11-12 17:52:38.904066,2,0.69,54.81,0,1
E2668,Ultrasound,2,3.44,2025-05-08 17:52:38.904066,1,0.41,34.24,0,0
E2669,ECG,6,19.27,2025-07-01 17:52:38.904066,1,0.49,42.84,2,1
E2670,ECG,4,19.16,2025-01-11 17:52:38.904066,1,0.45,55.3,1,1
E2671,Ultrasound,9,7.63,2025-07-29 17:52:38.904066,0,0.37,68.09,2,1
E2672,Ventilator,4,11.84,2025-06-10 17:52:38.904066,0,0.16,33.06,3,0
E2673,MRI,1,7.89,2024-08-30 17:52:38.904066,0,0.38,61.01,1,1
E2674,ECG,6,13.3,2025-05-29 17:52:38.904066,0,0.37,58.4,0,0
E2675,Ventilator,6,10.64,2024-09-24 17:52:38.904066,2,0.11,56.23,1,1
E2676,ECG,3,0.69,2024-09-30 17:52:38.904066,2,0.7,25.87,1,1
E2677,MRI,7,14.86,2024-12-04 17:52:38.904066,1,0.61,66.52,1,1
E2678,Ultrasound,5,13.51,2024-10-13 17:52:38.904066,0,0.47,58.04,2,1
E2679,ECG,3,12.83,2025-08-03 17:52:38.904066,2,0.17,47.78,0,0
E2680,MRI,5,0.86,2024-12-24 17:52:38.904066,0,0.44,44.4,3,1
E2681,MRI,7,5.44,2024-12-07 17:52:38.904066,1,0.57,29.22,1,1
E2682,MRI,11,14.92,2024-09-07 17:52:38.904066,1,0.55,26.06,0,1
E2683,Ventilator,8,16.44,2025-01-25 17:52:38.904066,0,0.22,39.22,1,1
E2684,ECG,1,1.68,2024-10-06 17:52:38.904066,1,0.48,48.05,0,1
E2685,MRI,2,3.63,2024-09-17 17:52:38.904066,0,0.25,51.39,1,1
E2686,ECG,13,11.48,2025-03-10 17:52:38.904066,0,0.14,37.89,3,1
E2687,Ventilator,8,16.86,2025-04-20 17:52:38.904066,1,0.21,44.62,1,1
E2688,ECG,0,12.97,2025-08-04 17:52:38.904066,1,0.26,62.01,3,1
E2689,Ultrasound,4,5.94,2025-08-04 17:52:38.904066,0,0.67,43.04,1,1
E2690,Ventilator,2,4.49,2025-03-04 17:52:38.904066,0,0.11,66.71,4,1
E2691,MRI,10,18.84,2024-10-17 17:52:38.904066,1,0.23,33.97,5,1
E2692,Ultrasound,4,10.03,2024-08-29 17:52:38.904066,2,0.48,67.12,2,1
E2693,Ultrasound,10,15.15,2025-05-19 17:52:38.904066,1,0.21,63.81,3,1
E2694,Ventilator,6,12.07,2024-12-05 17:52:38.904066,2,0.57,69.43,1,1
E2695,ECG,11,6.15,2025-07-11 17:52:38.904066,0,0.23,25.27,3,1
E2696,Ventilator,2,17.79,2024-08-15 17:52:38.904066,0,0.13,35.93,0,1
E2697,MRI,4,6.0,2025-03-26 17:52:38.904066,0,0.1,54.05,3,0
E2698,Ultrasound,9,1.26,2024-12-19 17:52:38.904066,1,0.33,24.91,3,1
E2699,Ultrasound,1,1.02,2025-06-05 17:52:38.904066,3,0.59,35.95,0,1
E2700,Ventilator,4,4.57,2025-08-03 17:52:38.904066,1,0.66,38.76,0,1
E2701,Ultrasound,7,11.74,2025-07-16 17:52:38.904066,2,0.66,33.61,2,1
E2702,MRI,3,0.43,2024-08-28 17:52:38.904066,0,0.37,37.94,2,1
E2703,Ventilator,7,17.4,2025-04-02 17:52:38.904066,0,0.25,31.01,0,1
E2704,Ultrasound,4,10.43,2025-05-16 17:52:38.904066,0,0.52,30.24,0,0
E2705,MRI,11,3.09,2024-12-12 17:52:38.904066,0,0.2,49.41,4,1
E2706,MRI,1,8.58,2024-09-23 17:52:38.904066,0,0.33,32.54,1,1
E2707,Ultrasound,5,12.1,2025-06-16 17:52:38.904066,1,0.07,48.58,1,0
E2708,Ultrasound,3,12.16,2025-04-18 17:52:38.904066,2,0.14,52.1,2,0
E2709,Ventilator,5,9.41,2024-10-31 17:52:38.904066,2,0.48,43.82,2,1
E2710,Ventilator,10,4.7,2025-03-06 17:52:38.904066,0,0.48,35.05,2,1
E2711,Ultrasound,11,4.43,2024-11-27 17:52:38.904066,2,0.48,69.53,0,1
E2712,ECG,7,13.05,2024-08-23 17:52:38.904066,2,0.69,22.67,0,1
E2713,ECG,7,6.21,2024-08-24 17:52:38.904066,0,0.35,45.88,2,1
E2714,MRI,7,11.58,2024-12-02 17:52:38.904066,0,0.48,55.81,1,1
E2715,ECG,7,2.53,2025-04-22 17:52:38.904066,1,0.76,54.59,2,1
E2716,ECG,7,12.87,2025-05-13 17:52:38.904066,0,0.17,20.64,0,0
E2717,Ventilator,7,13.12,2025-02-10 17:52:38.904066,1,0.37,58.57,2,0
E2718,Ventilator,5,0.04,2025-02-22 17:52:38.904066,2,0.39,53.98,3,0
E2719,Ventilator,6,0.88,2025-06-19 17:52:38.904066,0,0.35,53.69,5,1
E2720,ECG,0,7.96,2024-09-02 17:52:38.904066,0,0.15,68.71,1,1
E2721,Ventilator,6,18.57,2025-03-11 17:52:38.904066,5,0.58,40.26,3,1
E2722,Ventilator,1,4.03,2025-01-22 17:52:38.904066,2,0.08,49.18,1,1
E2723,Ventilator,0,11.81,2024-12-04 17:52:38.904066,2,0.39,22.9,1,1
E2724,Ventilator,6,0.45,2025-07-07 17:52:38.904066,1,0.04,47.38,0,0
E2725,ECG,5,2.01,2024-09-17 17:52:38.904066,0,0.23,61.29,1,1
E2726,ECG,5,6.35,2024-09-09 17:52:38.904066,0,0.76,48.86,0,1
E2727,Ventilator,5,19.6,2025-07-06 17:52:38.904066,1,0.47,44.8,1,1
E2728,MRI,0,5.82,2024-08-26 17:52:38.904066,2,0.18,54.74,0,1
E2729,MRI,9,16.73,2024-12-02 17:52:38.904066,1,0.1,36.83,5,1
E2730,ECG,0,9.6,2024-08-07 17:52:38.904066,1,0.2,60.19,1,1
E2731,MRI,0,10.66,2024-11-09 17:52:38.904066,1,0.0,35.63,1,1
E2732,MRI,4,16.72,2025-07-14 17:52:38.904066,0,0.59,54.6,0,1
E2733,ECG,4,19.23,2025-03-15 17:52:38.904066,1,0.73,55.14,2,1
E2734,Ventilator,3,17.72,2024-12-02 17:52:38.904066,0,0.59,23.85,1,1
E2735,Ultrasound,8,12.6,2024-09-17 17:52:38.904066,0,0.04,42.58,2,1
E2736,Ultrasound,9,13.2,2025-04-24 17:52:38.904066,2,0.27,21.56,3,1
E2737,MRI,14,7.23,2024-10-15 17:52:38.904066,2,0.5,28.49,0,1
E2738,ECG,3,12.48,2025-04-01 17:52:38.904066,1,0.76,54.11,1,1
E2739,ECG,0,14.25,2024-12-25 17:52:38.904066,2,0.23,45.98,0,1
E2740,ECG,4,6.64,2025-01-08 17:52:38.904066,1,0.27,43.61,0,1
E2741,Ultrasound,0,7.82,2024-09-02 17:52:38.904066,2,0.54,67.09,2,1
E2742,MRI,5,10.81,2025-02-16 17:52:38.904066,1,0.28,38.05,3,0
E2743,ECG,6,5.24,2024-10-14 17:52:38.904066,0,0.14,44.82,2,1
E2744,Ventilator,6,13.51,2024-10-10 17:52:38.904066,2,0.46,65.64,2,1
E2745,ECG,4,5.4,2024-08-27 17:52:38.904066,0,0.73,62.3,1,1
E2746,Ventilator,9,6.08,2025-02-09 17:52:38.904066,2,0.32,63.76,0,1
E2747,Ventilator,8,12.39,2024-12-03 17:52:38.904066,0,0.43,49.62,0,1
E2748,Ultrasound,6,7.72,2025-05-24 17:52:38.904066,0,0.26,63.4,1,1
E2749,ECG,2,8.73,2025-01-22 17:52:38.904066,0,0.21,20.92,1,1
E2750,ECG,3,13.39,2025-03-19 17:52:38.904066,1,0.48,50.78,0,0
E2751,ECG,0,15.29,2025-04-10 17:52:38.904066,0,0.16,24.58,1,0
E2752,Ventilator,3,3.61,2025-01-20 17:52:38.904066,0,0.59,65.74,4,1
E2753,MRI,0,15.64,2024-10-06 17:52:38.904066,0,0.58,55.29,0,1
E2754,Ultrasound,5,9.1,2025-01-21 17:52:38.904066,1,0.53,26.57,2,1
E2755,ECG,7,4.9,2025-02-28 17:52:38.904066,1,0.79,37.74,0,1
E2756,Ultrasound,10,2.75,2025-06-02 17:52:38.904066,1,0.29,32.31,2,1
E2757,Ultrasound,4,15.42,2025-05-24 17:52:38.904066,0,0.55,56.36,1,0
E2758,ECG,0,19.83,2025-04-15 17:52:38.904066,0,0.38,35.78,1,1
E2759,Ultrasound,2,4.42,2025-01-07 17:52:38.904066,0,0.45,49.5,1,1
E2760,ECG,0,17.91,2025-04-21 17:52:38.904066,1,0.63,32.47,3,1
E2761,MRI,2,11.33,2025-03-28 17:52:38.904066,0,0.38,27.67,2,0
E2762,ECG,5,8.96,2024-11-02 17:52:38.904066,1,0.49,65.13,1,1
E2763,ECG,9,10.26,2025-02-24 17:52:38.904066,2,0.63,50.91,0,1
E2764,MRI,3,14.44,2025-05-05 17:52:38.904066,1,0.74,30.97,4,1
E2765,Ventilator,4,2.02,2024-11-29 17:52:38.904066,1,0.56,31.67,1,1
E2766,Ventilator,1,12.57,2025-05-19 17:52:38.904066,1,0.68,47.7,2,1
E2767,MRI,1,3.87,2025-07-13 17:52:38.904066,0,0.19,33.0,2,0
E2768,Ventilator,4,3.78,2025-07-26 17:52:38.904066,0,0.12,37.35,0,0
E2769,ECG,10,8.22,2025-05-14 17:52:38.904066,0,0.22,33.09,1,1
E2770,Ventilator,5,16.66,2025-06-18 17:52:38.904066,1,0.37,48.69,0,1
E2771,Ventilator,10,7.02,2024-10-05 17:52:38.904066,0,0.37,63.24,2,1
E2772,ECG,7,3.55,2025-01-30 17:52:38.904066,0,0.74,21.34,1,1
E2773,Ventilator,0,18.03,2024-08-07 17:52:38.904066,1,0.62,38.5,1,1
E2774,ECG,11,3.77,2025-07-01 17:52:38.904066,0,0.6,57.4,0,1
E2775,MRI,1,7.9,2025-05-28 17:52:38.904066,0,0.61,40.09,2,1
E2776,Ventilator,2,13.05,2024-08-24 17:52:38.904066,4,0.53,37.91,0,1
E2777,Ventilator,9,11.65,2025-07-11 17:52:38.904066,0,0.43,68.38,2,1
E2778,MRI,6,1.06,2025-03-02 17:52:38.904066,2,0.71,50.81,1,1
E2779,Ventilator,3,9.85,2025-06-07 17:52:38.904066,1,0.37,40.19,3,0
E2780,MRI,8,0.37,2024-10-14 17:52:38.904066,1,0.49,34.89,0,1
E2781,MRI,10,1.48,2025-04-22 17:52:38.904066,1,0.06,44.57,1,1
E2782,Ventilator,4,3.78,2025-07-24 17:52:38.904066,0,0.32,33.88,0,0
E2783,MRI,5,0.93,2025-01-28 17:52:38.904066,0,0.79,32.45,2,1
E2784,Ultrasound,3,9.51,2024-11-18 17:52:38.904066,0,0.73,60.89,1,1
E2785,Ultrasound,5,6.18,2024-09-18 17:52:38.904066,0,0.46,41.11,1,1
E2786,ECG,6,18.94,2025-02-23 17:52:38.904066,0,0.68,32.19,1,1
E2787,MRI,2,1.69,2025-01-22 17:52:38.904066,1,0.23,37.09,2,1
E2788,ECG,5,13.47,2025-03-10 17:52:38.904066,0,0.59,25.67,3,0
E2789,ECG,13,14.96,2025-04-10 17:52:38.904066,3,0.43,45.63,1,1
E2790,MRI,9,10.95,2024-11-21 17:52:38.904066,0,0.33,31.33,0,1
E2791,MRI,6,11.6,2025-01-10 17:52:38.904066,2,0.12,21.74,1,1
E2792,Ventilator,3,17.95,2024-09-01 17:52:38.904066,1,0.56,51.45,0,1
E2793,MRI,0,14.62,2024-09-07 17:52:38.904066,1,0.55,64.58,1,1
E2794,ECG,5,15.78,2025-01-30 17:52:38.904066,0,0.03,37.61,1,1
E2795,Ventilator,11,19.88,2025-05-11 17:52:38.904066,1,0.76,63.82,0,1
E2796,Ventilator,2,18.84,2024-08-15 17:52:38.904066,0,0.26,25.98,2,1
E2797,MRI,7,13.87,2025-05-23 17:52:38.904066,0,0.13,30.09,0,0
E2798,MRI,12,2.25,2025-02-14 17:52:38.904066,0,0.32,48.64,3,1
E2799,Ultrasound,6,2.31,2024-11-22 17:52:38.904066,0,0.66,24.84,0,1
E2800,ECG,10,4.12,2025-05-19 17:52:38.904066,1,0.04,53.18,1,1
E2801,ECG,5,0.07,2025-05-28 17:52:38.904066,1,0.3,21.59,6,1
E2802,Ventilator,3,18.13,2024-11-18 17:52:38.904066,1,0.11,20.5,1,1
E2803,Ultrasound,14,6.43,2025-06-06 17:52:38.904066,0,0.3,21.21,0,1
E2804,MRI,0,7.56,2024-09-29 17:52:38.904066,0,0.58,40.95,2,1
E2805,Ultrasound,6,13.86,2024-12-19 17:52:38.904066,1,0.73,50.17,1,1
E2806,Ventilator,6,6.9,2024-11-06 17:52:38.904066,3,0.49,60.13,2,1
E2807,Ultrasound,3,4.45,2025-06-09 17:52:38.904066,0,0.24,37.38,1,0
E2808,ECG,11,12.63,2025-04-23 17:52:38.904066,3,0.09,65.35,0,1
E2809,Ultrasound,0,15.68,2024-12-17 17:52:38.904066,1,0.75,56.78,2,1
E2810,Ventilator,7,11.56,2024-11-20 17:52:38.904066,1,0.35,39.24,0,1
E2811,Ultrasound,0,14.7,2024-12-04 17:52:38.904066,0,0.77,60.26,0,1
E2812,Ultrasound,3,7.27,2024-09-19 17:52:38.904066,1,0.04,31.41,0,1
E2813,Ventilator,1,15.18,2025-05-28 17:52:38.904066,2,0.61,29.41,1,1
E2814,ECG,8,9.65,2024-09-27 17:52:38.904066,1,0.79,21.35,3,1
E2815,ECG,0,10.3,2024-10-19 17:52:38.904066,0,0.75,38.39,1,1
E2816,Ultrasound,2,19.8,2024-11-10 17:52:38.904066,2,0.17,31.13,2,1
E2817,MRI,2,5.14,2024-12-16 17:52:38.904066,2,0.55,53.51,1,1
E2818,MRI,4,5.96,2025-05-09 17:52:38.904066,1,0.25,56.16,1,0
E2819,MRI,7,14.04,2025-07-22 17:52:38.904066,0,0.61,47.66,1,1
E2820,Ventilator,6,7.21,2025-02-21 17:52:38.904066,0,0.23,53.16,4,1
E2821,Ventilator,4,5.68,2025-04-10 17:52:38.904066,3,0.49,25.91,1,1
E2822,ECG,7,7.93,2025-05-15 17:52:38.904066,0,0.04,29.89,3,0
E2823,Ultrasound,5,1.29,2025-03-28 17:52:38.904066,0,0.65,34.62,3,1
E2824,Ultrasound,1,1.07,2024-09-28 17:52:38.904066,0,0.57,45.09,4,1
E2825,ECG,2,0.5,2025-07-12 17:52:38.904066,0,0.63,44.89,2,1
E2826,MRI,5,4.01,2025-03-15 17:52:38.904066,0,0.6,68.98,0,1
E2827,Ventilator,10,15.53,2025-05-23 17:52:38.904066,5,0.67,55.74,4,1
E2828,Ultrasound,3,12.94,2025-05-27 17:52:38.904066,0,0.02,50.27,2,0
E2829,Ventilator,6,18.05,2024-11-03 17:52:38.904066,0,0.51,29.5,1,1
E2830,Ultrasound,4,6.01,2025-02-05 17:52:38.904066,5,0.45,67.9,1,1
E2831,Ventilator,15,4.66,2025-05-26 17:52:38.904066,2,0.47,50.74,2,1
E2832,MRI,0,6.71,2025-04-24 17:52:38.904066,2,0.25,49.73,1,0
E2833,MRI,0,18.64,2024-11-11 17:52:38.904066,0,0.53,53.81,3,1
E2834,ECG,6,0.72,2025-07-27 17:52:38.904066,2,0.8,29.66,3,1
E2835,MRI,9,7.3,2025-01-08 17:52:38.904066,2,0.05,64.72,2,1
E2836,ECG,2,7.26,2025-03-03 17:52:38.904066,4,0.53,42.42,2,1
E2837,Ultrasound,10,16.12,2024-10-21 17:52:38.904066,1,0.7,35.82,2,1
E2838,ECG,0,8.36,2025-01-06 17:52:38.904066,1,0.68,34.85,1,1
E2839,Ventilator,6,16.19,2025-01-30 17:52:38.904066,0,0.21,40.7,5,1
E2840,Ventilator,3,10.19,2025-01-18 17:52:38.904066,2,0.61,41.64,1,1
E2841,MRI,4,3.24,2025-07-07 17:52:38.904066,0,0.36,67.69,1,1
E2842,Ultrasound,7,18.02,2024-12-15 17:52:38.904066,1,0.72,31.81,1,1
E2843,ECG,5,12.33,2024-12-28 17:52:38.904066,1,0.33,21.46,1,1
E2844,MRI,6,15.69,2025-07-17 17:52:38.904066,3,0.33,42.06,1,1
E2845,Ventilator,6,11.5,2025-01-11 17:52:38.904066,1,0.57,33.76,4,1
E2846,MRI,12,0.79,2024-12-29 17:52:38.904066,2,0.78,67.0,2,1
E2847,Ultrasound,4,7.86,2025-01-30 17:52:38.904066,0,0.64,63.78,3,1
E2848,Ventilator,3,13.14,2025-05-22 17:52:38.904066,1,0.08,52.44,2,0
E2849,Ultrasound,6,8.2,2025-06-13 17:52:38.904066,1,0.04,65.48,2,1
E2850,Ultrasound,2,7.31,2024-09-09 17:52:38.904066,1,0.1,25.25,0,1
E2851,Ventilator,9,7.63,2024-09-15 17:52:38.904066,0,0.67,61.7,2,1
E2852,MRI,0,11.98,2025-01-19 17:52:38.904066,2,0.36,50.43,1,1
E2853,MRI,5,1.68,2025-05-10 17:52:38.904066,0,0.73,69.72,0,1
E2854,Ultrasound,1,8.69,2025-01-04 17:52:38.904066,0,0.07,41.01,2,1
E2855,Ventilator,5,16.25,2025-01-13 17:52:38.904066,1,0.43,43.08,3,1
E2856,Ultrasound,9,2.65,2025-04-13 17:52:38.904066,1,0.39,64.06,1,1
E2857,Ventilator,6,14.24,2025-02-01 17:52:38.904066,0,0.74,21.8,2,1
E2858,MRI,7,2.18,2024-09-04 17:52:38.904066,1,0.31,55.01,1,1
E2859,Ultrasound,0,12.33,2025-05-29 17:52:38.904066,1,0.06,47.85,2,0
E2860,Ultrasound,11,16.57,2024-11-18 17:52:38.904066,0,0.18,32.86,1,1
E2861,ECG,1,16.98,2025-01-09 17:52:38.904066,2,0.75,63.2,2,1
E2862,Ultrasound,9,9.2,2024-11-28 17:52:38.904066,0,0.22,50.86,3,1
E2863,ECG,7,14.79,2024-12-06 17:52:38.904066,1,0.73,33.37,1,1
E2864,Ultrasound,2,11.8,2024-10-09 17:52:38.904066,1,0.67,37.3,2,1
E2865,MRI,4,5.89,2024-11-12 17:52:38.904066,0,0.46,68.96,3,1
E2866,Ventilator,4,19.75,2024-10-08 17:52:38.904066,0,0.36,62.67,4,1
E2867,ECG,6,0.27,2025-05-19 17:52:38.904066,2,0.5,32.15,0,0
E2868,Ultrasound,4,3.22,2024-08-11 17:52:38.904066,2,0.23,31.44,0,1
E2869,Ventilator,12,11.44,2025-05-05 17:52:38.904066,0,0.23,22.94,2,1
E2870,ECG,5,12.98,2025-02-01 17:52:38.904066,0,0.25,60.51,1,1
E2871,Ventilator,8,2.67,2024-12-20 17:52:38.904066,1,0.45,27.85,0,1
E2872,MRI,3,8.75,2025-05-01 17:52:38.904066,1,0.54,25.19,3,0
E2873,Ventilator,1,8.31,2025-02-23 17:52:38.904066,0,0.64,37.93,0,1
E2874,MRI,0,15.35,2024-11-17 17:52:38.904066,1,0.37,23.75,2,1
E2875,ECG,5,14.42,2024-08-18 17:52:38.904066,1,0.46,24.46,1,1
E2876,MRI,0,8.8,2024-08-30 17:52:38.904066,0,0.17,59.22,2,1
E2877,MRI,6,6.31,2025-08-01 17:52:38.904066,1,0.58,59.89,3,0
E2878,ECG,5,11.09,2025-05-27 17:52:38.904066,2,0.24,41.41,3,0
E2879,ECG,9,20.0,2024-12-25 17:52:38.904066,0,0.79,55.82,1,1
E2880,Ultrasound,5,7.16,2025-06-15 17:52:38.904066,0,0.44,46.97,1,0
E2881,Ultrasound,5,8.68,2024-12-03 17:52:38.904066,1,0.76,50.23,2,1
E2882,Ultrasound,7,4.01,2025-05-31 17:52:38.904066,2,0.27,38.32,0,0
E2883,ECG,5,0.37,2025-07-15 17:52:38.904066,1,0.6,50.36,2,0
E2884,Ventilator,11,14.46,2024-09-29 17:52:38.904066,3,0.69,28.93,1,1
E2885,MRI,0,9.8,2024-12-26 17:52:38.904066,0,0.77,55.92,1,1
E2886,Ultrasound,2,17.07,2025-03-03 17:52:38.904066,0,0.07,50.4,1,1
E2887,ECG,3,4.23,2025-01-07 17:52:38.904066,0,0.52,47.34,0,1
E2888,ECG,5,16.73,2024-11-23 17:52:38.904066,2,0.45,69.42,1,1
E2889,MRI,6,14.64,2024-09-19 17:52:38.904066,1,0.69,50.99,4,1
E2890,Ultrasound,6,4.57,2025-01-22 17:52:38.904066,0,0.06,51.76,1,1
E2891,ECG,13,2.15,2025-02-10 17:52:38.904066,2,0.78,67.19,3,1
E2892,Ultrasound,1,0.3,2025-02-02 17:52:38.904066,1,0.64,45.19,2,1
E2893,MRI,5,4.56,2025-03-23 17:52:38.904066,0,0.06,54.57,0,0
E2894,MRI,3,16.88,2025-05-26 17:52:38.904066,0,0.68,27.05,3,1
E2895,ECG,10,10.27,2025-05-07 17:52:38.904066,0,0.32,28.2,1,1
E2896,ECG,0,16.26,2025-04-14 17:52:38.904066,0,0.3,35.38,1,1
E2897,Ultrasound,2,15.41,2025-04-02 17:52:38.904066,0,0.31,62.4,1,1
E2898,Ultrasound,3,4.27,2024-08-07 17:52:38.904066,0,0.62,46.99,0,1
E2899,ECG,6,3.22,2024-09-14 17:52:38.904066,1,0.54,23.59,1,1
E2900,ECG,0,4.57,2025-06-12 17:52:38.904066,1,0.09,66.72,0,1
E2901,Ultrasound,8,7.23,2025-05-25 17:52:38.904066,0,0.75,28.01,3,1
E2902,Ventilator,13,2.75,2025-07-18 17:52:38.904066,2,0.6,29.12,0,1
E2903,MRI,0,7.74,2025-07-07 17:52:38.904066,1,0.02,64.68,0,1
E2904,Ultrasound,14,4.56,2025-08-04 17:52:38.904066,0,0.52,51.53,1,1
E2905,MRI,0,3.68,2024-09-06 17:52:38.904066,1,0.01,68.75,0,1
E2906,Ventilator,1,11.27,2025-06-22 17:52:38.904066,0,0.29,40.71,1,0
E2907,Ventilator,4,19.72,2024-09-25 17:52:38.904066,4,0.31,27.02,0,1
E2908,ECG,4,9.38,2025-01-27 17:52:38.904066,0,0.6,24.54,2,1
E2909,MRI,4,0.88,2025-06-07 17:52:38.904066,1,0.76,23.3,1,1
E2910,MRI,5,17.98,2025-03-08 17:52:38.904066,0,0.34,46.1,0,1
E2911,MRI,8,12.44,2024-12-29 17:52:38.904066,0,0.7,26.23,2,1
E2912,Ventilator,5,7.35,2024-11-21 17:52:38.904066,0,0.18,37.84,1,1
E2913,ECG,10,7.58,2025-02-23 17:52:38.904066,1,0.69,31.28,3,1
E2914,ECG,3,8.34,2024-10-02 17:52:38.904066,1,0.1,44.8,1,1
E2915,Ventilator,8,13.84,2025-03-01 17:52:38.904066,0,0.48,39.83,1,0
E2916,MRI,11,3.39,2025-02-09 17:52:38.904066,2,0.77,45.89,4,1
E2917,ECG,9,9.61,2024-11-29 17:52:38.904066,0,0.76,44.5,1,1
E2918,MRI,8,1.67,2024-12-19 17:52:38.904066,1,0.33,41.54,1,1
E2919,Ultrasound,5,10.95,2024-09-17 17:52:38.904066,0,0.47,44.95,0,1
E2920,ECG,5,9.92,2024-10-17 17:52:38.904066,0,0.18,40.99,3,1
E2921,MRI,5,13.15,2025-05-09 17:52:38.904066,0,0.7,55.06,3,1
E2922,Ultrasound,7,15.79,2025-04-22 17:52:38.904066,1,0.75,50.37,0,1
E2923,MRI,9,5.03,2024-11-23 17:52:38.904066,3,0.03,42.19,1,1
E2924,Ventilator,2,7.32,2025-04-30 17:52:38.904066,1,0.72,38.31,2,1
E2925,MRI,2,12.87,2024-09-17 17:52:38.904066,1,0.16,26.03,2,1
E2926,ECG,0,12.64,2025-05-22 17:52:38.904066,0,0.26,57.27,2,0
E2927,Ultrasound,0,12.21,2025-02-01 17:52:38.904066,0,0.21,34.29,2,1
E2928,Ultrasound,1,13.51,2025-01-02 17:52:38.904066,1,0.28,46.28,2,1
E2929,ECG,1,14.59,2024-10-04 17:52:38.904066,2,0.12,50.96,0,1
E2930,Ventilator,0,3.48,2024-09-22 17:52:38.904066,0,0.32,44.47,3,1
E2931,Ventilator,0,8.01,2025-07-22 17:52:38.904066,0,0.61,63.54,2,1
E2932,Ultrasound,5,1.62,2025-07-01 17:52:38.904066,0,0.05,63.89,1,1
E2933,ECG,7,16.7,2025-05-10 17:52:38.904066,0,0.29,36.96,0,1
E2934,Ultrasound,12,10.11,2025-04-28 17:52:38.904066,1,0.45,66.22,2,1
E2935,Ventilator,13,3.41,2024-08-22 17:52:38.904066,1,0.79,55.31,3,1
E2936,MRI,1,14.0,2024-08-18 17:52:38.904066,2,0.37,36.93,1,1
E2937,Ultrasound,5,9.25,2025-07-17 17:52:38.904066,2,0.46,29.01,5,1
E2938,MRI,7,12.42,2025-06-10 17:52:38.904066,1,0.77,45.66,1,1
E2939,Ultrasound,1,9.75,2024-08-12 17:52:38.904066,0,0.02,65.42,0,1
E2940,ECG,10,9.7,2024-08-16 17:52:38.904066,0,0.51,53.78,1,1
E2941,MRI,7,17.18,2024-09-20 17:52:38.904066,1,0.52,54.63,2,1
E2942,MRI,0,6.89,2025-07-29 17:52:38.904066,1,0.29,59.56,0,0
E2943,MRI,4,13.18,2025-06-19 17:52:38.904066,0,0.29,31.0,3,0
E2944,ECG,2,15.14,2024-11-22 17:52:38.904066,1,0.49,40.53,0,1
E2945,ECG,8,1.33,2024-11-15 17:52:38.904066,1,0.59,24.77,1,1
E2946,Ultrasound,9,3.54,2024-09-21 17:52:38.904066,0,0.46,31.29,1,1
E2947,Ultrasound,1,14.12,2024-12-25 17:52:38.904066,2,0.07,65.03,1,1
E2948,MRI,12,4.19,2025-03-26 17:52:38.904066,3,0.69,39.39,0,1
E2949,MRI,5,8.48,2024-09-10 17:52:38.904066,0,0.65,48.45,1,1
E2950,ECG,3,11.12,2024-09-16 17:52:38.904066,0,0.26,29.46,1,1
E2951,Ventilator,0,9.7,2025-03-16 17:52:38.904066,0,0.4,48.02,2,0
E2952,MRI,8,17.1,2024-12-07 17:52:38.904066,0,0.43,34.67,0,1
E2953,MRI,6,16.32,2025-04-26 17:52:38.904066,1,0.67,41.08,1,1
E2954,Ventilator,4,17.01,2024-08-16 17:52:38.904066,0,0.19,69.91,0,1
E2955,Ventilator,7,19.39,2025-04-28 17:52:38.904066,0,0.52,53.83,4,1
E2956,Ventilator,8,10.81,2025-02-14 17:52:38.904066,1,0.6,34.97,6,1
E2957,Ultrasound,3,5.26,2024-12-12 17:52:38.904066,0,0.56,28.77,0,1
E2958,ECG,7,7.44,2025-05-12 17:52:38.904066,1,0.28,32.64,3,0
E2959,ECG,10,17.3,2024-10-15 17:52:38.904066,1,0.63,43.53,2,1
E2960,ECG,6,12.51,2024-12-03 17:52:38.904066,2,0.74,26.7,1,1
E2961,ECG,7,13.1,2025-04-06 17:52:38.904066,1,0.4,60.9,1,1
E2962,Ultrasound,4,3.92,2025-05-10 17:52:38.904066,0,0.57,48.25,1,0
E2963,Ultrasound,4,12.86,2024-10-07 17:52:38.904066,1,0.11,48.06,1,1
E2964,Ventilator,0,2.46,2025-07-30 17:52:38.904066,1,0.35,28.13,4,1
E2965,MRI,7,16.28,2025-06-01 17:52:38.904066,0,0.43,39.31,1,1
E2966,MRI,1,18.39,2025-02-28 17:52:38.904066,1,0.11,30.59,3,1
E2967,Ventilator,3,12.07,2025-06-13 17:52:38.904066,0,0.19,32.7,0,0
E2968,Ventilator,3,14.63,2024-09-23 17:52:38.904066,0,0.79,51.08,2,1
E2969,Ventilator,3,4.65,2025-05-14 17:52:38.904066,0,0.57,23.53,3,0
E2970,MRI,6,5.74,2024-11-05 17:52:38.904066,1,0.52,28.87,2,1
E2971,MRI,3,0.03,2024-08-25 17:52:38.904066,0,0.59,20.32,0,1
E2972,MRI,9,18.65,2025-08-04 17:52:38.904066,1,0.16,41.81,1,1
E2973,MRI,0,19.49,2025-02-03 17:52:38.904066,0,0.59,35.23,2,1
E2974,MRI,5,8.48,2024-09-17 17:52:38.904066,0,0.75,29.47,1,1
E2975,MRI,4,14.94,2025-06-03 17:52:38.904066,2,0.57,22.35,3,0
E2976,Ventilator,0,9.37,2024-08-06 17:52:38.904066,2,0.26,32.95,1,1
E2977,ECG,2,14.54,2024-09-29 17:52:38.904066,0,0.46,23.22,3,1
E2978,ECG,8,19.48,2025-06-12 17:52:38.904066,1,0.4,47.41,1,1
E2979,Ultrasound,1,15.18,2024-10-07 17:52:38.904066,2,0.2,52.39,2,1
E2980,MRI,5,17.53,2024-08-31 17:52:38.904066,2,0.35,68.03,2,1
E2981,MRI,9,17.14,2024-11-16 17:52:38.904066,0,0.49,28.68,2,1
E2982,ECG,7,7.62,2024-09-09 17:52:38.904066,2,0.79,25.54,1,1
E2983,Ultrasound,11,1.26,2025-02-16 17:52:38.904066,2,0.49,68.58,1,1
E2984,MRI,8,9.33,2025-04-27 17:52:38.904066,0,0.75,43.84,0,1
E2985,Ventilator,11,15.14,2024-11-12 17:52:38.904066,1,0.52,21.94,1,1
E2986,MRI,3,9.79,2024-08-20 17:52:38.904066,0,0.02,22.58,1,1
E2987,ECG,4,1.02,2024-12-02 17:52:38.904066,1,0.62,29.17,4,1
E2988,Ultrasound,2,9.25,2024-12-03 17:52:38.904066,0,0.7,21.52,1,1
E2989,Ultrasound,6,8.51,2025-02-06 17:52:38.904066,0,0.54,68.36,2,1
E2990,ECG,0,0.59,2024-10-16 17:52:38.904066,0,0.38,52.58,0,1
E2991,ECG,8,8.35,2025-01-09 17:52:38.904066,2,0.72,32.49,1,1
E2992,ECG,7,12.79,2025-05-09 17:52:38.904066,2,0.76,51.77,3,1
E2993,Ultrasound,9,2.02,2024-11-23 17:52:38.904066,1,0.4,35.48,2,1
E2994,ECG,15,3.34,2025-03-29 17:52:38.904066,2,0.69,24.96,2,1
E2995,Ultrasound,11,16.76,2025-03-01 17:52:38.904066,1,0.02,62.52,1,1
E2996,MRI,6,9.04,2025-05-06 17:52:38.904066,0,0.19,57.56,1,0
E2997,MRI,3,8.21,2025-05-22 17:52:38.904066,1,0.52,62.78,0,1
E2998,MRI,10,5.55,2024-09-06 17:52:38.904066,2,0.65,50.64,1,1
E2999,Ventilator,13,17.03,2025-06-09 17:52:38.904066,0,0.25,21.36,4,1
E3000,Ultrasound,4,9.8,2024-11-02 17:52:38.904066,0,0.38,43.86,0,1
E3001,ECG,2,17.5,2024-10-28 17:52:38.904066,2,0.66,61.72,1,1
E3002,MRI,5,7.82,2025-07-17 17:52:38.904066,1,0.36,39.78,2,0
E3003,Ventilator,3,10.11,2024-09-07 17:52:38.904066,1,0.06,61.39,2,1
E3004,ECG,9,19.6,2024-11-04 17:52:38.904066,2,0.22,56.88,3,1
E3005,MRI,12,7.39,2024-12-18 17:52:38.904066,0,0.56,23.61,0,1
E3006,ECG,9,8.89,2025-02-02 17:52:38.904066,0,0.18,24.14,2,1
E3007,Ultrasound,8,11.74,2025-07-02 17:52:38.904066,2,0.79,24.47,1,1
E3008,MRI,7,13.64,2025-07-29 17:52:38.904066,0,0.27,31.19,1,0
E3009,ECG,7,10.76,2024-08-16 17:52:38.904066,0,0.61,37.17,2,1
E3010,MRI,1,0.6,2025-05-26 17:52:38.904066,1,0.56,50.76,3,0
E3011,ECG,0,10.25,2024-12-19 17:52:38.904066,1,0.33,21.06,2,1
E3012,MRI,6,17.82,2025-04-12 17:52:38.904066,3,0.08,29.37,1,1
E3013,ECG,5,3.25,2025-01-23 17:52:38.904066,1,0.47,60.08,2,1
E3014,MRI,10,16.16,2025-02-24 17:52:38.904066,0,0.21,53.77,2,1
E3015,ECG,0,12.87,2025-07-29 17:52:38.904066,0,0.31,54.21,0,0
E3016,MRI,12,11.56,2025-03-03 17:52:38.904066,0,0.12,20.87,2,1
E3017,MRI,4,10.39,2024-08-17 17:52:38.904066,1,0.62,58.5,1,1
E3018,Ventilator,0,5.54,2025-02-25 17:52:38.904066,3,0.39,66.0,2,1
E3019,Ventilator,11,12.66,2025-06-22 17:52:38.904066,0,0.28,53.81,0,1
E3020,Ultrasound,5,8.2,2025-05-16 17:52:38.904066,2,0.72,23.16,1,1
E3021,Ultrasound,3,6.34,2025-02-04 17:52:38.904066,0,0.27,46.22,2,1
E3022,ECG,4,11.25,2025-02-22 17:52:38.904066,0,0.21,61.38,0,1
E3023,Ultrasound,3,10.96,2025-02-07 17:52:38.904066,1,0.27,43.28,2,0
E3024,MRI,11,17.45,2025-02-03 17:52:38.904066,0,0.4,56.49,0,1
E3025,Ventilator,2,15.48,2025-02-06 17:52:38.904066,0,0.35,35.81,2,1
E3026,ECG,6,7.76,2025-06-20 17:52:38.904066,0,0.19,30.49,0,0
E3027,ECG,9,3.98,2025-03-17 17:52:38.904066,0,0.43,25.79,0,1
E3028,MRI,2,8.06,2025-04-21 17:52:38.904066,1,0.59,30.89,1,0
E3029,Ventilator,1,6.76,2024-09-11 17:52:38.904066,0,0.21,51.64,2,1
E3030,MRI,2,0.28,2024-09-27 17:52:38.904066,0,0.51,46.85,1,1
E3031,MRI,0,4.01,2025-01-31 17:52:38.904066,0,0.69,51.81,2,1
E3032,MRI,7,3.69,2024-09-26 17:52:38.904066,0,0.42,21.6,0,1
E3033,Ultrasound,4,3.09,2025-05-31 17:52:38.904066,0,0.27,61.47,1,1
E3034,ECG,0,2.41,2024-10-10 17:52:38.904066,3,0.11,28.13,2,1
E3035,Ultrasound,9,5.63,2025-03-25 17:52:38.904066,1,0.57,54.5,3,1
E3036,MRI,6,13.89,2025-03-29 17:52:38.904066,2,0.32,22.31,2,0
E3037,MRI,13,19.02,2024-11-05 17:52:38.904066,1,0.03,26.13,0,1
E3038,MRI,3,15.55,2024-09-06 17:52:38.904066,0,0.66,22.41,1,1
E3039,MRI,2,15.91,2024-11-26 17:52:38.904066,1,0.47,31.83,3,1
E3040,Ultrasound,4,10.28,2025-03-31 17:52:38.904066,1,0.11,22.87,1,0
E3041,ECG,6,0.77,2024-12-24 17:52:38.904066,5,0.54,26.95,0,1
E3042,MRI,15,17.87,2024-12-11 17:52:38.904066,0,0.52,32.99,0,1
E3043,Ventilator,9,17.74,2025-06-28 17:52:38.904066,0,0.47,28.6,0,1
E3044,MRI,2,2.48,2024-08-19 17:52:38.904066,1,0.31,53.07,1,1
E3045,ECG,2,7.48,2024-12-17 17:52:38.904066,1,0.16,68.18,1,1
E3046,Ultrasound,2,18.9,2025-07-13 17:52:38.904066,1,0.12,65.59,0,1
E3047,Ultrasound,4,19.6,2024-12-13 17:52:38.904066,0,0.18,41.26,1,1
E3048,MRI,0,7.07,2025-02-22 17:52:38.904066,0,0.77,69.19,3,1
E3049,Ventilator,4,6.17,2024-08-16 17:52:38.904066,0,0.42,34.97,1,1
E3050,Ventilator,7,14.63,2024-10-24 17:52:38.904066,3,0.55,24.04,1,1
E3051,ECG,2,16.74,2025-06-26 17:52:38.904066,1,0.51,69.33,1,1
E3052,ECG,7,6.58,2024-11-29 17:52:38.904066,1,0.74,53.29,4,1
E3053,ECG,8,9.52,2025-03-16 17:52:38.904066,0,0.23,38.34,2,0
E3054,Ventilator,9,6.75,2024-09-30 17:52:38.904066,0,0.64,62.02,1,1
E3055,Ultrasound,3,18.34,2025-01-05 17:52:38.904066,1,0.07,30.26,0,1
E3056,Ventilator,2,19.29,2025-06-30 17:52:38.904066,1,0.12,69.22,0,1
E3057,Ultrasound,8,5.32,2024-10-10 17:52:38.904066,1,0.59,55.96,2,1
E3058,MRI,8,6.14,2025-07-04 17:52:38.904066,1,0.11,59.68,1,0
E3059,ECG,2,7.12,2025-03-06 17:52:38.904066,0,0.52,58.35,2,0
E3060,ECG,8,10.86,2025-04-04 17:52:38.904066,2,0.51,51.2,1,0
E3061,ECG,6,9.92,2024-08-24 17:52:38.904066,1,0.15,45.78,1,1
E3062,Ultrasound,3,6.11,2024-08-31 17:52:38.904066,1,0.56,45.87,3,1
E3063,Ventilator,0,6.79,2024-08-30 17:52:38.904066,1,0.73,54.3,3,1
E3064,Ultrasound,11,11.44,2024-10-04 17:52:38.904066,1,0.03,44.57,1,1
E3065,Ultrasound,6,14.4,2025-03-21 17:52:38.904066,1,0.7,59.75,2,1
E3066,MRI,4,13.3,2025-07-19 17:52:38.904066,2,0.7,63.67,3,1
E3067,ECG,2,6.52,2024-12-28 17:52:38.904066,0,0.61,25.24,6,1
E3068,ECG,7,13.25,2025-04-14 17:52:38.904066,2,0.4,39.17,1,0
E3069,MRI,0,2.01,2024-11-29 17:52:38.904066,1,0.39,37.05,0,1
E3070,ECG,5,1.77,2024-08-27 17:52:38.904066,0,0.64,43.8,2,1
E3071,MRI,5,0.33,2025-03-04 17:52:38.904066,1,0.65,52.73,0,1
E3072,Ultrasound,5,13.85,2025-03-02 17:52:38.904066,0,0.69,57.41,0,1
E3073,Ultrasound,8,19.78,2025-06-08 17:52:38.904066,1,0.13,56.86,0,1
E3074,MRI,12,12.16,2024-08-10 17:52:38.904066,1,0.58,45.39,3,1
E3075,ECG,1,17.32,2025-07-04 17:52:38.904066,0,0.59,49.32,1,1
E3076,MRI,0,4.52,2024-12-02 17:52:38.904066,0,0.43,61.71,6,1
E3077,MRI,0,12.09,2025-07-22 17:52:38.904066,0,0.79,50.02,3,1
E3078,Ventilator,9,6.08,2024-09-16 17:52:38.904066,0,0.41,56.24,3,1
E3079,ECG,1,9.63,2024-09-02 17:52:38.904066,0,0.72,24.86,1,1
E3080,ECG,7,14.88,2024-12-26 17:52:38.904066,1,0.46,33.46,1,1
E3081,Ultrasound,3,13.33,2024-10-15 17:52:38.904066,1,0.06,61.93,1,1
E3082,Ultrasound,4,7.72,2025-01-02 17:52:38.904066,1,0.02,41.88,0,1
E3083,ECG,4,9.58,2025-01-15 17:52:38.904066,0,0.58,59.14,1,1
E3084,ECG,4,0.97,2025-01-22 17:52:38.904066,0,0.39,21.74,2,1
E3085,Ultrasound,6,2.82,2024-11-07 17:52:38.904066,2,0.18,45.83,2,1
E3086,ECG,0,14.85,2025-04-30 17:52:38.904066,0,0.06,53.53,1,0
E3087,MRI,1,1.79,2025-04-28 17:52:38.904066,1,0.5,30.39,0,0
E3088,Ventilator,7,3.47,2025-04-29 17:52:38.904066,2,0.69,37.45,1,1
E3089,MRI,12,8.3,2024-12-04 17:52:38.904066,1,0.05,58.77,4,1
E3090,MRI,5,16.36,2024-10-04 17:52:38.904066,2,0.52,42.1,1,1
E3091,ECG,5,10.57,2024-08-30 17:52:38.904066,1,0.53,53.58,0,1
E3092,Ventilator,1,6.25,2024-09-28 17:52:38.904066,0,0.79,57.28,1,1
E3093,Ventilator,0,5.67,2025-01-08 17:52:38.904066,1,0.42,66.49,1,1
E3094,Ultrasound,5,0.4,2025-02-24 17:52:38.904066,1,0.07,48.37,2,0
E3095,Ultrasound,5,13.39,2025-07-27 17:52:38.904066,0,0.08,35.97,1,0
E3096,ECG,11,16.02,2025-05-02 17:52:38.904066,1,0.6,49.83,2,1
E3097,Ventilator,4,12.36,2024-08-23 17:52:38.904066,0,0.47,47.75,0,1
E3098,Ultrasound,8,16.88,2024-10-25 17:52:38.904066,1,0.06,48.01,1,1
E3099,Ventilator,6,19.62,2025-07-10 17:52:38.904066,1,0.4,39.54,2,1
E3100,Ultrasound,8,18.18,2025-06-09 17:52:38.904066,0,0.52,43.07,5,1
E3101,MRI,8,2.81,2025-06-17 17:52:38.904066,1,0.46,67.92,1,1
E3102,ECG,6,1.23,2025-08-05 17:52:38.904066,1,0.79,41.01,1,1
E3103,Ventilator,6,12.94,2025-05-11 17:52:38.904066,2,0.49,53.3,1,0
E3104,ECG,6,1.96,2024-10-09 17:52:38.904066,1,0.33,40.35,2,1
E3105,Ventilator,0,12.61,2024-10-15 17:52:38.904066,0,0.65,22.76,3,1
E3106,Ultrasound,6,2.14,2025-02-17 17:52:38.904066,1,0.01,30.35,0,0
E3107,ECG,0,3.4,2025-08-02 17:52:38.904066,0,0.13,38.26,2,0
E3108,MRI,10,7.62,2024-10-27 17:52:38.904066,2,0.21,36.4,3,1
E3109,Ultrasound,5,9.72,2025-07-11 17:52:38.904066,1,0.03,21.55,2,0
E3110,Ventilator,7,11.39,2025-05-05 17:52:38.904066,0,0.62,34.96,3,1
E3111,ECG,13,13.1,2025-02-23 17:52:38.904066,0,0.32,33.25,4,1
E3112,MRI,0,10.0,2024-12-22 17:52:38.904066,0,0.43,61.99,4,1
E3113,Ultrasound,5,15.89,2025-08-04 17:52:38.904066,2,0.18,35.59,3,0
E3114,Ultrasound,1,10.52,2025-03-29 17:52:38.904066,2,0.3,52.76,2,0
E3115,Ultrasound,2,1.1,2024-12-21 17:52:38.904066,1,0.22,48.94,2,1
E3116,ECG,7,19.12,2025-05-05 17:52:38.904066,1,0.42,38.39,3,1
E3117,ECG,15,12.91,2025-05-27 17:52:38.904066,1,0.11,34.47,0,1
E3118,Ventilator,0,17.16,2025-06-24 17:52:38.904066,1,0.11,65.56,1,1
E3119,Ultrasound,5,11.68,2025-05-11 17:52:38.904066,0,0.62,65.16,1,1
E3120,MRI,6,11.07,2025-05-09 17:52:38.904066,0,0.03,30.64,1,0
E3121,Ultrasound,2,2.45,2024-12-30 17:52:38.904066,0,0.08,34.46,2,1
E3122,ECG,8,11.76,2024-11-14 17:52:38.904066,3,0.54,40.77,2,1
E3123,ECG,6,2.02,2025-01-18 17:52:38.904066,2,0.19,42.48,2,1
E3124,ECG,7,16.95,2025-03-11 17:52:38.904066,1,0.32,66.25,2,1
E3125,Ultrasound,9,12.99,2025-02-13 17:52:38.904066,1,0.06,45.86,2,1
E3126,ECG,2,0.01,2025-01-21 17:52:38.904066,0,0.63,46.03,0,1
E3127,MRI,0,2.04,2024-10-21 17:52:38.904066,0,0.24,53.07,1,1
E3128,Ventilator,3,16.17,2024-08-27 17:52:38.904066,1,0.37,34.93,0,1
E3129,Ventilator,3,18.04,2025-07-21 17:52:38.904066,0,0.5,30.49,0,1
E3130,ECG,4,10.49,2025-04-09 17:52:38.904066,0,0.08,67.73,1,1
E3131,Ultrasound,9,5.87,2025-04-24 17:52:38.904066,0,0.04,45.02,2,1
E3132,ECG,7,6.47,2025-07-06 17:52:38.904066,0,0.79,68.54,3,1
E3133,Ventilator,2,0.13,2024-11-25 17:52:38.904066,1,0.24,61.93,5,1
E3134,Ventilator,0,14.45,2024-09-17 17:52:38.904066,3,0.47,53.23,0,1
E3135,ECG,2,17.91,2025-03-14 17:52:38.904066,2,0.18,43.11,1,1
E3136,MRI,8,12.79,2025-01-16 17:52:38.904066,2,0.5,25.26,1,1
E3137,MRI,10,10.63,2024-10-28 17:52:38.904066,0,0.68,47.86,1,1
E3138,Ultrasound,7,1.95,2025-03-22 17:52:38.904066,0,0.31,39.32,2,0
E3139,ECG,7,19.08,2025-01-19 17:52:38.904066,1,0.65,54.32,0,1
E3140,Ultrasound,10,13.56,2025-04-05 17:52:38.904066,0,0.51,57.77,3,1
E3141,ECG,6,8.83,2024-08-29 17:52:38.904066,1,0.67,54.34,3,1
E3142,Ventilator,5,5.78,2025-06-01 17:52:38.904066,2,0.13,62.32,1,1
E3143,ECG,7,13.42,2024-11-27 17:52:38.904066,0,0.5,65.62,0,1
E3144,Ventilator,6,1.68,2025-04-05 17:52:38.904066,0,0.22,56.73,1,0
E3145,Ultrasound,9,16.21,2025-01-28 17:52:38.904066,0,0.3,43.97,0,1
E3146,ECG,8,10.76,2025-02-20 17:52:38.904066,0,0.73,45.93,1,1
E3147,MRI,9,19.74,2025-07-23 17:52:38.904066,0,0.2,47.18,1,1
E3148,Ultrasound,0,16.19,2025-07-22 17:52:38.904066,1,0.33,69.52,1,1
E3149,Ultrasound,5,11.29,2024-12-25 17:52:38.904066,0,0.63,55.18,1,1
E3150,Ultrasound,10,3.19,2024-10-31 17:52:38.904066,0,0.41,36.0,3,1
E3151,Ventilator,2,9.1,2025-02-23 17:52:38.904066,2,0.62,23.14,1,1
E3152,MRI,4,13.92,2024-08-20 17:52:38.904066,1,0.33,41.93,4,1
E3153,ECG,4,6.73,2025-07-05 17:52:38.904066,2,0.33,38.17,1,0
E3154,Ventilator,2,9.51,2025-02-04 17:52:38.904066,1,0.2,60.01,1,1
E3155,ECG,0,13.46,2024-09-22 17:52:38.904066,0,0.73,68.2,6,1
E3156,ECG,1,9.63,2025-05-30 17:52:38.904066,0,0.16,47.6,1,0
E3157,Ultrasound,2,14.09,2025-05-13 17:52:38.904066,0,0.06,50.12,3,0
E3158,ECG,2,8.43,2025-02-03 17:52:38.904066,0,0.07,53.91,2,1
E3159,ECG,0,15.92,2024-10-05 17:52:38.904066,0,0.5,24.34,1,1
E3160,ECG,7,0.56,2024-08-07 17:52:38.904066,0,0.29,21.28,3,1
E3161,MRI,5,19.8,2025-02-17 17:52:38.904066,2,0.34,52.74,2,1
E3162,Ultrasound,5,2.01,2024-10-31 17:52:38.904066,1,0.56,66.96,0,1
E3163,Ultrasound,5,16.73,2025-04-22 17:52:38.904066,2,0.75,43.2,4,1
E3164,Ventilator,0,4.06,2025-04-14 17:52:38.904066,4,0.09,28.17,1,1
E3165,ECG,2,18.91,2024-11-17 17:52:38.904066,0,0.64,64.53,2,1
E3166,Ventilator,8,16.43,2025-01-23 17:52:38.904066,1,0.16,56.58,1,1
E3167,MRI,2,16.5,2024-10-27 17:52:38.904066,2,0.54,66.93,3,1
E3168,ECG,4,3.34,2024-10-05 17:52:38.904066,1,0.77,30.48,1,1
E3169,Ultrasound,5,9.33,2025-01-20 17:52:38.904066,1,0.24,68.9,1,1
E3170,MRI,7,2.38,2025-03-17 17:52:38.904066,0,0.65,21.89,2,1
E3171,MRI,6,17.04,2025-04-10 17:52:38.904066,0,0.59,55.98,0,1
E3172,MRI,13,11.16,2025-07-27 17:52:38.904066,0,0.14,26.78,1,1
E3173,Ventilator,7,18.18,2025-06-01 17:52:38.904066,0,0.19,20.6,3,1
E3174,Ventilator,6,6.48,2025-02-12 17:52:38.904066,1,0.42,61.39,2,1
E3175,MRI,0,2.92,2025-03-28 17:52:38.904066,0,0.38,22.16,1,0
E3176,MRI,4,10.79,2025-04-28 17:52:38.904066,1,0.28,40.43,1,0
E3177,ECG,7,3.17,2024-12-18 17:52:38.904066,1,0.19,64.22,0,1
E3178,Ventilator,5,15.59,2025-02-23 17:52:38.904066,1,0.37,22.17,1,0
E3179,Ultrasound,4,12.07,2024-10-06 17:52:38.904066,0,0.61,54.98,1,1
E3180,ECG,5,13.48,2025-07-24 17:52:38.904066,0,0.42,68.38,1,1
E3181,MRI,11,14.48,2024-08-19 17:52:38.904066,1,0.38,27.25,4,1
E3182,Ultrasound,7,19.72,2025-08-02 17:52:38.904066,3,0.73,22.39,0,1
E3183,ECG,6,2.77,2024-09-29 17:52:38.904066,1,0.03,37.14,3,1
E3184,ECG,10,1.66,2024-10-22 17:52:38.904066,1,0.21,39.62,0,1
E3185,MRI,4,10.95,2025-02-06 17:52:38.904066,1,0.79,50.46,2,1
E3186,ECG,10,17.03,2024-08-15 17:52:38.904066,1,0.13,44.16,2,1
E3187,Ventilator,0,5.55,2024-10-14 17:52:38.904066,2,0.22,34.99,1,1
E3188,Ultrasound,6,6.93,2024-08-09 17:52:38.904066,1,0.14,33.75,1,1
E3189,Ultrasound,6,4.84,2024-11-23 17:52:38.904066,1,0.4,67.7,1,1
E3190,Ventilator,3,1.55,2025-07-20 17:52:38.904066,1,0.31,40.77,0,0
E3191,Ultrasound,1,13.95,2024-11-13 17:52:38.904066,2,0.69,62.65,2,1
E3192,Ventilator,8,4.96,2024-10-17 17:52:38.904066,1,0.63,55.96,2,1
E3193,MRI,0,18.18,2024-08-27 17:52:38.904066,0,0.59,22.11,0,1
E3194,ECG,0,0.48,2025-06-15 17:52:38.904066,0,0.37,66.71,1,1
E3195,ECG,7,7.28,2025-04-25 17:52:38.904066,0,0.06,56.41,1,0
E3196,MRI,2,4.28,2024-09-17 17:52:38.904066,0,0.63,66.82,2,1
E3197,Ventilator,4,12.33,2024-11-27 17:52:38.904066,0,0.7,59.48,0,1
E3198,Ultrasound,7,9.57,2025-06-26 17:52:38.904066,0,0.7,60.13,4,1
E3199,Ultrasound,11,1.1,2024-08-23 17:52:38.904066,1,0.01,51.37,4,1
E3200,Ventilator,8,1.87,2024-09-22 17:52:38.904066,0,0.36,38.7,1,1
E3201,Ventilator,3,8.86,2024-11-01 17:52:38.904066,1,0.48,68.16,1,1
E3202,Ultrasound,3,10.2,2025-04-18 17:52:38.904066,0,0.35,66.84,0,1
E3203,MRI,2,3.5,2025-06-17 17:52:38.904066,1,0.24,40.78,3,0
E3204,Ultrasound,7,3.86,2024-09-18 17:52:38.904066,0,0.38,38.5,0,1
E3205,Ultrasound,4,6.33,2025-01-14 17:52:38.904066,0,0.16,26.93,2,1
E3206,MRI,7,4.05,2025-01-19 17:52:38.904066,1,0.43,66.33,1,1
E3207,ECG,12,12.8,2025-06-15 17:52:38.904066,0,0.52,58.66,1,1
E3208,Ultrasound,7,14.19,2024-12-27 17:52:38.904066,1,0.03,66.56,0,1
E3209,Ventilator,6,17.22,2024-09-03 17:52:38.904066,1,0.32,36.1,1,1
E3210,Ultrasound,11,4.88,2025-04-30 17:52:38.904066,0,0.46,62.96,0,1
E3211,Ventilator,3,18.49,2024-11-18 17:52:38.904066,1,0.01,56.97,0,1
E3212,ECG,3,17.5,2025-05-04 17:52:38.904066,0,0.3,60.95,0,1
E3213,Ultrasound,3,17.95,2024-10-18 17:52:38.904066,1,0.58,58.82,1,1
E3214,ECG,10,16.32,2024-09-11 17:52:38.904066,2,0.2,45.78,1,1
E3215,Ultrasound,7,18.72,2024-12-09 17:52:38.904066,2,0.35,40.74,1,1
E3216,Ventilator,2,19.06,2025-05-17 17:52:38.904066,3,0.52,43.11,0,1
E3217,Ultrasound,1,4.79,2025-06-24 17:52:38.904066,0,0.33,51.24,1,0
E3218,MRI,6,11.29,2025-04-21 17:52:38.904066,3,0.5,50.4,1,1
E3219,Ultrasound,9,5.9,2024-12-17 17:52:38.904066,1,0.6,60.84,2,1
E3220,ECG,6,9.8,2024-10-21 17:52:38.904066,0,0.34,57.18,2,1
E3221,MRI,12,15.22,2024-12-19 17:52:38.904066,0,0.36,29.95,0,1
E3222,ECG,5,9.66,2025-06-25 17:52:38.904066,0,0.33,55.25,1,0
E3223,Ultrasound,4,15.75,2024-11-01 17:52:38.904066,2,0.45,35.38,4,1
E3224,MRI,4,19.26,2025-07-30 17:52:38.904066,1,0.66,27.82,2,1
E3225,Ventilator,3,19.18,2025-03-08 17:52:38.904066,0,0.41,51.12,1,1
E3226,Ventilator,1,15.74,2025-05-11 17:52:38.904066,0,0.65,61.11,4,1
E3227,MRI,9,17.2,2024-11-11 17:52:38.904066,1,0.7,62.75,0,1
E3228,Ventilator,3,17.07,2025-07-09 17:52:38.904066,2,0.75,55.48,1,1
E3229,ECG,8,1.73,2024-11-28 17:52:38.904066,0,0.78,28.11,0,1
E3230,MRI,1,14.63,2025-03-16 17:52:38.904066,0,0.41,63.88,0,1
E3231,Ultrasound,0,10.16,2025-05-02 17:52:38.904066,0,0.46,41.29,3,0
E3232,ECG,5,18.3,2025-06-03 17:52:38.904066,0,0.14,48.04,0,1
E3233,Ultrasound,15,11.95,2025-02-08 17:52:38.904066,0,0.73,28.74,2,1
E3234,Ventilator,6,15.95,2025-02-27 17:52:38.904066,0,0.3,46.12,0,0
E3235,MRI,4,5.37,2024-08-25 17:52:38.904066,1,0.52,42.62,1,1
E3236,ECG,5,8.94,2024-10-15 17:52:38.904066,0,0.13,67.8,4,1
E3237,Ultrasound,9,13.91,2025-04-19 17:52:38.904066,1,0.22,69.65,4,1
E3238,Ventilator,7,12.0,2025-05-04 17:52:38.904066,1,0.12,68.25,1,1
E3239,MRI,6,1.6,2025-04-23 17:52:38.904066,0,0.65,45.15,1,1
E3240,Ultrasound,4,16.11,2025-05-22 17:52:38.904066,0,0.78,47.46,2,1
E3241,ECG,10,3.89,2025-03-28 17:52:38.904066,0,0.09,37.04,2,1
E3242,MRI,2,14.39,2025-05-11 17:52:38.904066,0,0.21,65.3,6,1
E3243,Ultrasound,6,6.86,2024-11-24 17:52:38.904066,0,0.6,36.96,1,1
E3244,Ultrasound,1,8.82,2025-07-19 17:52:38.904066,1,0.0,66.76,0,1
E3245,ECG,15,16.9,2024-10-03 17:52:38.904066,0,0.28,37.07,2,1
E3246,ECG,5,11.59,2024-12-21 17:52:38.904066,0,0.11,42.58,2,1
E3247,Ventilator,0,13.41,2024-12-06 17:52:38.904066,1,0.37,56.92,1,1
E3248,ECG,2,17.35,2025-02-17 17:52:38.904066,0,0.68,31.33,0,1
E3249,Ventilator,6,19.5,2024-11-30 17:52:38.904066,2,0.06,34.33,3,1
E3250,Ultrasound,6,16.09,2024-09-18 17:52:38.904066,1,0.73,43.04,2,1
E3251,MRI,4,8.25,2025-06-05 17:52:38.904066,2,0.39,65.6,1,1
E3252,Ventilator,8,15.37,2024-11-29 17:52:38.904066,1,0.67,29.49,1,1
E3253,Ventilator,4,4.41,2025-02-26 17:52:38.904066,0,0.76,46.19,2,1
E3254,Ventilator,14,5.21,2025-01-21 17:52:38.904066,0,0.38,38.89,1,1
E3255,Ultrasound,3,19.33,2025-06-10 17:52:38.904066,1,0.16,68.14,1,1
E3256,ECG,0,19.05,2024-11-02 17:52:38.904066,0,0.24,36.08,3,1
E3257,Ultrasound,7,9.87,2024-09-19 17:52:38.904066,2,0.74,42.15,2,1
E3258,ECG,4,3.54,2025-04-20 17:52:38.904066,0,0.67,43.34,1,1
E3259,Ventilator,2,11.36,2025-07-04 17:52:38.904066,0,0.66,58.62,3,1
E3260,ECG,13,3.03,2025-02-25 17:52:38.904066,1,0.08,29.19,3,1
E3261,MRI,4,12.22,2025-02-03 17:52:38.904066,1,0.11,50.36,0,1
E3262,ECG,5,1.05,2025-06-08 17:52:38.904066,0,0.35,43.89,1,0
E3263,MRI,4,19.23,2025-05-29 17:52:38.904066,0,0.3,52.56,2,1
E3264,MRI,0,7.28,2024-11-22 17:52:38.904066,0,0.54,69.03,1,1
E3265,Ultrasound,1,12.91,2024-09-07 17:52:38.904066,1,0.43,56.28,0,1
E3266,Ventilator,9,13.2,2024-10-18 17:52:38.904066,1,0.72,68.12,2,1
E3267,ECG,4,7.38,2024-09-18 17:52:38.904066,1,0.75,50.15,3,1
E3268,MRI,9,16.41,2025-03-07 17:52:38.904066,2,0.39,67.59,2,1
E3269,ECG,4,3.57,2024-09-26 17:52:38.904066,0,0.68,56.37,2,1
E3270,MRI,8,15.47,2025-07-18 17:52:38.904066,3,0.42,39.16,1,1
E3271,Ventilator,7,15.12,2025-03-15 17:52:38.904066,1,0.44,66.89,0,1
E3272,Ultrasound,0,8.57,2025-05-05 17:52:38.904066,1,0.51,66.86,1,1
E3273,Ultrasound,0,4.77,2024-10-30 17:52:38.904066,2,0.32,65.44,0,1
E3274,MRI,5,3.7,2024-08-31 17:52:38.904066,1,0.43,56.02,1,1
E3275,ECG,0,11.06,2025-02-02 17:52:38.904066,1,0.74,29.55,2,1
E3276,ECG,2,9.75,2025-01-07 17:52:38.904066,2,0.04,53.84,2,1
E3277,Ultrasound,2,11.08,2025-05-22 17:52:38.904066,0,0.48,29.19,1,0
E3278,Ventilator,3,5.89,2025-05-31 17:52:38.904066,0,0.79,62.08,6,1
E3279,Ultrasound,6,8.97,2024-09-06 17:52:38.904066,1,0.52,39.91,4,1
E3280,Ultrasound,8,15.36,2025-06-01 17:52:38.904066,1,0.41,53.49,1,0
E3281,Ventilator,5,3.91,2025-06-16 17:52:38.904066,2,0.3,68.53,1,1
E3282,Ultrasound,7,16.12,2025-05-12 17:52:38.904066,3,0.21,21.91,2,1
E3283,MRI,3,4.55,2025-03-11 17:52:38.904066,0,0.15,48.67,2,0
E3284,Ultrasound,0,7.57,2025-01-20 17:52:38.904066,0,0.23,26.98,2,1
E3285,Ventilator,11,16.75,2025-01-14 17:52:38.904066,0,0.59,43.16,1,1
E3286,MRI,9,4.46,2024-08-18 17:52:38.904066,1,0.66,26.46,0,1
E3287,Ultrasound,0,18.6,2025-07-22 17:52:38.904066,0,0.19,46.05,1,1
E3288,Ultrasound,8,4.2,2024-08-12 17:52:38.904066,0,0.69,32.59,1,1
E3289,MRI,8,6.59,2024-08-11 17:52:38.904066,1,0.34,43.07,3,1
E3290,MRI,2,19.97,2025-01-28 17:52:38.904066,0,0.52,48.17,2,1
E3291,ECG,6,9.45,2024-10-06 17:52:38.904066,1,0.52,24.73,0,1
E3292,Ultrasound,3,7.21,2025-03-18 17:52:38.904066,2,0.73,51.33,2,1
E3293,Ventilator,5,7.02,2025-01-22 17:52:38.904066,1,0.27,42.04,2,1
E3294,Ultrasound,0,2.04,2025-05-03 17:52:38.904066,0,0.75,26.16,1,1
E3295,Ultrasound,10,13.64,2024-11-15 17:52:38.904066,1,0.37,69.85,3,1
E3296,Ventilator,0,17.62,2025-02-12 17:52:38.904066,1,0.28,39.05,1,1
E3297,Ventilator,12,19.65,2025-05-25 17:52:38.904066,0,0.48,29.73,3,1
E3298,ECG,7,14.55,2025-06-28 17:52:38.904066,0,0.45,61.32,0,1
E3299,Ultrasound,0,6.26,2025-06-13 17:52:38.904066,0,0.52,41.24,1,0
E3300,ECG,2,4.63,2024-09-13 17:52:38.904066,0,0.33,42.21,0,1
E3301,Ultrasound,11,5.32,2024-11-01 17:52:38.904066,2,0.36,31.72,4,1
E3302,Ultrasound,10,4.39,2025-03-16 17:52:38.904066,2,0.54,58.74,2,1
E3303,MRI,3,11.67,2024-11-03 17:52:38.904066,1,0.2,22.81,2,1
E3304,MRI,0,6.91,2025-06-14 17:52:38.904066,1,0.13,51.12,4,1
E3305,ECG,8,12.75,2024-10-29 17:52:38.904066,0,0.6,66.31,1,1
E3306,ECG,11,11.04,2024-10-05 17:52:38.904066,4,0.29,30.13,1,1
E3307,ECG,2,13.25,2025-05-11 17:52:38.904066,3,0.57,57.13,1,1
E3308,Ventilator,11,14.08,2024-12-30 17:52:38.904066,0,0.1,31.95,1,1
E3309,ECG,4,5.39,2025-02-03 17:52:38.904066,2,0.09,64.81,0,1
E3310,ECG,2,15.58,2024-11-19 17:52:38.904066,1,0.1,51.45,0,1
E3311,Ventilator,4,2.46,2025-07-12 17:52:38.904066,0,0.13,22.5,1,0
E3312,MRI,13,5.73,2025-01-06 17:52:38.904066,1,0.09,48.83,2,1
E3313,MRI,3,17.44,2025-06-28 17:52:38.904066,0,0.15,59.55,0,1
E3314,MRI,1,14.62,2025-05-22 17:52:38.904066,0,0.8,66.57,3,1
E3315,Ventilator,6,6.84,2024-12-17 17:52:38.904066,1,0.47,67.09,1,1
E3316,Ultrasound,3,15.15,2025-07-23 17:52:38.904066,0,0.64,24.77,1,1
E3317,Ultrasound,3,13.81,2025-06-24 17:52:38.904066,1,0.47,61.25,1,1
E3318,MRI,2,9.83,2024-08-23 17:52:38.904066,0,0.52,47.87,2,1
E3319,Ventilator,3,12.45,2025-04-16 17:52:38.904066,3,0.37,45.3,3,1
E3320,Ventilator,3,17.24,2025-02-09 17:52:38.904066,0,0.42,61.39,4,1
E3321,Ventilator,6,9.96,2025-04-02 17:52:38.904066,0,0.26,46.09,3,0
E3322,Ventilator,10,12.18,2025-06-29 17:52:38.904066,0,0.77,60.8,2,1
E3323,MRI,3,16.7,2024-08-22 17:52:38.904066,2,0.61,48.95,0,1
E3324,Ventilator,1,9.58,2025-06-16 17:52:38.904066,1,0.41,29.85,2,0
E3325,MRI,14,15.4,2025-06-01 17:52:38.904066,2,0.71,45.51,2,1
E3326,Ultrasound,8,1.36,2025-08-03 17:52:38.904066,0,0.78,25.64,1,1
E3327,Ventilator,0,11.56,2025-06-06 17:52:38.904066,2,0.53,23.6,4,1
E3328,ECG,9,8.28,2024-11-04 17:52:38.904066,0,0.27,58.37,3,1
E3329,Ventilator,0,13.18,2024-10-21 17:52:38.904066,0,0.08,21.47,0,1
E3330,ECG,2,2.73,2025-07-30 17:52:38.904066,1,0.26,21.63,0,0
E3331,ECG,1,15.86,2025-04-10 17:52:38.904066,1,0.31,46.46,3,0
E3332,Ultrasound,13,2.56,2025-05-18 17:52:38.904066,0,0.23,32.3,1,1
E3333,Ultrasound,4,13.63,2025-03-26 17:52:38.904066,2,0.02,45.92,3,0
E3334,Ventilator,6,4.52,2024-11-27 17:52:38.904066,1,0.31,31.95,1,1
E3335,Ultrasound,3,11.6,2024-12-29 17:52:38.904066,0,0.38,56.68,2,1
E3336,MRI,10,2.37,2025-04-02 17:52:38.904066,0,0.51,51.29,0,1
E3337,Ultrasound,3,18.95,2025-06-07 17:52:38.904066,0,0.71,24.99,3,1
E3338,ECG,9,18.92,2024-10-07 17:52:38.904066,1,0.62,31.72,4,1
E3339,Ventilator,3,16.34,2024-09-18 17:52:38.904066,1,0.24,35.63,0,1
E3340,ECG,10,9.08,2025-07-29 17:52:38.904066,2,0.73,47.3,0,1
E3341,Ultrasound,7,12.56,2025-06-11 17:52:38.904066,0,0.64,60.2,3,1
E3342,Ventilator,11,12.64,2025-03-25 17:52:38.904066,1,0.17,67.07,4,1
E3343,Ventilator,9,10.93,2025-01-16 17:52:38.904066,1,0.18,37.57,1,1
E3344,MRI,8,7.77,2024-09-09 17:52:38.904066,3,0.07,65.17,2,1
E3345,Ultrasound,8,5.7,2024-12-26 17:52:38.904066,1,0.07,56.67,0,1
E3346,ECG,10,17.36,2025-05-02 17:52:38.904066,3,0.73,38.0,2,1
E3347,MRI,2,3.53,2025-06-01 17:52:38.904066,1,0.66,51.51,1,1
E3348,Ventilator,8,1.62,2024-12-12 17:52:38.904066,1,0.05,32.34,2,1
E3349,ECG,0,13.03,2024-09-09 17:52:38.904066,2,0.11,37.47,3,1
E3350,Ultrasound,4,6.48,2025-07-16 17:52:38.904066,0,0.61,67.98,3,1
E3351,ECG,8,3.83,2025-02-22 17:52:38.904066,0,0.5,68.89,0,1
E3352,ECG,0,4.71,2025-05-12 17:52:38.904066,0,0.44,65.72,0,1
E3353,Ventilator,0,6.31,2025-07-31 17:52:38.904066,0,0.07,65.33,4,1
E3354,MRI,10,7.92,2024-12-11 17:52:38.904066,0,0.74,47.81,4,1
E3355,ECG,0,6.4,2024-09-05 17:52:38.904066,0,0.36,58.98,2,1
E3356,Ventilator,1,17.96,2024-11-16 17:52:38.904066,2,0.19,43.71,2,1
E3357,Ultrasound,9,19.19,2025-07-03 17:52:38.904066,0,0.58,34.9,1,1
E3358,Ultrasound,6,11.24,2025-01-22 17:52:38.904066,0,0.58,37.57,1,1
E3359,Ultrasound,7,3.96,2024-08-07 17:52:38.904066,1,0.25,28.24,0,1
E3360,MRI,0,18.83,2024-08-07 17:52:38.904066,0,0.74,29.83,2,1
E3361,Ventilator,10,3.79,2024-09-28 17:52:38.904066,0,0.21,64.59,0,1
E3362,Ultrasound,6,2.58,2024-12-24 17:52:38.904066,1,0.67,24.85,1,1
E3363,ECG,12,19.66,2025-07-09 17:52:38.904066,2,0.76,22.06,1,1
E3364,Ultrasound,0,15.97,2025-05-28 17:52:38.904066,0,0.79,69.6,2,1
E3365,Ultrasound,6,6.66,2025-05-29 17:52:38.904066,0,0.04,59.91,3,0
E3366,MRI,7,0.99,2025-03-10 17:52:38.904066,1,0.38,37.32,2,0
E3367,Ultrasound,8,8.18,2025-04-14 17:52:38.904066,1,0.53,48.33,1,0
E3368,MRI,11,8.53,2024-11-10 17:52:38.904066,1,0.36,26.08,0,1
E3369,Ventilator,9,16.87,2025-06-10 17:52:38.904066,1,0.29,60.97,0,1
E3370,Ultrasound,6,13.5,2025-04-21 17:52:38.904066,1,0.65,41.49,0,1
E3371,Ventilator,5,15.62,2025-01-04 17:52:38.904066,0,0.09,24.83,4,1
E3372,Ventilator,7,9.22,2024-10-08 17:52:38.904066,1,0.44,21.27,1,1
E3373,Ventilator,7,15.21,2025-04-19 17:52:38.904066,2,0.55,47.78,1,0
E3374,Ventilator,7,18.21,2024-10-16 17:52:38.904066,1,0.71,29.16,2,1
E3375,ECG,0,1.26,2025-02-17 17:52:38.904066,1,0.54,69.0,0,1
E3376,MRI,10,3.08,2025-02-24 17:52:38.904066,0,0.5,38.93,2,1
E3377,MRI,3,4.91,2025-02-07 17:52:38.904066,2,0.4,66.81,1,1
E3378,Ventilator,3,1.65,2025-06-07 17:52:38.904066,0,0.47,25.29,1,0
E3379,Ventilator,8,18.28,2025-01-19 17:52:38.904066,1,0.33,68.26,0,1
E3380,ECG,3,8.23,2025-02-21 17:52:38.904066,0,0.03,67.25,3,1
E3381,Ultrasound,7,2.01,2024-08-19 17:52:38.904066,3,0.11,67.83,2,1
E3382,MRI,7,18.33,2025-05-29 17:52:38.904066,2,0.79,62.86,1,1
E3383,Ventilator,5,16.49,2024-10-31 17:52:38.904066,0,0.56,23.02,1,1
E3384,Ventilator,9,4.48,2025-07-30 17:52:38.904066,0,0.75,61.3,1,1
E3385,Ventilator,7,15.07,2024-10-28 17:52:38.904066,0,0.01,62.66,1,1
E3386,MRI,3,14.97,2025-01-07 17:52:38.904066,0,0.11,29.04,2,1
E3387,Ultrasound,3,2.13,2024-12-09 17:52:38.904066,2,0.52,42.05,3,1
E3388,Ventilator,0,18.13,2025-04-06 17:52:38.904066,2,0.24,20.29,0,1
E3389,MRI,10,15.7,2025-01-21 17:52:38.904066,0,0.56,35.03,0,1
E3390,Ventilator,5,17.03,2025-06-29 17:52:38.904066,0,0.44,67.45,1,1
E3391,Ventilator,4,2.38,2024-09-30 17:52:38.904066,0,0.24,69.74,3,1
E3392,Ventilator,3,6.77,2025-07-28 17:52:38.904066,0,0.67,32.01,2,1
E3393,Ultrasound,6,6.66,2025-04-07 17:52:38.904066,1,0.57,55.47,2,0
E3394,MRI,0,13.09,2024-10-19 17:52:38.904066,1,0.49,25.59,1,1
E3395,MRI,0,7.12,2025-05-22 17:52:38.904066,0,0.54,21.58,2,0
E3396,Ventilator,0,11.79,2025-01-04 17:52:38.904066,0,0.13,59.45,6,1
E3397,ECG,6,1.0,2024-10-27 17:52:38.904066,1,0.15,32.12,3,1
E3398,Ventilator,13,8.42,2024-09-03 17:52:38.904066,0,0.74,58.98,3,1
E3399,Ventilator,12,2.9,2025-01-20 17:52:38.904066,0,0.21,54.41,0,1
E3400,Ultrasound,12,6.96,2025-05-10 17:52:38.904066,0,0.51,36.23,1,1
E3401,ECG,7,19.97,2025-02-19 17:52:38.904066,0,0.39,54.07,1,1
E3402,Ventilator,9,16.05,2025-02-18 17:52:38.904066,1,0.8,28.6,4,1
E3403,MRI,11,5.43,2024-09-10 17:52:38.904066,1,0.54,69.77,2,1
E3404,Ventilator,4,1.82,2025-06-05 17:52:38.904066,0,0.23,37.01,3,0
E3405,Ultrasound,5,5.3,2025-04-08 17:52:38.904066,1,0.41,55.96,2,0
E3406,ECG,9,7.27,2025-04-11 17:52:38.904066,1,0.15,32.58,2,1
E3407,Ventilator,2,12.33,2025-05-21 17:52:38.904066,2,0.09,42.43,1,0
E3408,Ultrasound,7,3.37,2024-10-16 17:52:38.904066,0,0.37,33.84,3,1
E3409,MRI,5,14.26,2024-11-16 17:52:38.904066,0,0.47,56.9,1,1
E3410,Ultrasound,0,13.01,2025-06-19 17:52:38.904066,1,0.32,24.02,0,0
E3411,Ultrasound,7,10.64,2024-09-09 17:52:38.904066,0,0.35,38.35,2,1
E3412,Ventilator,3,5.99,2025-05-01 17:52:38.904066,0,0.67,35.59,1,1
E3413,ECG,12,1.0,2024-08-06 17:52:38.904066,0,0.37,60.31,0,1
E3414,MRI,4,0.83,2025-06-20 17:52:38.904066,1,0.46,43.87,3,0
E3415,MRI,5,5.63,2025-01-01 17:52:38.904066,1,0.18,22.59,2,1
E3416,Ultrasound,4,8.96,2025-03-09 17:52:38.904066,0,0.44,39.63,6,1
E3417,ECG,0,3.33,2024-08-06 17:52:38.904066,1,0.57,37.77,0,1
E3418,MRI,2,9.7,2025-07-28 17:52:38.904066,2,0.41,34.31,2,0
E3419,MRI,5,7.56,2025-04-24 17:52:38.904066,1,0.33,27.6,0,0
E3420,Ultrasound,15,16.78,2024-10-17 17:52:38.904066,2,0.51,60.37,0,1
E3421,Ventilator,4,16.44,2025-05-19 17:52:38.904066,1,0.09,61.47,1,1
E3422,MRI,3,11.01,2025-07-17 17:52:38.904066,1,0.4,56.57,1,0
E3423,MRI,2,5.4,2024-11-04 17:52:38.904066,0,0.67,67.82,1,1
E3424,Ultrasound,3,18.03,2025-07-14 17:52:38.904066,0,0.59,32.14,0,1
E3425,ECG,8,3.34,2025-02-05 17:52:38.904066,0,0.38,40.68,1,1
E3426,MRI,7,9.46,2024-10-29 17:52:38.904066,0,0.04,48.01,1,1
E3427,Ventilator,0,6.22,2025-07-03 17:52:38.904066,0,0.26,63.62,1,1
E3428,MRI,7,19.02,2025-03-10 17:52:38.904066,0,0.12,47.78,2,1
E3429,Ventilator,1,9.04,2025-03-16 17:52:38.904066,1,0.66,54.28,0,1
E3430,Ultrasound,0,14.38,2025-06-03 17:52:38.904066,2,0.2,58.34,2,0
E3431,MRI,0,6.95,2024-09-28 17:52:38.904066,0,0.7,30.52,3,1
E3432,MRI,10,10.83,2025-05-22 17:52:38.904066,1,0.08,24.43,4,1
E3433,Ultrasound,7,3.0,2025-01-30 17:52:38.904066,1,0.35,52.43,2,1
E3434,Ventilator,9,18.57,2025-02-24 17:52:38.904066,0,0.17,41.42,1,1
E3435,MRI,1,5.22,2025-05-22 17:52:38.904066,2,0.64,64.03,4,1
E3436,Ultrasound,3,8.81,2024-12-02 17:52:38.904066,1,0.43,40.49,1,1
E3437,MRI,3,18.07,2025-02-05 17:52:38.904066,0,0.73,64.27,3,1
E3438,ECG,10,6.81,2025-01-06 17:52:38.904066,0,0.02,31.07,1,1
E3439,MRI,8,5.17,2025-05-25 17:52:38.904066,0,0.26,67.04,0,1
E3440,Ventilator,3,9.46,2024-10-14 17:52:38.904066,0,0.68,53.37,1,1
E3441,ECG,0,13.63,2024-08-28 17:52:38.904066,1,0.42,25.64,2,1
E3442,ECG,8,16.29,2025-06-24 17:52:38.904066,2,0.19,23.64,1,1
E3443,Ultrasound,8,7.34,2025-01-19 17:52:38.904066,0,0.12,52.55,2,1
E3444,Ultrasound,4,17.9,2024-12-28 17:52:38.904066,0,0.56,25.96,1,1
E3445,Ventilator,12,11.66,2024-12-19 17:52:38.904066,0,0.07,22.31,1,1
E3446,Ultrasound,5,5.23,2025-05-21 17:52:38.904066,1,0.28,39.52,3,0
E3447,MRI,12,13.59,2025-07-30 17:52:38.904066,0,0.47,59.77,3,1
E3448,Ventilator,3,1.5,2024-09-23 17:52:38.904066,0,0.28,59.18,0,1
E3449,MRI,5,7.75,2025-03-07 17:52:38.904066,2,0.78,49.73,0,1
E3450,Ultrasound,0,2.78,2025-04-22 17:52:38.904066,0,0.37,54.32,2,0
E3451,ECG,1,16.11,2025-07-13 17:52:38.904066,0,0.79,66.42,3,1
E3452,Ventilator,10,1.67,2025-07-11 17:52:38.904066,0,0.64,44.4,1,1
E3453,MRI,3,16.59,2025-03-28 17:52:38.904066,0,0.51,32.68,2,1
E3454,ECG,9,7.88,2025-03-04 17:52:38.904066,1,0.57,33.3,0,1
E3455,Ventilator,10,17.27,2024-12-10 17:52:38.904066,1,0.79,26.89,3,1
E3456,ECG,4,16.99,2024-12-30 17:52:38.904066,2,0.65,34.84,0,1
E3457,Ventilator,11,17.73,2024-10-19 17:52:38.904066,1,0.04,40.19,2,1
E3458,Ultrasound,4,18.42,2024-12-02 17:52:38.904066,1,0.57,20.02,0,1
E3459,MRI,3,9.99,2025-03-06 17:52:38.904066,0,0.18,31.68,1,0
E3460,MRI,3,12.31,2025-06-06 17:52:38.904066,0,0.19,45.81,2,0
E3461,MRI,10,3.33,2025-05-04 17:52:38.904066,0,0.75,30.38,3,1
E3462,Ultrasound,0,8.38,2025-08-03 17:52:38.904066,1,0.64,62.19,2,1
E3463,ECG,9,18.7,2024-11-22 17:52:38.904066,0,0.8,45.91,1,1
E3464,Ultrasound,2,14.98,2025-02-04 17:52:38.904066,2,0.29,25.62,0,1
E3465,ECG,1,19.92,2025-04-18 17:52:38.904066,0,0.42,38.91,0,1
E3466,Ventilator,2,4.22,2025-05-31 17:52:38.904066,0,0.23,30.09,0,0
E3467,MRI,5,11.29,2025-01-25 17:52:38.904066,0,0.31,30.81,0,1
E3468,Ventilator,3,18.6,2025-02-20 17:52:38.904066,0,0.69,64.87,1,1
E3469,ECG,6,11.86,2025-07-16 17:52:38.904066,0,0.67,49.41,2,1
E3470,Ultrasound,0,8.26,2024-12-25 17:52:38.904066,1,0.43,55.24,1,1
E3471,Ultrasound,4,6.85,2024-12-12 17:52:38.904066,1,0.06,35.75,2,1
E3472,ECG,10,4.81,2024-09-20 17:52:38.904066,2,0.4,60.79,1,1
E3473,Ultrasound,12,12.55,2025-06-02 17:52:38.904066,1,0.6,50.13,2,1
E3474,Ultrasound,5,3.75,2025-06-26 17:52:38.904066,2,0.02,67.55,2,1
E3475,ECG,4,1.73,2025-04-11 17:52:38.904066,0,0.58,68.52,0,1
E3476,MRI,2,3.56,2025-06-12 17:52:38.904066,1,0.61,62.58,0,1
E3477,Ultrasound,9,14.36,2024-12-04 17:52:38.904066,1,0.27,23.1,0,1
E3478,ECG,9,17.09,2024-10-22 17:52:38.904066,0,0.09,40.12,1,1
E3479,ECG,9,9.32,2025-01-09 17:52:38.904066,0,0.58,20.73,2,1
E3480,MRI,5,18.09,2024-08-07 17:52:38.904066,0,0.35,59.68,2,1
E3481,ECG,8,7.67,2025-06-02 17:52:38.904066,1,0.07,33.27,0,0
E3482,MRI,4,4.87,2024-09-28 17:52:38.904066,2,0.04,55.35,0,1
E3483,ECG,9,16.49,2025-01-20 17:52:38.904066,3,0.41,22.61,5,1
E3484,ECG,4,10.38,2024-09-03 17:52:38.904066,0,0.72,59.16,3,1
E3485,MRI,6,4.85,2025-03-12 17:52:38.904066,1,0.31,33.67,2,0
E3486,MRI,4,18.5,2024-11-24 17:52:38.904066,1,0.51,35.27,1,1
E3487,ECG,6,13.27,2024-08-06 17:52:38.904066,1,0.25,41.28,0,1
E3488,Ultrasound,9,15.38,2025-02-11 17:52:38.904066,3,0.01,39.84,0,1
E3489,MRI,6,2.9,2024-12-09 17:52:38.904066,0,0.33,47.79,1,1
E3490,Ultrasound,4,13.28,2025-08-03 17:52:38.904066,1,0.42,66.1,3,1
E3491,MRI,3,13.41,2025-03-04 17:52:38.904066,3,0.46,25.73,0,1
E3492,MRI,6,13.63,2024-12-31 17:52:38.904066,1,0.29,24.77,3,1
E3493,Ultrasound,4,1.56,2025-07-16 17:52:38.904066,1,0.31,43.46,4,1
E3494,MRI,3,12.11,2025-04-03 17:52:38.904066,0,0.6,24.9,3,0
E3495,ECG,0,1.21,2025-07-16 17:52:38.904066,0,0.18,48.43,4,1
E3496,Ultrasound,4,15.83,2024-12-04 17:52:38.904066,2,0.35,40.07,1,1
E3497,Ventilator,1,11.89,2025-04-11 17:52:38.904066,1,0.39,33.04,2,0
E3498,Ventilator,5,1.33,2025-02-21 17:52:38.904066,2,0.12,45.94,0,0
E3499,Ultrasound,6,14.93,2024-09-11 17:52:38.904066,0,0.73,35.81,2,1
E3500,ECG,0,3.98,2024-09-16 17:52:38.904066,1,0.79,57.69,2,1
E3501,Ultrasound,4,7.06,2024-09-28 17:52:38.904066,1,0.06,48.01,2,1
E3502,MRI,7,5.83,2025-08-01 17:52:38.904066,0,0.21,63.59,1,1
E3503,MRI,0,15.13,2025-04-19 17:52:38.904066,1,0.47,30.67,1,0
E3504,MRI,3,8.03,2025-07-28 17:52:38.904066,0,0.3,39.98,0,0
E3505,Ventilator,9,1.38,2025-04-04 17:52:38.904066,0,0.51,33.58,1,1
E3506,ECG,7,7.95,2025-02-20 17:52:38.904066,1,0.22,53.93,2,0
E3507,Ultrasound,5,13.73,2025-04-15 17:52:38.904066,0,0.66,36.45,2,1
E3508,ECG,6,7.33,2024-09-24 17:52:38.904066,1,0.21,66.27,3,1
E3509,ECG,9,11.2,2024-12-10 17:52:38.904066,1,0.61,20.6,2,1
E3510,Ultrasound,5,16.14,2025-07-11 17:52:38.904066,2,0.27,30.58,2,1
E3511,Ventilator,0,17.04,2024-11-22 17:52:38.904066,1,0.38,36.66,1,1
E3512,Ultrasound,3,10.32,2025-01-21 17:52:38.904066,1,0.6,51.95,1,1
E3513,Ultrasound,4,7.23,2025-05-20 17:52:38.904066,2,0.21,25.97,1,0
E3514,Ventilator,4,10.61,2025-01-04 17:52:38.904066,1,0.55,34.08,1,1
E3515,MRI,4,2.09,2024-12-29 17:52:38.904066,2,0.24,45.45,0,1
E3516,Ultrasound,5,18.02,2025-02-07 17:52:38.904066,1,0.4,20.6,0,1
E3517,MRI,5,17.77,2024-12-02 17:52:38.904066,0,0.56,39.04,1,1
E3518,Ultrasound,8,10.35,2024-12-11 17:52:38.904066,0,0.64,27.18,5,1
E3519,MRI,1,2.52,2024-09-26 17:52:38.904066,1,0.67,52.3,2,1
E3520,Ventilator,4,9.66,2024-12-09 17:52:38.904066,2,0.05,66.18,4,1
E3521,Ventilator,0,1.93,2025-07-16 17:52:38.904066,0,0.22,28.8,4,1
E3522,ECG,2,19.36,2024-08-29 17:52:38.904066,0,0.07,51.89,2,1
E3523,MRI,2,11.67,2024-11-04 17:52:38.904066,0,0.78,66.47,0,1
E3524,Ventilator,3,18.41,2025-07-27 17:52:38.904066,3,0.68,27.32,1,1
E3525,ECG,7,5.61,2024-08-17 17:52:38.904066,0,0.8,68.25,2,1
E3526,Ultrasound,8,15.59,2025-07-13 17:52:38.904066,0,0.46,33.53,4,1
E3527,ECG,3,3.89,2024-11-27 17:52:38.904066,1,0.64,35.33,1,1
E3528,ECG,8,11.91,2024-11-07 17:52:38.904066,1,0.58,25.35,1,1
E3529,ECG,3,16.37,2024-11-16 17:52:38.904066,1,0.47,47.88,3,1
E3530,Ventilator,6,1.09,2025-05-20 17:52:38.904066,0,0.77,51.45,1,1
E3531,MRI,7,5.2,2025-04-16 17:52:38.904066,0,0.74,61.31,1,1
E3532,Ventilator,7,13.01,2024-08-28 17:52:38.904066,2,0.34,64.39,2,1
E3533,Ventilator,0,12.27,2024-10-17 17:52:38.904066,1,0.63,36.57,2,1
E3534,MRI,7,6.35,2025-01-06 17:52:38.904066,0,0.58,43.55,0,1
E3535,Ultrasound,5,11.85,2025-01-13 17:52:38.904066,0,0.43,34.83,5,1
E3536,Ultrasound,8,13.21,2025-07-12 17:52:38.904066,0,0.75,49.39,0,1
E3537,ECG,2,3.03,2024-10-25 17:52:38.904066,0,0.4,39.55,3,1
E3538,MRI,11,1.67,2025-07-29 17:52:38.904066,2,0.34,34.13,2,1
E3539,MRI,9,9.16,2024-11-24 17:52:38.904066,3,0.01,54.5,1,1
E3540,MRI,2,5.29,2025-08-05 17:52:38.904066,0,0.69,40.07,2,1
E3541,MRI,11,15.58,2025-04-28 17:52:38.904066,1,0.14,41.4,0,1
E3542,Ultrasound,9,10.09,2024-08-11 17:52:38.904066,0,0.09,46.87,1,1
E3543,ECG,2,5.86,2024-10-12 17:52:38.904066,0,0.32,38.63,3,1
E3544,Ultrasound,10,4.15,2024-12-30 17:52:38.904066,0,0.12,39.37,2,1
E3545,ECG,12,10.6,2024-12-16 17:52:38.904066,0,0.52,50.24,3,1
E3546,ECG,10,2.86,2025-04-19 17:52:38.904066,0,0.77,46.24,1,1
E3547,Ultrasound,7,5.44,2025-05-23 17:52:38.904066,0,0.64,22.1,1,1
E3548,Ventilator,12,10.55,2025-07-09 17:52:38.904066,1,0.17,23.94,1,1
E3549,MRI,6,6.64,2024-11-03 17:52:38.904066,0,0.7,44.2,2,1
E3550,Ultrasound,7,10.0,2024-10-04 17:52:38.904066,0,0.74,27.96,3,1
E3551,MRI,0,14.07,2024-11-29 17:52:38.904066,0,0.79,48.36,3,1
E3552,ECG,9,2.32,2024-12-31 17:52:38.904066,1,0.76,42.75,3,1
E3553,Ventilator,9,7.6,2025-03-06 17:52:38.904066,1,0.5,54.41,3,1
E3554,ECG,0,3.66,2024-08-12 17:52:38.904066,5,0.7,34.75,0,1
E3555,Ultrasound,4,9.82,2024-08-08 17:52:38.904066,0,0.63,35.63,3,1
E3556,Ultrasound,4,18.11,2025-01-24 17:52:38.904066,2,0.11,44.29,1,1
E3557,Ventilator,0,5.55,2024-12-21 17:52:38.904066,0,0.04,61.59,1,1
E3558,Ventilator,2,17.29,2025-05-28 17:52:38.904066,0,0.42,50.64,2,1
E3559,Ventilator,6,16.04,2025-04-25 17:52:38.904066,0,0.38,59.1,3,1
E3560,MRI,3,12.96,2024-10-04 17:52:38.904066,0,0.09,40.27,3,1
E3561,ECG,5,12.73,2025-01-25 17:52:38.904066,1,0.68,43.7,1,1
E3562,MRI,9,14.22,2025-05-01 17:52:38.904066,2,0.02,22.55,0,1
E3563,Ventilator,8,18.01,2024-09-18 17:52:38.904066,1,0.43,54.0,1,1
E3564,Ventilator,5,10.73,2024-09-28 17:52:38.904066,0,0.09,64.2,0,1
E3565,ECG,0,16.98,2024-10-31 17:52:38.904066,0,0.72,41.21,1,1
E3566,ECG,0,11.27,2024-12-22 17:52:38.904066,1,0.07,65.34,3,1
E3567,MRI,8,9.96,2025-06-08 17:52:38.904066,4,0.21,40.48,1,1
E3568,ECG,4,12.25,2025-04-07 17:52:38.904066,1,0.3,53.54,4,1
E3569,MRI,3,13.81,2025-03-16 17:52:38.904066,0,0.72,57.5,2,1
E3570,MRI,7,14.16,2025-07-29 17:52:38.904066,0,0.57,53.26,0,0
E3571,Ultrasound,13,19.7,2024-08-07 17:52:38.904066,0,0.15,67.56,0,1
E3572,ECG,4,14.73,2024-08-12 17:52:38.904066,2,0.65,57.36,1,1
E3573,ECG,4,11.17,2025-01-29 17:52:38.904066,1,0.69,61.46,2,1
E3574,MRI,5,5.94,2025-04-11 17:52:38.904066,2,0.58,54.94,2,0
E3575,Ultrasound,3,7.6,2024-10-28 17:52:38.904066,2,0.22,65.79,5,1
E3576,ECG,6,6.19,2025-03-10 17:52:38.904066,0,0.39,37.19,1,0
E3577,ECG,0,13.68,2025-04-23 17:52:38.904066,0,0.07,55.27,5,1
E3578,MRI,3,18.37,2024-09-12 17:52:38.904066,0,0.67,20.19,2,1
E3579,ECG,0,11.88,2025-02-04 17:52:38.904066,1,0.17,53.62,1,1
E3580,Ventilator,7,18.7,2025-06-09 17:52:38.904066,0,0.77,36.06,2,1
E3581,Ultrasound,0,13.77,2025-05-31 17:52:38.904066,2,0.23,30.64,1,0
E3582,MRI,1,1.13,2025-05-20 17:52:38.904066,0,0.09,41.31,2,0
E3583,Ultrasound,7,9.29,2025-04-24 17:52:38.904066,0,0.32,50.49,2,0
E3584,MRI,0,2.8,2025-02-16 17:52:38.904066,1,0.28,29.36,2,0
E3585,Ultrasound,9,19.71,2025-07-15 17:52:38.904066,1,0.14,27.47,0,1
E3586,ECG,8,1.25,2024-10-03 17:52:38.904066,1,0.09,56.89,1,1
E3587,MRI,1,0.26,2025-04-25 17:52:38.904066,1,0.13,58.63,0,0
E3588,MRI,11,12.3,2024-08-23 17:52:38.904066,0,0.28,21.43,1,1
E3589,Ultrasound,11,5.64,2025-04-06 17:52:38.904066,0,0.59,35.45,4,1
E3590,ECG,6,2.41,2025-02-19 17:52:38.904066,1,0.42,38.56,0,0
E3591,MRI,1,14.33,2025-02-13 17:52:38.904066,0,0.63,34.4,2,1
E3592,MRI,3,11.79,2024-10-03 17:52:38.904066,0,0.13,66.55,1,1
E3593,Ventilator,12,8.54,2025-07-29 17:52:38.904066,0,0.67,26.45,0,1
E3594,Ventilator,1,10.46,2024-11-18 17:52:38.904066,1,0.7,47.18,2,1
E3595,ECG,10,1.38,2025-05-24 17:52:38.904066,0,0.06,50.66,4,1
E3596,ECG,5,0.55,2025-04-18 17:52:38.904066,2,0.18,64.31,0,1
E3597,Ventilator,7,6.57,2024-10-21 17:52:38.904066,1,0.27,60.83,0,1
E3598,Ultrasound,4,19.3,2025-04-10 17:52:38.904066,2,0.46,37.94,2,1
E3599,ECG,4,4.21,2024-10-05 17:52:38.904066,2,0.15,39.14,0,1
E3600,Ultrasound,1,15.4,2024-11-28 17:52:38.904066,0,0.79,20.6,1,1
E3601,Ultrasound,7,15.67,2024-09-26 17:52:38.904066,2,0.22,56.45,1,1
E3602,Ultrasound,5,2.12,2025-01-25 17:52:38.904066,0,0.06,55.68,1,1
E3603,Ultrasound,5,6.91,2025-04-02 17:52:38.904066,1,0.58,64.9,3,1
E3604,Ultrasound,8,1.36,2025-01-29 17:52:38.904066,1,0.61,68.82,0,1
E3605,ECG,8,10.55,2024-10-05 17:52:38.904066,4,0.68,31.35,1,1
E3606,Ultrasound,8,12.28,2025-01-19 17:52:38.904066,3,0.06,25.65,1,1
E3607,ECG,4,15.73,2025-02-01 17:52:38.904066,0,0.0,36.5,2,1
E3608,Ventilator,6,0.66,2024-09-23 17:52:38.904066,0,0.43,33.12,1,1
E3609,ECG,10,15.68,2025-01-29 17:52:38.904066,1,0.27,34.3,3,1
E3610,MRI,7,15.98,2025-02-13 17:52:38.904066,2,0.25,31.46,1,0
E3611,ECG,5,6.65,2024-10-17 17:52:38.904066,0,0.07,59.22,2,1
E3612,Ultrasound,4,12.87,2025-04-22 17:52:38.904066,2,0.48,41.6,2,0
E3613,Ventilator,4,6.98,2025-04-06 17:52:38.904066,2,0.07,24.76,1,0
E3614,Ventilator,3,6.8,2025-06-14 17:52:38.904066,3,0.44,57.48,5,1
E3615,Ultrasound,8,13.15,2025-02-16 17:52:38.904066,1,0.7,49.13,2,1
E3616,ECG,4,3.29,2025-07-19 17:52:38.904066,0,0.33,43.5,2,0
E3617,Ultrasound,8,6.41,2024-12-06 17:52:38.904066,1,0.14,34.77,2,1
E3618,Ventilator,5,15.38,2025-07-26 17:52:38.904066,0,0.51,28.25,0,0
E3619,MRI,4,5.95,2025-03-24 17:52:38.904066,0,0.4,32.8,2,0
E3620,Ventilator,2,17.76,2025-06-30 17:52:38.904066,0,0.7,55.99,1,1
E3621,MRI,4,11.13,2025-02-01 17:52:38.904066,1,0.01,52.52,2,1
E3622,MRI,6,11.43,2025-06-25 17:52:38.904066,2,0.22,48.31,6,1
E3623,Ventilator,12,15.73,2025-01-12 17:52:38.904066,0,0.74,47.38,2,1
E3624,Ultrasound,3,19.08,2025-04-03 17:52:38.904066,0,0.16,46.29,2,1
E3625,Ventilator,9,13.61,2024-12-06 17:52:38.904066,0,0.09,61.97,2,1
E3626,Ultrasound,7,6.91,2025-06-09 17:52:38.904066,1,0.35,63.91,3,1
E3627,Ventilator,3,14.37,2025-06-01 17:52:38.904066,3,0.73,27.97,1,1
E3628,MRI,5,11.53,2024-12-18 17:52:38.904066,0,0.75,24.57,1,1
E3629,Ultrasound,11,5.57,2025-06-30 17:52:38.904066,1,0.5,53.14,0,1
E3630,Ventilator,3,15.98,2024-12-09 17:52:38.904066,1,0.19,59.3,2,1
E3631,Ultrasound,4,16.46,2025-06-24 17:52:38.904066,2,0.14,54.48,1,1
E3632,Ventilator,1,0.66,2024-08-23 17:52:38.904066,0,0.69,28.27,0,1
E3633,Ultrasound,1,0.85,2025-02-25 17:52:38.904066,0,0.73,22.36,0,1
E3634,Ventilator,8,19.89,2024-09-05 17:52:38.904066,0,0.62,59.03,1,1
E3635,MRI,7,8.12,2025-01-16 17:52:38.904066,0,0.36,53.89,2,1
E3636,Ultrasound,7,19.07,2025-05-05 17:52:38.904066,0,0.09,52.02,2,1
E3637,ECG,1,2.23,2024-09-25 17:52:38.904066,3,0.54,51.91,2,1
E3638,Ultrasound,5,13.67,2024-10-28 17:52:38.904066,1,0.03,45.29,0,1
E3639,ECG,8,17.6,2025-03-07 17:52:38.904066,0,0.32,44.58,2,1
E3640,Ultrasound,6,12.1,2025-04-21 17:52:38.904066,1,0.26,32.91,2,0
E3641,ECG,3,3.5,2025-03-25 17:52:38.904066,1,0.04,31.44,2,0
E3642,Ultrasound,4,7.16,2025-01-21 17:52:38.904066,0,0.19,53.86,4,1
E3643,Ultrasound,9,18.1,2025-03-03 17:52:38.904066,0,0.53,44.19,1,1
E3644,Ultrasound,13,5.36,2024-09-03 17:52:38.904066,0,0.23,28.76,2,1
E3645,Ventilator,7,13.49,2025-04-29 17:52:38.904066,1,0.61,31.63,0,1
E3646,Ventilator,4,0.8,2025-04-02 17:52:38.904066,1,0.41,31.07,4,1
E3647,MRI,9,15.03,2025-04-06 17:52:38.904066,1,0.41,34.92,0,1
E3648,Ventilator,10,0.49,2025-01-28 17:52:38.904066,1,0.27,25.77,1,1
E3649,ECG,5,6.9,2025-03-30 17:52:38.904066,0,0.08,52.97,0,0
E3650,Ventilator,7,3.31,2025-04-02 17:52:38.904066,0,0.28,47.22,1,0
E3651,Ultrasound,6,13.59,2025-01-21 17:52:38.904066,2,0.59,60.6,1,1
E3652,MRI,9,8.21,2024-12-14 17:52:38.904066,2,0.08,38.26,3,1
E3653,Ventilator,10,18.13,2025-01-31 17:52:38.904066,2,0.01,43.79,3,1
E3654,Ultrasound,0,0.76,2024-10-12 17:52:38.904066,1,0.12,66.08,4,1
E3655,Ultrasound,7,10.07,2025-03-20 17:52:38.904066,2,0.08,32.6,1,0
E3656,Ventilator,3,7.79,2024-10-21 17:52:38.904066,1,0.34,58.76,1,1
E3657,Ultrasound,8,6.04,2025-06-08 17:52:38.904066,2,0.36,54.05,2,0
E3658,Ventilator,6,14.68,2025-05-21 17:52:38.904066,0,0.45,30.43,2,0
E3659,ECG,7,2.63,2024-12-29 17:52:38.904066,0,0.72,68.84,2,1
E3660,MRI,5,3.04,2024-08-08 17:52:38.904066,0,0.73,66.65,2,1
E3661,Ultrasound,8,18.56,2025-07-03 17:52:38.904066,1,0.58,28.35,1,1
E3662,ECG,4,8.19,2025-01-22 17:52:38.904066,1,0.11,39.95,3,1
E3663,MRI,7,17.92,2025-01-26 17:52:38.904066,2,0.27,36.21,5,1
E3664,MRI,5,17.13,2024-10-18 17:52:38.904066,1,0.57,20.43,2,1
E3665,Ventilator,2,17.11,2025-07-02 17:52:38.904066,2,0.78,47.08,1,1
E3666,Ultrasound,0,7.89,2024-10-08 17:52:38.904066,1,0.7,39.63,1,1
E3667,Ultrasound,6,14.48,2025-07-04 17:52:38.904066,3,0.78,67.36,0,1
E3668,Ventilator,5,2.25,2024-09-24 17:52:38.904066,0,0.29,30.81,1,1
E3669,MRI,3,5.34,2025-06-05 17:52:38.904066,0,0.5,29.09,1,0
E3670,MRI,0,10.79,2024-09-14 17:52:38.904066,1,0.53,40.37,1,1
E3671,Ultrasound,7,16.35,2025-03-19 17:52:38.904066,1,0.12,41.26,1,1
E3672,Ultrasound,5,4.03,2024-10-23 17:52:38.904066,1,0.34,27.01,3,1
E3673,Ultrasound,8,14.87,2024-12-08 17:52:38.904066,2,0.25,69.47,2,1
E3674,MRI,3,10.52,2024-11-10 17:52:38.904066,1,0.43,52.32,3,1
E3675,ECG,6,0.74,2024-09-18 17:52:38.904066,1,0.74,27.18,2,1
E3676,MRI,3,13.88,2024-11-07 17:52:38.904066,1,0.77,31.86,4,1
E3677,ECG,2,5.38,2024-12-03 17:52:38.904066,1,0.53,42.91,2,1
E3678,MRI,8,16.18,2024-08-07 17:52:38.904066,0,0.44,45.96,0,1
E3679,Ultrasound,5,0.85,2025-03-20 17:52:38.904066,0,0.72,69.28,1,1
E3680,Ventilator,0,2.26,2024-08-14 17:52:38.904066,1,0.33,60.94,2,1
E3681,Ultrasound,4,6.54,2025-01-11 17:52:38.904066,1,0.14,68.86,2,1
E3682,Ventilator,0,2.63,2025-04-06 17:52:38.904066,1,0.01,20.2,0,0
E3683,Ventilator,0,18.66,2025-01-20 17:52:38.904066,1,0.11,46.22,3,1
E3684,ECG,15,2.02,2025-01-02 17:52:38.904066,4,0.43,48.44,3,1
E3685,MRI,0,14.99,2025-01-09 17:52:38.904066,0,0.77,67.89,1,1
E3686,ECG,1,10.24,2025-06-11 17:52:38.904066,0,0.06,51.62,1,0
E3687,ECG,0,19.67,2025-07-28 17:52:38.904066,1,0.13,46.17,1,1
E3688,Ventilator,1,14.42,2025-05-05 17:52:38.904066,0,0.72,65.36,1,1
E3689,ECG,10,2.18,2025-03-05 17:52:38.904066,1,0.07,39.72,0,1
E3690,MRI,9,18.13,2025-03-02 17:52:38.904066,1,0.7,68.57,1,1
E3691,Ultrasound,2,10.6,2025-05-13 17:52:38.904066,1,0.2,45.81,3,0
E3692,ECG,0,16.76,2024-10-23 17:52:38.904066,0,0.19,29.69,1,1
E3693,MRI,3,11.03,2025-03-27 17:52:38.904066,0,0.04,21.86,2,0
E3694,ECG,2,5.03,2025-03-28 17:52:38.904066,0,0.31,49.82,0,0
E3695,MRI,0,16.84,2024-12-03 17:52:38.904066,1,0.19,54.41,1,1
E3696,MRI,9,11.76,2025-05-18 17:52:38.904066,1,0.65,40.17,0,1
E3697,Ventilator,10,4.6,2024-08-23 17:52:38.904066,1,0.53,59.91,1,1
E3698,Ventilator,4,18.28,2025-03-07 17:52:38.904066,0,0.05,29.3,1,1
E3699,Ventilator,5,5.1,2024-08-17 17:52:38.904066,0,0.38,35.36,0,1
E3700,Ultrasound,6,6.49,2024-10-03 17:52:38.904066,0,0.71,37.25,2,1
E3701,Ventilator,8,13.11,2024-12-06 17:52:38.904066,1,0.58,66.41,1,1
E3702,Ultrasound,4,16.19,2025-05-12 17:52:38.904066,0,0.51,22.69,1,1
E3703,Ultrasound,11,9.3,2024-09-23 17:52:38.904066,1,0.1,55.25,3,1
E3704,MRI,2,3.98,2024-10-18 17:52:38.904066,0,0.14,31.49,1,1
E3705,Ultrasound,5,3.81,2025-01-10 17:52:38.904066,1,0.57,23.69,0,1
E3706,MRI,4,2.23,2024-12-11 17:52:38.904066,1,0.25,64.95,1,1
E3707,MRI,4,5.77,2025-02-23 17:52:38.904066,1,0.3,23.65,0,0
E3708,ECG,1,12.33,2025-01-21 17:52:38.904066,1,0.47,42.01,0,1
E3709,Ultrasound,11,0.71,2025-04-29 17:52:38.904066,1,0.2,25.71,1,1
E3710,MRI,0,6.09,2025-03-16 17:52:38.904066,3,0.59,51.37,0,1
E3711,MRI,3,15.55,2024-12-17 17:52:38.904066,0,0.42,32.73,1,1
E3712,Ultrasound,7,16.9,2025-05-24 17:52:38.904066,1,0.72,44.64,1,1
E3713,MRI,0,19.67,2025-05-20 17:52:38.904066,1,0.55,65.22,1,1
E3714,ECG,8,1.65,2025-06-26 17:52:38.904066,0,0.65,69.84,2,1
E3715,MRI,0,18.5,2025-03-29 17:52:38.904066,0,0.26,25.32,0,1
E3716,MRI,4,0.17,2025-07-30 17:52:38.904066,0,0.19,55.21,1,0
E3717,MRI,2,16.28,2024-08-20 17:52:38.904066,1,0.05,59.15,1,1
E3718,Ultrasound,7,3.07,2025-02-01 17:52:38.904066,2,0.4,34.1,1,1
E3719,Ultrasound,4,7.26,2024-12-20 17:52:38.904066,0,0.75,47.9,0,1
E3720,Ultrasound,7,10.95,2025-08-03 17:52:38.904066,0,0.48,43.25,1,0
E3721,Ventilator,0,0.68,2025-07-06 17:52:38.904066,1,0.55,69.92,1,1
E3722,Ultrasound,7,19.53,2025-05-11 17:52:38.904066,0,0.55,29.49,6,1
E3723,MRI,10,14.18,2024-09-07 17:52:38.904066,1,0.36,43.36,1,1
E3724,Ventilator,3,18.28,2025-03-14 17:52:38.904066,1,0.3,42.54,2,1
E3725,Ultrasound,6,11.67,2025-06-10 17:52:38.904066,0,0.11,20.66,0,0
E3726,ECG,12,7.04,2025-07-10 17:52:38.904066,0,0.16,41.65,5,1
E3727,Ventilator,8,9.89,2025-01-27 17:52:38.904066,0,0.48,40.17,0,1
E3728,Ultrasound,3,13.02,2025-02-12 17:52:38.904066,1,0.61,64.41,1,1
E3729,ECG,2,7.52,2025-04-15 17:52:38.904066,0,0.38,34.13,0,0
E3730,ECG,8,0.28,2024-11-13 17:52:38.904066,0,0.5,47.53,3,1
E3731,Ultrasound,3,2.13,2024-10-11 17:52:38.904066,0,0.09,65.25,0,1
E3732,ECG,5,17.2,2024-11-10 17:52:38.904066,1,0.71,67.78,1,1
E3733,Ultrasound,5,10.44,2025-07-10 17:52:38.904066,0,0.23,29.46,2,0
E3734,Ultrasound,0,5.82,2025-04-15 17:52:38.904066,2,0.01,22.5,1,0
E3735,Ultrasound,15,3.72,2024-08-17 17:52:38.904066,1,0.01,29.67,2,1
E3736,ECG,0,19.54,2025-01-17 17:52:38.904066,0,0.55,46.89,1,1
E3737,Ventilator,4,4.68,2024-09-28 17:52:38.904066,2,0.32,24.96,1,1
E3738,Ultrasound,8,18.46,2025-03-06 17:52:38.904066,0,0.21,20.86,0,1
E3739,ECG,5,6.89,2025-02-12 17:52:38.904066,0,0.1,42.11,0,0
E3740,MRI,7,12.23,2025-02-17 17:52:38.904066,0,0.6,25.12,1,0
E3741,MRI,4,4.8,2024-10-18 17:52:38.904066,1,0.37,42.36,0,1
E3742,ECG,5,7.38,2025-03-09 17:52:38.904066,1,0.02,37.93,1,0
E3743,MRI,6,18.32,2025-05-08 17:52:38.904066,2,0.69,43.45,0,1
E3744,Ultrasound,4,1.87,2024-11-21 17:52:38.904066,0,0.21,33.58,4,1
E3745,Ultrasound,1,5.42,2024-10-11 17:52:38.904066,2,0.77,59.13,1,1
E3746,Ultrasound,0,4.63,2025-02-03 17:52:38.904066,0,0.23,28.23,2,1
E3747,Ultrasound,0,18.47,2024-11-03 17:52:38.904066,0,0.74,57.45,1,1
E3748,ECG,0,4.22,2024-12-21 17:52:38.904066,3,0.54,34.75,0,1
E3749,Ventilator,0,2.01,2024-11-28 17:52:38.904066,0,0.47,43.06,3,1
E3750,Ventilator,13,7.74,2024-09-01 17:52:38.904066,1,0.5,61.86,1,1
E3751,Ventilator,5,14.9,2024-10-20 17:52:38.904066,0,0.15,48.97,1,1
E3752,Ultrasound,8,15.92,2025-03-28 17:52:38.904066,1,0.33,27.19,0,0
E3753,Ultrasound,10,17.48,2024-08-19 17:52:38.904066,0,0.54,65.34,1,1
E3754,ECG,8,6.88,2025-05-24 17:52:38.904066,0,0.24,50.9,3,0
E3755,ECG,7,15.34,2025-01-28 17:52:38.904066,1,0.77,54.37,1,1
E3756,ECG,8,4.97,2025-07-24 17:52:38.904066,1,0.78,62.64,4,1
E3757,MRI,10,4.58,2025-03-30 17:52:38.904066,1,0.55,59.14,2,1
E3758,ECG,5,0.49,2025-02-21 17:52:38.904066,1,0.75,20.85,1,1
E3759,MRI,6,7.19,2025-06-13 17:52:38.904066,0,0.33,58.39,2,0
E3760,MRI,7,6.65,2025-06-20 17:52:38.904066,0,0.12,55.42,1,0
E3761,Ultrasound,5,14.22,2025-05-18 17:52:38.904066,2,0.67,30.47,1,1
E3762,Ultrasound,10,12.54,2024-09-03 17:52:38.904066,1,0.2,65.08,2,1
E3763,ECG,5,9.79,2025-05-04 17:52:38.904066,4,0.38,40.41,2,1
E3764,MRI,5,4.63,2025-03-31 17:52:38.904066,2,0.05,69.29,1,1
E3765,Ventilator,10,18.21,2025-08-04 17:52:38.904066,1,0.2,57.33,0,1
E3766,ECG,5,11.7,2025-07-19 17:52:38.904066,1,0.24,44.61,0,0
E3767,Ultrasound,7,5.87,2025-02-04 17:52:38.904066,0,0.33,48.0,2,1
E3768,Ventilator,0,4.0,2025-01-06 17:52:38.904066,3,0.26,67.72,2,1
E3769,MRI,3,13.59,2025-06-10 17:52:38.904066,1,0.01,37.23,2,0
E3770,Ventilator,1,19.39,2025-05-03 17:52:38.904066,2,0.2,21.85,2,1
E3771,ECG,5,13.58,2024-10-06 17:52:38.904066,1,0.24,58.45,4,1
E3772,Ultrasound,11,8.74,2024-09-15 17:52:38.904066,0,0.32,30.2,4,1
E3773,Ultrasound,6,1.4,2024-09-20 17:52:38.904066,1,0.27,28.36,1,1
E3774,Ultrasound,7,7.56,2025-05-29 17:52:38.904066,1,0.37,36.55,1,0
E3775,Ultrasound,5,17.13,2025-01-07 17:52:38.904066,1,0.56,68.27,0,1
E3776,Ventilator,1,6.35,2024-08-22 17:52:38.904066,0,0.3,34.14,2,1
E3777,MRI,8,16.64,2025-03-05 17:52:38.904066,1,0.34,39.64,2,1
E3778,MRI,2,10.93,2025-06-22 17:52:38.904066,1,0.21,21.6,2,0
E3779,Ventilator,8,17.42,2025-04-16 17:52:38.904066,0,0.19,33.07,1,1
E3780,Ventilator,7,19.75,2025-01-07 17:52:38.904066,1,0.06,53.69,2,1
E3781,MRI,6,17.65,2024-10-19 17:52:38.904066,0,0.56,44.39,2,1
E3782,ECG,0,1.95,2024-10-03 17:52:38.904066,1,0.54,46.93,1,1
E3783,ECG,8,5.39,2025-06-24 17:52:38.904066,0,0.63,56.23,0,1
E3784,ECG,4,18.15,2025-05-03 17:52:38.904066,1,0.22,56.59,1,1
E3785,Ultrasound,4,18.47,2024-09-28 17:52:38.904066,0,0.57,47.23,2,1
E3786,Ventilator,0,18.58,2024-09-05 17:52:38.904066,1,0.32,22.11,1,1
E3787,MRI,6,3.64,2025-03-12 17:52:38.904066,1,0.72,61.28,0,1
E3788,Ultrasound,8,8.76,2024-09-09 17:52:38.904066,0,0.43,31.38,0,1
E3789,MRI,0,7.44,2024-11-29 17:52:38.904066,0,0.09,59.11,1,1
E3790,Ventilator,3,5.71,2025-01-14 17:52:38.904066,2,0.13,55.99,2,1
E3791,Ultrasound,6,5.68,2025-05-09 17:52:38.904066,0,0.75,67.23,0,1
E3792,ECG,7,16.41,2025-01-17 17:52:38.904066,2,0.22,21.17,2,1
E3793,Ventilator,7,5.81,2024-12-01 17:52:38.904066,1,0.11,23.49,3,1
E3794,Ultrasound,0,19.18,2024-11-23 17:52:38.904066,2,0.58,31.93,0,1
E3795,Ventilator,8,10.69,2024-09-02 17:52:38.904066,2,0.68,67.11,1,1
E3796,Ventilator,1,6.35,2025-07-05 17:52:38.904066,2,0.14,37.5,1,0
E3797,Ultrasound,1,2.52,2024-10-22 17:52:38.904066,0,0.52,45.09,1,1
E3798,Ventilator,5,19.2,2025-05-03 17:52:38.904066,0,0.41,42.95,0,1
E3799,Ultrasound,2,16.03,2024-08-19 17:52:38.904066,1,0.01,62.5,3,1
E3800,Ventilator,12,2.35,2024-12-27 17:52:38.904066,2,0.6,66.15,5,1
E3801,Ventilator,8,19.97,2024-12-22 17:52:38.904066,0,0.66,37.36,1,1
E3802,Ventilator,0,17.37,2025-07-02 17:52:38.904066,1,0.77,51.41,0,1
E3803,ECG,11,15.13,2024-11-24 17:52:38.904066,0,0.16,56.91,1,1
E3804,MRI,6,7.36,2024-09-06 17:52:38.904066,1,0.57,63.64,4,1
E3805,Ultrasound,5,7.6,2025-07-28 17:52:38.904066,0,0.11,52.37,2,0
E3806,MRI,8,13.8,2024-09-19 17:52:38.904066,2,0.59,38.67,1,1
E3807,Ultrasound,4,13.66,2024-11-16 17:52:38.904066,0,0.39,58.68,3,1
E3808,ECG,2,11.26,2024-08-29 17:52:38.904066,2,0.44,60.28,1,1
E3809,Ultrasound,5,7.07,2024-08-21 17:52:38.904066,0,0.33,45.9,1,1
E3810,ECG,4,18.52,2024-08-08 17:52:38.904066,3,0.77,68.92,2,1
E3811,Ventilator,2,4.44,2025-01-17 17:52:38.904066,1,0.18,49.02,0,1
E3812,MRI,9,11.31,2024-11-16 17:52:38.904066,0,0.73,41.4,1,1
E3813,Ultrasound,0,7.14,2024-11-27 17:52:38.904066,1,0.22,40.72,1,1
E3814,MRI,14,0.42,2024-10-18 17:52:38.904066,0,0.39,29.32,0,1
E3815,Ventilator,1,14.9,2024-12-27 17:52:38.904066,0,0.35,63.43,0,1
E3816,ECG,0,11.81,2024-10-24 17:52:38.904066,1,0.18,61.02,1,1
E3817,ECG,3,18.22,2024-08-09 17:52:38.904066,2,0.77,50.78,2,1
E3818,ECG,3,8.93,2025-02-02 17:52:38.904066,0,0.47,29.26,3,1
E3819,Ultrasound,7,14.13,2025-01-14 17:52:38.904066,2,0.65,39.5,2,1
E3820,MRI,6,13.57,2025-06-04 17:52:38.904066,0,0.26,24.01,0,0
E3821,Ventilator,7,1.31,2025-05-07 17:52:38.904066,3,0.31,45.45,2,1
E3822,Ultrasound,14,14.05,2024-10-15 17:52:38.904066,0,0.53,42.7,3,1
E3823,Ultrasound,0,8.59,2025-06-19 17:52:38.904066,4,0.19,43.03,1,1
E3824,Ultrasound,3,10.69,2024-12-27 17:52:38.904066,1,0.61,49.61,3,1
E3825,Ultrasound,3,5.63,2025-03-26 17:52:38.904066,0,0.55,68.31,0,1
E3826,Ventilator,0,2.46,2025-05-30 17:52:38.904066,0,0.12,44.05,0,0
E3827,Ventilator,0,3.19,2024-11-19 17:52:38.904066,0,0.55,58.75,3,1
E3828,ECG,0,19.74,2025-03-08 17:52:38.904066,2,0.28,57.32,0,1
E3829,Ventilator,1,12.65,2025-07-05 17:52:38.904066,2,0.75,20.47,1,1
E3830,ECG,10,19.42,2025-01-11 17:52:38.904066,1,0.23,60.71,0,1
E3831,ECG,4,13.96,2025-02-23 17:52:38.904066,3,0.2,37.01,3,1
E3832,ECG,7,4.62,2025-02-03 17:52:38.904066,1,0.38,55.45,0,1
E3833,Ventilator,13,0.69,2025-01-04 17:52:38.904066,0,0.52,26.09,1,1
E3834,MRI,5,10.77,2025-03-25 17:52:38.904066,0,0.76,52.09,1,1
E3835,ECG,8,1.81,2025-04-21 17:52:38.904066,0,0.38,64.76,0,1
E3836,Ultrasound,7,15.71,2024-12-30 17:52:38.904066,2,0.62,35.62,0,1
E3837,Ventilator,5,5.0,2024-11-25 17:52:38.904066,0,0.2,42.14,1,1
E3838,Ultrasound,7,16.91,2025-02-02 17:52:38.904066,0,0.52,23.6,1,1
E3839,ECG,7,18.69,2025-04-21 17:52:38.904066,0,0.7,61.45,4,1
E3840,Ventilator,5,6.63,2024-09-17 17:52:38.904066,0,0.15,41.53,0,1
E3841,Ultrasound,1,6.62,2024-09-01 17:52:38.904066,4,0.54,62.95,1,1
E3842,ECG,6,14.75,2025-01-02 17:52:38.904066,1,0.36,57.8,1,1
E3843,Ventilator,5,7.29,2025-01-09 17:52:38.904066,0,0.17,40.39,3,1
E3844,Ventilator,8,8.34,2025-06-26 17:52:38.904066,0,0.15,43.14,0,0
E3845,Ultrasound,7,12.51,2025-04-28 17:52:38.904066,2,0.22,24.37,1,0
E3846,ECG,1,19.5,2024-12-14 17:52:38.904066,1,0.77,35.4,0,1
E3847,Ultrasound,9,10.32,2025-05-26 17:52:38.904066,1,0.72,47.61,0,1
E3848,Ultrasound,5,18.53,2025-06-02 17:52:38.904066,1,0.74,53.8,0,1
E3849,Ultrasound,0,11.02,2025-06-06 17:52:38.904066,0,0.21,49.11,2,0
E3850,MRI,0,17.15,2024-08-06 17:52:38.904066,2,0.4,66.18,1,1
E3851,Ventilator,2,9.51,2024-08-17 17:52:38.904066,1,0.38,36.37,1,1
E3852,Ventilator,2,8.14,2025-07-03 17:52:38.904066,2,0.7,53.84,3,1
E3853,ECG,9,4.02,2025-07-18 17:52:38.904066,0,0.74,44.95,1,1
E3854,ECG,9,5.91,2025-06-16 17:52:38.904066,0,0.06,24.71,3,1
E3855,Ultrasound,10,19.24,2025-06-29 17:52:38.904066,1,0.47,51.38,1,1
E3856,MRI,0,5.95,2024-10-22 17:52:38.904066,2,0.23,60.87,2,1
E3857,ECG,0,12.5,2024-10-26 17:52:38.904066,0,0.65,42.86,3,1
E3858,MRI,5,10.61,2025-05-23 17:52:38.904066,2,0.48,46.76,2,0
E3859,Ventilator,3,14.29,2025-02-02 17:52:38.904066,0,0.54,47.62,0,1
E3860,MRI,0,9.35,2025-05-12 17:52:38.904066,1,0.38,68.79,0,1
E3861,Ultrasound,8,19.15,2025-07-08 17:52:38.904066,0,0.52,25.9,2,1
E3862,Ventilator,9,1.75,2024-08-23 17:52:38.904066,0,0.57,58.49,1,1
E3863,ECG,2,1.95,2025-02-25 17:52:38.904066,1,0.76,33.88,3,1
E3864,Ultrasound,0,12.06,2025-05-17 17:52:38.904066,3,0.54,55.7,2,1
E3865,ECG,5,11.27,2025-04-20 17:52:38.904066,0,0.47,63.75,0,1
E3866,ECG,5,16.33,2024-08-07 17:52:38.904066,2,0.24,63.76,1,1
E3867,MRI,2,14.08,2024-11-14 17:52:38.904066,2,0.02,49.47,0,1
E3868,Ultrasound,6,8.87,2024-09-28 17:52:38.904066,0,0.55,32.26,2,1
E3869,MRI,4,9.13,2024-08-30 17:52:38.904066,0,0.11,67.03,1,1
E3870,Ultrasound,9,7.24,2024-09-18 17:52:38.904066,0,0.78,30.57,0,1
E3871,Ultrasound,4,4.42,2025-05-16 17:52:38.904066,0,0.08,68.93,2,1
E3872,MRI,1,5.51,2025-03-27 17:52:38.904066,0,0.09,24.32,0,0
E3873,ECG,6,7.91,2025-01-07 17:52:38.904066,0,0.38,44.54,0,1
E3874,ECG,9,17.03,2024-08-23 17:52:38.904066,1,0.39,48.74,1,1
E3875,ECG,9,4.8,2024-09-14 17:52:38.904066,1,0.57,51.19,1,1
E3876,ECG,5,11.15,2025-07-06 17:52:38.904066,4,0.52,52.63,0,1
E3877,Ultrasound,8,12.02,2025-05-30 17:52:38.904066,0,0.78,50.93,3,1
E3878,ECG,0,18.65,2024-11-23 17:52:38.904066,2,0.5,62.8,1,1
E3879,ECG,4,5.45,2024-09-18 17:52:38.904066,2,0.42,48.51,0,1
E3880,ECG,8,17.92,2024-08-29 17:52:38.904066,0,0.77,44.73,0,1
E3881,MRI,6,11.86,2024-12-04 17:52:38.904066,1,0.65,28.07,0,1
E3882,ECG,6,19.48,2024-10-08 17:52:38.904066,0,0.1,65.8,1,1
E3883,Ventilator,11,15.79,2025-02-16 17:52:38.904066,0,0.56,26.43,0,1
E3884,MRI,2,0.91,2024-11-09 17:52:38.904066,1,0.49,58.71,2,1
E3885,ECG,7,10.09,2025-06-01 17:52:38.904066,1,0.29,69.93,4,1
E3886,Ventilator,7,7.4,2025-04-11 17:52:38.904066,1,0.02,36.14,0,0
E3887,ECG,5,8.29,2024-10-03 17:52:38.904066,2,0.64,43.39,2,1
E3888,MRI,9,17.82,2025-05-14 17:52:38.904066,2,0.42,27.41,1,1
E3889,Ventilator,6,4.24,2024-08-29 17:52:38.904066,0,0.15,60.86,4,1
E3890,MRI,4,0.18,2025-04-05 17:52:38.904066,2,0.44,44.45,0,0
E3891,ECG,4,14.44,2025-02-13 17:52:38.904066,0,0.17,36.47,1,0
E3892,MRI,4,17.32,2025-01-17 17:52:38.904066,0,0.76,62.1,3,1
E3893,Ultrasound,6,2.94,2024-12-06 17:52:38.904066,1,0.69,59.95,3,1
E3894,Ventilator,1,4.93,2025-04-22 17:52:38.904066,1,0.44,50.03,0,0
E3895,Ventilator,4,0.63,2024-11-18 17:52:38.904066,2,0.49,52.35,2,1
E3896,Ventilator,0,5.54,2024-09-08 17:52:38.904066,2,0.79,48.91,1,1
E3897,ECG,0,15.65,2025-08-04 17:52:38.904066,0,0.28,55.31,1,0
E3898,ECG,11,1.14,2025-05-16 17:52:38.904066,1,0.66,58.93,3,1
E3899,Ultrasound,1,11.93,2025-01-29 17:52:38.904066,0,0.07,33.71,3,1
E3900,ECG,6,3.23,2024-08-15 17:52:38.904066,0,0.02,35.42,2,1
E3901,Ultrasound,1,0.81,2024-12-23 17:52:38.904066,0,0.79,46.86,3,1
E3902,Ultrasound,9,2.46,2025-01-21 17:52:38.904066,3,0.15,24.07,1,1
E3903,MRI,0,18.62,2025-05-27 17:52:38.904066,0,0.62,58.76,3,1
E3904,Ventilator,7,12.79,2024-08-30 17:52:38.904066,1,0.68,68.81,2,1
E3905,Ultrasound,6,13.86,2025-01-02 17:52:38.904066,1,0.56,46.73,0,1
E3906,Ultrasound,3,18.2,2024-11-10 17:52:38.904066,0,0.25,41.21,1,1
E3907,ECG,6,11.08,2025-03-28 17:52:38.904066,1,0.49,55.6,3,0
E3908,Ultrasound,5,13.91,2024-11-29 17:52:38.904066,1,0.47,65.67,4,1
E3909,MRI,4,12.21,2024-12-01 17:52:38.904066,1,0.1,41.66,2,1
E3910,Ventilator,9,14.21,2025-05-27 17:52:38.904066,1,0.44,42.08,4,1
E3911,MRI,3,8.96,2024-09-11 17:52:38.904066,0,0.51,61.82,2,1
E3912,Ultrasound,0,9.97,2024-11-27 17:52:38.904066,1,0.03,50.92,3,1
E3913,Ultrasound,10,19.79,2024-12-31 17:52:38.904066,0,0.75,48.05,1,1
E3914,Ultrasound,5,11.85,2025-02-21 17:52:38.904066,0,0.58,32.98,2,0
E3915,Ventilator,6,8.06,2024-12-03 17:52:38.904066,0,0.14,26.81,1,1
E3916,Ventilator,6,4.24,2025-06-26 17:52:38.904066,2,0.35,61.0,0,1
E3917,Ventilator,3,6.18,2025-07-13 17:52:38.904066,0,0.21,32.44,3,0
E3918,MRI,7,17.8,2024-10-21 17:52:38.904066,2,0.54,46.15,2,1
E3919,ECG,3,18.03,2024-09-06 17:52:38.904066,1,0.69,33.49,1,1
E3920,ECG,6,13.52,2025-06-14 17:52:38.904066,0,0.34,36.68,4,1
E3921,ECG,7,12.85,2025-02-27 17:52:38.904066,0,0.52,36.43,0,0
E3922,Ventilator,7,16.41,2025-02-15 17:52:38.904066,2,0.49,54.61,2,1
E3923,ECG,9,19.79,2024-10-30 17:52:38.904066,0,0.66,24.92,1,1
E3924,Ultrasound,4,14.25,2024-10-28 17:52:38.904066,1,0.66,26.09,0,1
E3925,Ventilator,0,2.25,2024-12-02 17:52:38.904066,0,0.57,22.53,1,1
E3926,MRI,8,4.35,2025-04-09 17:52:38.904066,0,0.29,31.38,2,0
E3927,Ultrasound,8,7.07,2024-12-14 17:52:38.904066,0,0.36,53.25,2,1
E3928,MRI,4,5.97,2025-06-29 17:52:38.904066,1,0.07,49.89,0,0
E3929,Ultrasound,6,19.45,2025-01-26 17:52:38.904066,0,0.15,36.76,0,1
E3930,Ventilator,8,19.38,2025-01-05 17:52:38.904066,1,0.55,49.47,0,1
E3931,ECG,3,8.94,2024-11-28 17:52:38.904066,2,0.57,60.12,0,1
E3932,ECG,5,16.19,2025-05-16 17:52:38.904066,0,0.01,44.3,1,1
E3933,Ultrasound,8,18.96,2024-10-13 17:52:38.904066,1,0.32,46.24,1,1
E3934,ECG,1,10.44,2025-03-07 17:52:38.904066,0,0.71,69.3,0,1
E3935,ECG,5,3.21,2025-05-10 17:52:38.904066,1,0.29,30.75,3,0
E3936,Ultrasound,5,2.21,2025-04-01 17:52:38.904066,0,0.37,28.73,1,0
E3937,Ultrasound,4,7.43,2025-04-01 17:52:38.904066,1,0.63,22.2,1,1
E3938,MRI,0,11.79,2025-06-17 17:52:38.904066,0,0.54,30.11,1,0
E3939,MRI,12,6.74,2025-01-30 17:52:38.904066,0,0.19,55.78,0,1
E3940,MRI,6,14.9,2025-02-10 17:52:38.904066,1,0.05,67.27,2,1
E3941,Ventilator,0,2.74,2025-03-25 17:52:38.904066,0,0.5,24.89,1,0
E3942,ECG,4,13.01,2025-03-14 17:52:38.904066,1,0.02,21.92,1,0
E3943,MRI,3,14.8,2024-12-22 17:52:38.904066,0,0.39,40.05,0,1
E3944,ECG,6,1.87,2025-02-13 17:52:38.904066,2,0.29,38.86,0,0
E3945,Ultrasound,9,9.79,2024-09-11 17:52:38.904066,2,0.36,59.22,2,1
E3946,Ventilator,6,17.66,2024-10-16 17:52:38.904066,0,0.55,31.27,2,1
E3947,Ventilator,0,16.08,2025-06-04 17:52:38.904066,1,0.63,22.42,2,1
E3948,MRI,6,12.95,2025-03-29 17:52:38.904066,1,0.1,49.08,0,0
E3949,Ultrasound,0,12.58,2024-08-10 17:52:38.904066,1,0.57,59.41,0,1
E3950,Ventilator,5,11.99,2025-03-10 17:52:38.904066,1,0.12,51.32,3,0
E3951,Ultrasound,6,15.78,2025-07-23 17:52:38.904066,0,0.78,60.82,4,1
E3952,MRI,5,4.59,2024-10-06 17:52:38.904066,2,0.15,20.39,1,1
E3953,Ventilator,2,14.86,2025-05-14 17:52:38.904066,2,0.54,59.98,1,0
E3954,ECG,7,2.33,2025-01-19 17:52:38.904066,2,0.44,68.92,2,1
E3955,MRI,7,10.91,2025-03-14 17:52:38.904066,1,0.11,69.58,2,1
E3956,Ventilator,2,17.73,2025-03-31 17:52:38.904066,1,0.32,38.98,1,1
E3957,Ultrasound,2,16.57,2025-06-09 17:52:38.904066,0,0.73,59.44,1,1
E3958,Ventilator,8,6.04,2025-07-22 17:52:38.904066,0,0.13,27.37,1,0
E3959,MRI,15,5.82,2025-04-18 17:52:38.904066,0,0.43,56.39,0,1
E3960,MRI,6,8.49,2025-01-08 17:52:38.904066,1,0.63,55.34,1,1
E3961,MRI,10,7.67,2025-06-06 17:52:38.904066,1,0.03,51.22,3,1
E3962,Ventilator,15,14.88,2025-05-25 17:52:38.904066,0,0.43,61.22,2,1
E3963,Ultrasound,9,17.24,2025-06-12 17:52:38.904066,0,0.49,26.59,2,1
E3964,ECG,10,11.12,2025-05-18 17:52:38.904066,1,0.11,33.47,2,1
E3965,ECG,6,1.24,2024-09-30 17:52:38.904066,1,0.68,59.63,1,1
E3966,Ultrasound,4,12.62,2024-10-29 17:52:38.904066,1,0.48,25.23,1,1
E3967,ECG,0,14.13,2025-05-02 17:52:38.904066,0,0.7,54.57,0,1
E3968,MRI,10,12.92,2025-03-02 17:52:38.904066,0,0.51,53.76,3,1
E3969,Ventilator,0,16.85,2025-04-01 17:52:38.904066,1,0.27,44.96,2,1
E3970,MRI,4,13.56,2024-12-15 17:52:38.904066,1,0.03,40.87,1,1
E3971,MRI,2,9.25,2024-11-24 17:52:38.904066,0,0.34,41.05,2,1
E3972,MRI,6,18.3,2025-06-10 17:52:38.904066,0,0.74,55.29,1,1
E3973,ECG,7,19.91,2025-03-22 17:52:38.904066,0,0.19,54.12,2,1
E3974,Ventilator,2,7.12,2025-07-13 17:52:38.904066,0,0.62,21.65,2,1
E3975,ECG,6,6.76,2025-05-05 17:52:38.904066,0,0.22,57.87,0,0
E3976,ECG,10,13.63,2025-06-15 17:52:38.904066,0,0.13,21.12,1,1
E3977,MRI,7,10.82,2025-01-10 17:52:38.904066,0,0.15,47.38,0,1
E3978,ECG,4,12.84,2024-09-19 17:52:38.904066,1,0.68,28.92,0,1
E3979,Ultrasound,10,13.89,2024-12-25 17:52:38.904066,0,0.37,48.44,1,1
E3980,MRI,4,3.53,2025-04-17 17:52:38.904066,1,0.68,24.44,3,1
E3981,Ventilator,6,17.1,2025-01-20 17:52:38.904066,0,0.72,53.61,4,1
E3982,ECG,6,13.47,2025-05-05 17:52:38.904066,0,0.69,53.06,0,1
E3983,Ultrasound,4,4.35,2024-12-28 17:52:38.904066,0,0.64,63.56,1,1
E3984,MRI,7,8.21,2025-04-16 17:52:38.904066,3,0.6,36.75,3,1
E3985,ECG,8,8.59,2025-01-11 17:52:38.904066,1,0.8,60.11,0,1
E3986,Ultrasound,15,8.64,2025-05-10 17:52:38.904066,1,0.59,41.55,1,1
E3987,ECG,3,14.03,2025-01-07 17:52:38.904066,3,0.73,20.71,1,1
E3988,MRI,10,18.56,2024-08-22 17:52:38.904066,1,0.08,26.03,1,1
E3989,Ventilator,8,6.73,2025-07-16 17:52:38.904066,1,0.31,44.94,0,0
E3990,ECG,6,19.34,2025-01-12 17:52:38.904066,0,0.1,47.45,0,1
E3991,MRI,12,7.43,2025-05-29 17:52:38.904066,1,0.32,28.76,1,1
E3992,MRI,4,19.97,2025-07-25 17:52:38.904066,4,0.2,44.92,4,1
E3993,Ultrasound,1,19.19,2025-07-02 17:52:38.904066,1,0.64,56.44,3,1
E3994,ECG,5,2.65,2024-12-20 17:52:38.904066,0,0.31,38.4,3,1
E3995,MRI,9,6.59,2025-01-31 17:52:38.904066,0,0.52,68.78,4,1
E3996,ECG,4,11.82,2025-07-30 17:52:38.904066,0,0.26,41.77,0,0
E3997,ECG,6,8.73,2024-12-05 17:52:38.904066,1,0.21,39.11,2,1
E3998,MRI,12,9.67,2025-02-17 17:52:38.904066,0,0.31,40.35,2,1
E3999,MRI,6,19.52,2025-05-11 17:52:38.904066,1,0.61,33.19,0,1
E4000,ECG,9,19.96,2025-05-23 17:52:38.904066,1,0.51,36.39,4,1
E4001,Ventilator,3,1.5,2025-03-29 17:52:38.904066,0,0.51,30.8,3,0
E4002,Ultrasound,0,5.33,2024-10-06 17:52:38.904066,0,0.36,61.72,1,1
E4003,ECG,6,16.11,2024-11-19 17:52:38.904066,1,0.31,29.02,0,1
E4004,MRI,7,19.42,2024-10-14 17:52:38.904066,1,0.21,49.13,2,1
E4005,MRI,6,6.56,2025-05-16 17:52:38.904066,0,0.11,41.92,4,1
E4006,Ultrasound,4,18.39,2025-03-30 17:52:38.904066,3,0.44,61.16,1,1
E4007,ECG,3,9.93,2025-02-26 17:52:38.904066,0,0.11,28.19,1,0
E4008,ECG,1,14.91,2025-02-07 17:52:38.904066,2,0.65,34.02,2,1
E4009,Ultrasound,6,3.67,2025-01-17 17:52:38.904066,5,0.49,41.53,1,1
E4010,MRI,9,2.26,2025-07-27 17:52:38.904066,0,0.12,52.19,2,1
E4011,Ultrasound,3,18.42,2024-12-07 17:52:38.904066,0,0.53,29.65,1,1
E4012,MRI,0,17.08,2025-07-05 17:52:38.904066,1,0.2,57.48,2,1
E4013,ECG,3,3.44,2025-05-16 17:52:38.904066,0,0.71,29.2,4,1
E4014,ECG,6,3.03,2024-08-22 17:52:38.904066,0,0.21,45.2,3,1
E4015,MRI,0,15.1,2025-02-03 17:52:38.904066,1,0.77,44.82,0,1
E4016,Ultrasound,7,7.54,2025-03-02 17:52:38.904066,3,0.28,69.09,0,1
E4017,Ultrasound,7,14.29,2024-11-14 17:52:38.904066,0,0.74,68.49,3,1
E4018,Ventilator,0,2.42,2024-12-23 17:52:38.904066,1,0.08,51.01,0,1
E4019,ECG,7,5.44,2025-05-15 17:52:38.904066,0,0.16,44.86,2,0
E4020,Ventilator,8,10.39,2025-02-01 17:52:38.904066,1,0.56,51.02,0,1
E4021,Ventilator,4,17.35,2025-04-07 17:52:38.904066,2,0.11,52.61,4,1
E4022,MRI,6,17.6,2024-11-06 17:52:38.904066,0,0.19,67.76,1,1
E4023,Ultrasound,0,14.38,2024-11-30 17:52:38.904066,1,0.42,46.18,2,1
E4024,MRI,1,11.39,2025-07-13 17:52:38.904066,0,0.74,48.1,2,1
E4025,MRI,7,18.59,2024-11-27 17:52:38.904066,0,0.28,45.46,1,1
E4026,MRI,4,13.76,2024-11-30 17:52:38.904066,2,0.59,33.16,1,1
E4027,MRI,7,5.71,2025-05-24 17:52:38.904066,0,0.1,66.45,1,1
E4028,ECG,5,2.56,2024-12-22 17:52:38.904066,0,0.27,48.28,0,1
E4029,Ultrasound,10,5.15,2025-05-01 17:52:38.904066,0,0.01,37.45,0,1
E4030,ECG,5,2.64,2025-04-19 17:52:38.904066,1,0.52,47.11,1,0
E4031,Ventilator,0,5.52,2024-09-08 17:52:38.904066,1,0.27,40.94,2,1
E4032,Ultrasound,7,1.59,2025-04-07 17:52:38.904066,1,0.18,64.68,1,1
E4033,Ultrasound,3,9.28,2025-07-25 17:52:38.904066,0,0.45,43.74,1,0
E4034,Ultrasound,7,14.05,2025-02-02 17:52:38.904066,0,0.14,69.04,0,1
E4035,Ventilator,2,16.65,2025-04-08 17:52:38.904066,1,0.37,53.27,2,1
E4036,Ventilator,6,16.81,2025-05-14 17:52:38.904066,0,0.6,23.58,5,1
E4037,MRI,6,15.23,2025-01-04 17:52:38.904066,1,0.55,40.34,2,1
E4038,Ventilator,8,13.48,2024-08-09 17:52:38.904066,0,0.77,34.19,2,1
E4039,MRI,10,6.4,2024-08-11 17:52:38.904066,1,0.75,29.66,1,1
E4040,ECG,10,16.36,2025-02-16 17:52:38.904066,1,0.8,37.02,2,1
E4041,Ultrasound,0,4.27,2024-12-21 17:52:38.904066,4,0.08,37.53,3,1
E4042,Ventilator,1,8.65,2024-11-06 17:52:38.904066,2,0.52,47.08,0,1
E4043,ECG,1,15.94,2024-11-07 17:52:38.904066,1,0.07,57.49,1,1
E4044,Ventilator,6,15.03,2025-07-30 17:52:38.904066,0,0.66,21.03,0,1
E4045,ECG,6,6.82,2025-04-01 17:52:38.904066,0,0.33,54.03,6,1
E4046,ECG,7,4.69,2024-09-08 17:52:38.904066,0,0.68,58.29,3,1
E4047,Ultrasound,6,16.44,2025-06-27 17:52:38.904066,1,0.2,50.06,2,1
E4048,MRI,2,4.91,2025-05-05 17:52:38.904066,1,0.22,25.82,0,0
E4049,MRI,3,12.2,2025-03-07 17:52:38.904066,3,0.56,23.58,0,1
E4050,ECG,0,11.31,2025-07-30 17:52:38.904066,1,0.75,38.11,2,1
E4051,ECG,8,16.46,2025-07-16 17:52:38.904066,0,0.36,63.86,0,1
E4052,Ultrasound,12,19.17,2024-12-14 17:52:38.904066,2,0.7,24.33,0,1
E4053,MRI,4,17.38,2025-02-02 17:52:38.904066,1,0.26,55.66,2,1
E4054,ECG,10,4.99,2024-11-29 17:52:38.904066,2,0.11,34.36,5,1
E4055,MRI,2,14.14,2025-05-28 17:52:38.904066,3,0.52,32.13,0,1
E4056,Ultrasound,3,3.76,2024-10-27 17:52:38.904066,2,0.59,64.4,1,1
E4057,MRI,11,1.47,2025-02-03 17:52:38.904066,0,0.01,68.78,0,1
E4058,Ventilator,5,8.11,2025-04-19 17:52:38.904066,1,0.43,57.51,2,0
E4059,ECG,6,8.18,2024-08-18 17:52:38.904066,2,0.73,52.73,1,1
E4060,ECG,15,8.66,2025-08-03 17:52:38.904066,0,0.41,24.27,2,1
E4061,ECG,5,10.76,2024-10-06 17:52:38.904066,2,0.12,32.91,3,1
E4062,Ultrasound,10,1.94,2025-03-12 17:52:38.904066,1,0.26,62.68,1,1
E4063,ECG,10,2.99,2024-08-26 17:52:38.904066,2,0.61,60.92,0,1
E4064,Ventilator,1,7.2,2025-01-20 17:52:38.904066,1,0.76,29.88,4,1
E4065,ECG,4,5.51,2024-08-15 17:52:38.904066,1,0.54,55.09,1,1
E4066,Ultrasound,6,7.69,2024-09-05 17:52:38.904066,0,0.5,58.8,1,1
E4067,Ultrasound,6,13.14,2024-09-19 17:52:38.904066,1,0.17,37.1,2,1
E4068,Ultrasound,0,1.04,2025-05-01 17:52:38.904066,1,0.01,33.91,2,0
E4069,MRI,6,11.72,2025-01-09 17:52:38.904066,0,0.16,64.3,1,1
E4070,ECG,6,5.23,2025-06-04 17:52:38.904066,0,0.35,37.81,5,1
E4071,Ventilator,4,7.26,2024-12-17 17:52:38.904066,0,0.35,54.98,1,1
E4072,ECG,5,9.95,2025-02-15 17:52:38.904066,0,0.54,49.71,0,0
E4073,Ultrasound,0,17.45,2025-02-25 17:52:38.904066,0,0.62,47.28,3,1
E4074,MRI,10,11.61,2025-03-12 17:52:38.904066,1,0.35,37.25,3,1
E4075,ECG,5,19.52,2024-08-30 17:52:38.904066,1,0.54,59.68,0,1
E4076,Ventilator,3,9.3,2025-05-19 17:52:38.904066,0,0.04,58.0,3,0
E4077,MRI,7,3.8,2024-09-15 17:52:38.904066,1,0.25,53.53,2,1
E4078,ECG,4,1.22,2024-12-19 17:52:38.904066,0,0.52,35.2,0,1
E4079,ECG,9,4.23,2025-04-04 17:52:38.904066,0,0.51,67.58,1,1
E4080,MRI,7,17.27,2025-07-15 17:52:38.904066,1,0.08,24.0,3,1
E4081,Ventilator,2,10.07,2025-06-04 17:52:38.904066,1,0.55,42.53,4,1
E4082,MRI,5,18.98,2025-03-19 17:52:38.904066,1,0.73,30.06,3,1
E4083,Ultrasound,0,9.71,2025-02-02 17:52:38.904066,0,0.71,31.08,2,1
E4084,ECG,9,15.05,2024-12-10 17:52:38.904066,0,0.07,41.89,0,1
E4085,Ultrasound,4,13.76,2024-10-05 17:52:38.904066,1,0.63,39.19,0,1
E4086,Ultrasound,7,16.6,2024-12-16 17:52:38.904066,0,0.75,23.27,2,1
E4087,Ventilator,8,18.89,2024-12-31 17:52:38.904066,0,0.61,26.66,2,1
E4088,Ventilator,2,8.3,2025-03-30 17:52:38.904066,2,0.49,48.55,2,0
E4089,Ventilator,12,16.76,2024-09-27 17:52:38.904066,1,0.28,49.27,0,1
E4090,ECG,4,6.06,2025-06-21 17:52:38.904066,0,0.56,50.12,1,0
E4091,Ventilator,4,7.83,2024-09-29 17:52:38.904066,2,0.18,32.96,1,1
E4092,Ventilator,0,16.78,2025-03-26 17:52:38.904066,1,0.34,51.3,1,1
E4093,MRI,4,3.56,2024-09-09 17:52:38.904066,0,0.14,47.38,1,1
E4094,ECG,0,3.84,2024-12-31 17:52:38.904066,2,0.26,28.64,2,1
E4095,Ultrasound,0,7.31,2025-04-19 17:52:38.904066,2,0.1,59.09,1,0
E4096,Ultrasound,15,15.31,2025-02-15 17:52:38.904066,0,0.39,50.74,2,1
E4097,Ventilator,9,9.86,2025-05-22 17:52:38.904066,1,0.79,31.71,1,1
E4098,ECG,2,5.59,2024-08-22 17:52:38.904066,2,0.32,44.99,0,1
E4099,Ventilator,2,1.1,2025-08-02 17:52:38.904066,1,0.52,26.57,1,0
E4100,ECG,0,11.9,2025-05-14 17:52:38.904066,0,0.19,55.96,2,0
E4101,MRI,5,8.14,2024-10-06 17:52:38.904066,2,0.41,35.67,1,1
E4102,Ventilator,3,18.48,2024-10-13 17:52:38.904066,0,0.47,24.31,2,1
E4103,ECG,3,13.92,2025-04-24 17:52:38.904066,0,0.52,47.68,0,0
E4104,ECG,4,4.25,2025-05-21 17:52:38.904066,0,0.54,65.56,1,1
E4105,Ventilator,4,1.62,2024-12-18 17:52:38.904066,0,0.18,51.47,1,1
E4106,MRI,10,4.01,2025-03-19 17:52:38.904066,1,0.71,46.02,1,1
E4107,Ventilator,2,1.52,2024-11-04 17:52:38.904066,0,0.34,61.95,2,1
E4108,Ultrasound,4,7.87,2024-12-03 17:52:38.904066,0,0.1,36.9,1,1
E4109,Ultrasound,3,18.98,2025-07-13 17:52:38.904066,0,0.54,50.73,0,1
E4110,Ventilator,5,14.33,2025-04-19 17:52:38.904066,1,0.28,43.43,0,0
E4111,Ultrasound,0,6.58,2024-11-25 17:52:38.904066,1,0.42,61.01,4,1
E4112,Ventilator,11,6.92,2025-03-03 17:52:38.904066,0,0.56,37.06,2,1
E4113,MRI,9,12.77,2025-07-20 17:52:38.904066,1,0.2,43.2,3,1
E4114,Ventilator,4,17.99,2025-03-30 17:52:38.904066,1,0.58,42.5,1,1
E4115,ECG,5,1.51,2025-02-15 17:52:38.904066,0,0.2,68.12,2,1
E4116,MRI,12,11.67,2025-04-03 17:52:38.904066,0,0.08,67.5,0,1
E4117,ECG,2,17.12,2025-02-01 17:52:38.904066,1,0.14,66.28,0,1
E4118,MRI,7,8.29,2025-02-04 17:52:38.904066,0,0.04,55.22,2,1
E4119,Ultrasound,9,14.33,2024-10-25 17:52:38.904066,1,0.43,52.51,1,1
E4120,ECG,4,4.75,2025-01-08 17:52:38.904066,0,0.58,42.16,1,1
E4121,Ventilator,4,1.04,2024-09-07 17:52:38.904066,0,0.52,52.35,1,1
E4122,Ultrasound,0,10.41,2024-11-19 17:52:38.904066,0,0.38,43.68,1,1
E4123,Ventilator,6,2.23,2025-05-09 17:52:38.904066,1,0.18,37.22,1,0
E4124,MRI,0,13.98,2025-02-09 17:52:38.904066,0,0.55,58.41,3,0
E4125,Ventilator,7,14.92,2025-05-01 17:52:38.904066,1,0.47,44.0,1,0
E4126,Ultrasound,9,19.15,2025-05-29 17:52:38.904066,0,0.15,53.74,1,1
E4127,ECG,7,10.78,2024-12-09 17:52:38.904066,0,0.16,38.29,1,1
E4128,Ultrasound,3,7.19,2025-06-01 17:52:38.904066,1,0.8,38.81,1,1
E4129,Ventilator,6,19.65,2024-09-30 17:52:38.904066,2,0.53,47.43,0,1
E4130,Ultrasound,3,2.32,2025-02-27 17:52:38.904066,1,0.0,20.43,1,0
E4131,MRI,0,12.81,2025-03-26 17:52:38.904066,0,0.26,50.71,0,0
E4132,MRI,7,5.83,2025-04-16 17:52:38.904066,2,0.54,22.41,1,0
E4133,ECG,2,7.06,2025-06-12 17:52:38.904066,1,0.28,48.9,3,0
E4134,ECG,5,17.03,2025-02-23 17:52:38.904066,1,0.32,32.24,2,1
E4135,Ultrasound,8,10.44,2025-05-07 17:52:38.904066,0,0.36,50.25,2,0
E4136,MRI,2,18.36,2025-03-14 17:52:38.904066,0,0.72,20.36,1,1
E4137,Ventilator,10,6.03,2025-01-27 17:52:38.904066,0,0.56,65.38,2,1
E4138,Ultrasound,9,3.21,2025-02-11 17:52:38.904066,1,0.37,47.96,2,1
E4139,Ventilator,1,19.68,2024-10-16 17:52:38.904066,1,0.29,53.05,2,1
E4140,ECG,8,17.75,2025-05-12 17:52:38.904066,0,0.63,50.86,1,1
E4141,ECG,10,18.71,2025-05-13 17:52:38.904066,0,0.27,37.63,1,1
E4142,ECG,2,17.68,2025-02-07 17:52:38.904066,1,0.08,61.41,1,1
E4143,Ventilator,3,7.37,2025-07-04 17:52:38.904066,0,0.14,40.23,1,0
E4144,ECG,7,0.45,2025-03-21 17:52:38.904066,1,0.06,25.37,4,1
E4145,Ventilator,3,6.83,2024-08-15 17:52:38.904066,1,0.15,43.83,2,1
E4146,ECG,8,3.83,2025-06-26 17:52:38.904066,1,0.26,24.49,1,0
E4147,ECG,7,19.91,2025-02-06 17:52:38.904066,2,0.57,23.86,0,1
E4148,ECG,0,15.2,2024-09-06 17:52:38.904066,1,0.27,20.94,1,1
E4149,MRI,9,7.95,2025-01-14 17:52:38.904066,0,0.14,43.46,3,1
E4150,Ventilator,5,19.65,2025-05-11 17:52:38.904066,1,0.03,62.26,0,1
E4151,MRI,0,3.47,2025-02-03 17:52:38.904066,2,0.75,56.7,1,1
E4152,ECG,2,7.76,2024-10-16 17:52:38.904066,0,0.49,66.24,2,1
E4153,Ultrasound,8,17.07,2024-11-14 17:52:38.904066,0,0.77,68.37,5,1
E4154,Ventilator,9,1.15,2024-08-24 17:52:38.904066,1,0.36,64.48,0,1
E4155,Ultrasound,5,6.17,2025-05-29 17:52:38.904066,1,0.5,40.2,3,0
E4156,Ventilator,3,3.1,2025-02-21 17:52:38.904066,2,0.22,56.69,1,0
E4157,MRI,10,10.29,2025-01-08 17:52:38.904066,0,0.41,45.88,0,1
E4158,Ventilator,5,16.33,2024-10-12 17:52:38.904066,0,0.04,45.16,2,1
E4159,ECG,7,18.45,2025-04-18 17:52:38.904066,1,0.75,32.12,0,1
E4160,Ventilator,4,15.29,2024-10-09 17:52:38.904066,0,0.72,33.97,0,1
E4161,ECG,2,19.58,2025-05-09 17:52:38.904066,1,0.33,55.08,1,1
E4162,ECG,12,5.97,2025-06-16 17:52:38.904066,4,0.12,52.35,0,1
E4163,Ventilator,0,9.66,2025-01-07 17:52:38.904066,2,0.14,67.06,1,1
E4164,ECG,2,14.75,2025-02-20 17:52:38.904066,0,0.78,23.2,1,1
E4165,MRI,2,17.03,2024-09-27 17:52:38.904066,2,0.76,36.37,2,1
E4166,Ultrasound,6,7.68,2024-11-06 17:52:38.904066,0,0.26,25.89,0,1
E4167,ECG,13,16.43,2025-06-07 17:52:38.904066,2,0.49,59.06,2,1
E4168,MRI,11,1.91,2024-12-15 17:52:38.904066,1,0.09,49.46,4,1
E4169,Ventilator,0,0.58,2024-10-03 17:52:38.904066,0,0.23,32.9,2,1
E4170,MRI,4,1.57,2024-08-15 17:52:38.904066,3,0.69,66.02,0,1
E4171,Ultrasound,6,4.06,2025-03-02 17:52:38.904066,1,0.7,41.12,2,1
E4172,Ultrasound,4,10.07,2024-09-10 17:52:38.904066,2,0.09,57.57,0,1
E4173,Ultrasound,6,17.23,2024-08-08 17:52:38.904066,3,0.02,56.43,1,1
E4174,MRI,9,14.05,2024-09-13 17:52:38.904066,0,0.49,39.45,3,1
E4175,ECG,13,6.4,2024-08-18 17:52:38.904066,1,0.53,52.05,1,1
E4176,Ventilator,5,5.3,2024-09-28 17:52:38.904066,2,0.42,21.89,2,1
E4177,Ultrasound,6,12.09,2025-07-19 17:52:38.904066,1,0.42,45.36,2,0
E4178,Ventilator,7,1.16,2024-08-12 17:52:38.904066,0,0.75,22.16,3,1
E4179,ECG,3,3.33,2024-11-26 17:52:38.904066,0,0.44,40.85,2,1
E4180,Ventilator,6,5.18,2025-05-13 17:52:38.904066,0,0.26,69.14,0,1
E4181,Ventilator,13,19.94,2024-11-30 17:52:38.904066,3,0.15,33.51,1,1
E4182,MRI,6,15.21,2024-12-03 17:52:38.904066,0,0.71,56.42,1,1
E4183,MRI,14,9.37,2025-06-03 17:52:38.904066,3,0.44,40.23,3,1
E4184,ECG,2,8.05,2024-08-10 17:52:38.904066,0,0.6,20.91,1,1
E4185,ECG,11,18.83,2025-06-26 17:52:38.904066,0,0.6,21.31,3,1
E4186,MRI,0,2.2,2025-05-29 17:52:38.904066,0,0.32,63.01,0,1
E4187,Ultrasound,11,4.87,2025-02-01 17:52:38.904066,0,0.21,41.34,2,1
E4188,Ultrasound,7,11.18,2024-09-13 17:52:38.904066,2,0.11,55.2,0,1
E4189,MRI,11,8.7,2025-02-26 17:52:38.904066,2,0.76,62.23,3,1
E4190,Ultrasound,2,15.73,2025-03-08 17:52:38.904066,0,0.57,26.59,0,0
E4191,MRI,2,0.51,2024-08-14 17:52:38.904066,1,0.62,25.64,0,1
E4192,Ventilator,10,6.61,2024-12-23 17:52:38.904066,1,0.66,57.55,2,1
E4193,MRI,3,3.67,2025-01-11 17:52:38.904066,4,0.34,35.97,2,1
E4194,Ventilator,0,10.42,2025-05-24 17:52:38.904066,1,0.38,50.81,3,0
E4195,MRI,3,5.5,2025-07-29 17:52:38.904066,0,0.71,56.34,1,1
E4196,ECG,8,10.53,2024-09-26 17:52:38.904066,1,0.07,64.27,2,1
E4197,MRI,13,5.11,2025-02-05 17:52:38.904066,1,0.66,29.73,2,1
E4198,ECG,4,13.61,2025-06-26 17:52:38.904066,2,0.3,50.73,1,0
E4199,ECG,5,13.59,2024-10-14 17:52:38.904066,3,0.66,53.9,0,1
E4200,Ventilator,8,4.67,2024-08-10 17:52:38.904066,0,0.28,69.98,1,1
E4201,ECG,7,7.09,2024-12-06 17:52:38.904066,0,0.61,23.08,1,1
E4202,Ventilator,10,4.52,2025-05-15 17:52:38.904066,0,0.57,48.08,2,1
E4203,Ultrasound,12,19.75,2024-10-07 17:52:38.904066,0,0.78,45.05,3,1
E4204,Ventilator,5,3.16,2024-12-17 17:52:38.904066,1,0.04,46.51,1,1
E4205,Ultrasound,3,10.77,2025-06-14 17:52:38.904066,0,0.51,33.73,2,0
E4206,ECG,4,9.75,2024-08-29 17:52:38.904066,1,0.53,48.97,1,1
E4207,MRI,4,6.85,2024-10-17 17:52:38.904066,1,0.05,33.23,0,1
E4208,MRI,2,5.69,2025-06-14 17:52:38.904066,0,0.66,63.89,0,1
E4209,Ventilator,9,0.56,2024-09-12 17:52:38.904066,0,0.16,58.0,2,1
E4210,ECG,1,7.06,2025-02-15 17:52:38.904066,1,0.55,40.72,2,0
E4211,MRI,3,0.26,2025-07-13 17:52:38.904066,0,0.33,34.02,2,0
E4212,MRI,3,8.36,2024-08-28 17:52:38.904066,0,0.35,21.09,0,1
E4213,Ultrasound,3,3.88,2025-02-22 17:52:38.904066,1,0.03,45.89,1,0
E4214,ECG,3,17.6,2024-11-27 17:52:38.904066,1,0.79,51.12,2,1
E4215,Ventilator,0,2.82,2024-12-25 17:52:38.904066,1,0.14,53.63,1,1
E4216,Ultrasound,5,0.25,2025-02-27 17:52:38.904066,1,0.24,25.88,1,0
E4217,ECG,6,0.16,2024-09-07 17:52:38.904066,0,0.74,36.23,2,1
E4218,Ultrasound,4,4.44,2025-01-21 17:52:38.904066,1,0.11,67.64,1,1
E4219,Ventilator,0,7.42,2025-07-24 17:52:38.904066,2,0.47,60.84,1,1
E4220,Ultrasound,6,6.58,2025-08-03 17:52:38.904066,1,0.24,31.09,2,0
E4221,MRI,0,13.78,2025-02-28 17:52:38.904066,0,0.46,68.28,3,1
E4222,Ultrasound,6,14.49,2025-08-03 17:52:38.904066,0,0.38,63.48,1,1
E4223,ECG,8,12.88,2024-10-18 17:52:38.904066,3,0.13,45.28,1,1
E4224,ECG,9,2.51,2024-08-19 17:52:38.904066,0,0.25,60.55,1,1
E4225,MRI,9,3.9,2025-02-05 17:52:38.904066,1,0.77,44.42,1,1
E4226,ECG,9,2.16,2024-09-12 17:52:38.904066,0,0.49,24.38,1,1
E4227,MRI,10,17.42,2025-07-07 17:52:38.904066,2,0.4,41.71,3,1
E4228,Ultrasound,4,2.55,2025-04-06 17:52:38.904066,1,0.46,41.83,0,0
E4229,Ultrasound,0,8.85,2024-10-10 17:52:38.904066,0,0.15,55.88,2,1
E4230,Ultrasound,10,14.01,2025-02-18 17:52:38.904066,0,0.2,28.4,0,1
E4231,MRI,9,10.88,2024-10-12 17:52:38.904066,2,0.69,50.9,3,1
E4232,Ultrasound,7,13.65,2025-04-30 17:52:38.904066,0,0.35,52.92,3,0
E4233,Ventilator,3,1.49,2025-03-19 17:52:38.904066,0,0.79,46.71,0,1
E4234,MRI,0,1.84,2025-05-09 17:52:38.904066,0,0.4,59.44,3,0
E4235,Ultrasound,7,10.07,2024-09-09 17:52:38.904066,0,0.53,42.09,1,1
E4236,Ventilator,4,17.33,2025-03-25 17:52:38.904066,1,0.5,42.51,3,1
E4237,Ultrasound,0,1.02,2024-09-18 17:52:38.904066,0,0.54,27.12,2,1
E4238,MRI,8,6.75,2024-12-15 17:52:38.904066,2,0.22,64.03,2,1
E4239,Ultrasound,7,16.1,2024-10-08 17:52:38.904066,0,0.18,40.69,2,1
E4240,MRI,4,18.76,2025-04-04 17:52:38.904066,1,0.6,59.08,2,1
E4241,Ventilator,11,7.32,2025-07-29 17:52:38.904066,2,0.26,66.05,2,1
E4242,ECG,6,19.61,2024-11-13 17:52:38.904066,0,0.66,60.21,2,1
E4243,Ultrasound,3,6.81,2025-07-07 17:52:38.904066,0,0.63,40.21,0,1
E4244,ECG,3,14.05,2025-06-29 17:52:38.904066,1,0.25,26.48,2,0
E4245,Ventilator,6,18.97,2024-10-21 17:52:38.904066,0,0.02,60.53,1,1
E4246,Ultrasound,0,7.44,2025-02-25 17:52:38.904066,1,0.45,35.94,0,0
E4247,Ultrasound,2,19.26,2025-06-12 17:52:38.904066,0,0.51,47.69,0,1
E4248,ECG,5,12.45,2024-09-29 17:52:38.904066,0,0.14,64.21,1,1
E4249,Ventilator,1,12.96,2025-01-01 17:52:38.904066,1,0.66,43.24,4,1
E4250,MRI,2,16.67,2024-12-08 17:52:38.904066,0,0.06,40.73,2,1
E4251,MRI,0,0.99,2025-07-24 17:52:38.904066,0,0.58,54.95,2,0
E4252,Ultrasound,6,16.33,2025-03-28 17:52:38.904066,1,0.25,57.88,1,1
E4253,Ventilator,6,0.0,2025-05-08 17:52:38.904066,1,0.35,28.16,3,0
E4254,Ventilator,0,4.87,2024-12-10 17:52:38.904066,1,0.44,20.93,1,1
E4255,Ventilator,1,13.52,2025-03-08 17:52:38.904066,0,0.5,41.86,3,0
E4256,ECG,0,6.78,2024-11-17 17:52:38.904066,0,0.31,42.86,0,1
E4257,Ventilator,7,16.3,2024-10-22 17:52:38.904066,0,0.2,46.93,1,1
E4258,ECG,8,13.18,2025-01-14 17:52:38.904066,1,0.7,23.73,2,1
E4259,Ultrasound,8,11.33,2025-06-30 17:52:38.904066,0,0.66,36.06,2,1
E4260,MRI,3,11.25,2025-06-06 17:52:38.904066,0,0.44,60.74,0,1
E4261,ECG,3,1.56,2024-11-19 17:52:38.904066,1,0.73,69.92,2,1
E4262,Ventilator,6,4.47,2025-02-02 17:52:38.904066,2,0.07,43.91,2,1
E4263,Ultrasound,8,5.64,2025-06-13 17:52:38.904066,0,0.65,40.06,0,1
E4264,MRI,8,10.27,2024-09-10 17:52:38.904066,0,0.48,37.31,2,1
E4265,Ultrasound,4,9.78,2025-04-02 17:52:38.904066,0,0.76,24.78,2,1
E4266,Ventilator,1,18.7,2024-12-20 17:52:38.904066,3,0.77,40.78,1,1
E4267,Ultrasound,0,11.85,2024-12-24 17:52:38.904066,2,0.08,64.99,2,1
E4268,ECG,0,10.65,2025-07-05 17:52:38.904066,1,0.08,55.94,1,0
E4269,MRI,7,16.54,2024-11-23 17:52:38.904066,2,0.28,44.99,0,1
E4270,ECG,0,9.06,2024-09-03 17:52:38.904066,0,0.25,64.22,4,1
E4271,MRI,0,12.32,2024-08-28 17:52:38.904066,1,0.28,60.8,1,1
E4272,MRI,8,8.29,2025-05-19 17:52:38.904066,3,0.19,24.91,1,1
E4273,ECG,7,13.49,2025-05-21 17:52:38.904066,0,0.15,46.37,1,0
E4274,MRI,5,15.27,2025-02-25 17:52:38.904066,0,0.58,49.52,3,0
E4275,Ultrasound,11,0.64,2024-11-18 17:52:38.904066,0,0.55,35.52,3,1
E4276,Ultrasound,0,4.12,2025-02-13 17:52:38.904066,1,0.49,63.53,1,1
E4277,Ventilator,0,4.38,2024-10-04 17:52:38.904066,0,0.01,60.72,2,1
E4278,Ventilator,7,1.55,2025-06-03 17:52:38.904066,1,0.48,49.74,1,0
E4279,ECG,9,17.5,2025-04-15 17:52:38.904066,0,0.2,25.56,2,1
E4280,ECG,4,9.48,2025-05-20 17:52:38.904066,1,0.14,37.48,0,0
E4281,Ultrasound,1,1.78,2024-12-30 17:52:38.904066,1,0.06,43.39,2,1
E4282,MRI,7,19.84,2025-07-26 17:52:38.904066,3,0.35,48.47,0,1
E4283,Ventilator,3,3.54,2025-06-19 17:52:38.904066,1,0.7,31.51,2,1
E4284,ECG,6,15.24,2025-07-21 17:52:38.904066,0,0.54,63.93,1,1
E4285,MRI,8,18.77,2024-08-27 17:52:38.904066,0,0.31,69.96,0,1
E4286,ECG,5,16.1,2025-01-19 17:52:38.904066,1,0.42,40.09,1,1
E4287,Ultrasound,9,0.23,2025-02-21 17:52:38.904066,0,0.12,34.01,1,1
E4288,Ultrasound,0,9.8,2024-11-18 17:52:38.904066,0,0.16,49.79,1,1
E4289,ECG,7,4.91,2025-03-03 17:52:38.904066,0,0.69,23.86,0,1
E4290,MRI,4,8.35,2025-07-12 17:52:38.904066,2,0.05,52.6,0,0
E4291,Ultrasound,3,8.6,2025-02-04 17:52:38.904066,1,0.73,33.51,3,1
E4292,Ultrasound,0,8.76,2024-10-16 17:52:38.904066,1,0.21,27.66,2,1
E4293,MRI,6,17.2,2024-12-29 17:52:38.904066,3,0.42,25.65,2,1
E4294,ECG,6,12.36,2025-02-26 17:52:38.904066,1,0.06,59.63,1,0
E4295,Ultrasound,9,6.72,2024-11-23 17:52:38.904066,0,0.23,68.5,1,1
E4296,Ultrasound,6,9.05,2024-11-23 17:52:38.904066,1,0.31,33.1,3,1
E4297,Ventilator,1,12.63,2025-05-13 17:52:38.904066,0,0.19,54.6,2,0
E4298,ECG,3,4.95,2025-03-07 17:52:38.904066,3,0.24,46.28,3,1
E4299,ECG,7,3.28,2024-09-15 17:52:38.904066,1,0.5,65.88,2,1
E4300,Ultrasound,3,3.45,2024-09-16 17:52:38.904066,0,0.21,47.03,1,1
E4301,Ultrasound,1,12.76,2025-04-02 17:52:38.904066,2,0.28,47.91,2,0
E4302,Ventilator,0,19.61,2024-08-31 17:52:38.904066,1,0.2,44.0,0,1
E4303,MRI,2,12.89,2025-05-18 17:52:38.904066,0,0.19,63.52,0,1
E4304,MRI,6,19.97,2025-07-07 17:52:38.904066,1,0.04,22.98,3,1
E4305,MRI,10,18.8,2025-04-23 17:52:38.904066,0,0.78,46.4,1,1
E4306,MRI,6,6.1,2025-02-05 17:52:38.904066,0,0.03,59.44,3,1
E4307,Ultrasound,5,19.94,2024-09-16 17:52:38.904066,1,0.12,66.49,2,1
E4308,Ultrasound,6,2.44,2024-12-18 17:52:38.904066,1,0.64,34.99,2,1
E4309,Ventilator,9,7.21,2024-10-14 17:52:38.904066,0,0.49,63.4,0,1
E4310,Ultrasound,1,0.05,2024-12-10 17:52:38.904066,0,0.28,42.35,1,1
E4311,MRI,3,4.82,2024-09-01 17:52:38.904066,1,0.28,49.11,1,1
E4312,MRI,7,4.16,2024-09-03 17:52:38.904066,1,0.3,50.69,1,1
E4313,Ventilator,10,6.6,2024-12-17 17:52:38.904066,1,0.17,21.85,1,1
E4314,Ventilator,1,14.0,2025-02-07 17:52:38.904066,0,0.73,54.96,1,1
E4315,MRI,6,11.5,2024-08-18 17:52:38.904066,0,0.37,22.31,4,1
E4316,Ultrasound,4,6.06,2025-01-11 17:52:38.904066,1,0.19,37.66,0,1
E4317,Ventilator,12,8.54,2024-10-07 17:52:38.904066,0,0.13,30.53,0,1
E4318,Ultrasound,7,5.42,2024-12-15 17:52:38.904066,1,0.12,28.71,1,1
E4319,ECG,2,11.81,2025-05-12 17:52:38.904066,0,0.36,31.06,1,0
E4320,MRI,2,3.32,2024-10-05 17:52:38.904066,0,0.35,26.54,0,1
E4321,MRI,0,10.25,2024-08-25 17:52:38.904066,0,0.11,40.98,0,1
E4322,Ventilator,5,15.87,2024-09-30 17:52:38.904066,1,0.35,24.8,1,1
E4323,MRI,2,16.76,2024-12-21 17:52:38.904066,0,0.3,53.57,2,1
E4324,ECG,6,2.31,2025-05-17 17:52:38.904066,1,0.18,35.75,2,0
E4325,Ultrasound,7,15.75,2025-01-02 17:52:38.904066,0,0.11,65.27,0,1
E4326,Ventilator,9,2.38,2025-03-31 17:52:38.904066,1,0.09,34.6,4,1
E4327,MRI,3,15.59,2024-12-16 17:52:38.904066,0,0.04,24.22,2,1
E4328,MRI,8,19.14,2024-11-24 17:52:38.904066,2,0.39,23.5,4,1
E4329,Ultrasound,3,7.63,2025-03-04 17:52:38.904066,1,0.07,59.68,2,0
E4330,Ultrasound,0,16.54,2025-04-01 17:52:38.904066,2,0.08,37.86,2,1
E4331,Ultrasound,7,17.37,2025-07-27 17:52:38.904066,0,0.47,61.96,1,1
E4332,Ultrasound,7,1.59,2024-09-28 17:52:38.904066,0,0.16,28.18,0,1
E4333,Ventilator,0,9.9,2025-05-06 17:52:38.904066,0,0.29,27.83,0,0
E4334,Ventilator,8,4.12,2024-12-02 17:52:38.904066,1,0.08,64.32,1,1
E4335,MRI,6,5.42,2024-09-11 17:52:38.904066,0,0.45,47.94,2,1
E4336,Ventilator,3,14.71,2024-08-14 17:52:38.904066,1,0.08,24.19,3,1
E4337,ECG,0,15.69,2024-11-09 17:52:38.904066,0,0.04,38.92,3,1
E4338,Ventilator,5,0.56,2024-09-28 17:52:38.904066,0,0.72,31.55,0,1
E4339,Ultrasound,3,11.99,2024-08-22 17:52:38.904066,1,0.56,58.41,2,1
E4340,MRI,4,9.58,2024-12-25 17:52:38.904066,2,0.79,69.04,1,1
E4341,Ventilator,7,1.9,2025-05-10 17:52:38.904066,0,0.35,61.18,2,1
E4342,ECG,8,15.78,2025-02-25 17:52:38.904066,1,0.68,42.37,2,1
E4343,MRI,7,12.27,2024-11-23 17:52:38.904066,0,0.3,67.68,1,1
E4344,Ventilator,3,6.7,2024-10-06 17:52:38.904066,0,0.19,37.84,1,1
E4345,Ventilator,4,9.69,2024-12-03 17:52:38.904066,0,0.76,41.15,1,1
E4346,MRI,10,12.98,2025-04-15 17:52:38.904066,1,0.64,69.78,1,1
E4347,Ventilator,9,18.49,2024-12-24 17:52:38.904066,0,0.15,57.61,3,1
E4348,Ultrasound,6,6.88,2025-05-21 17:52:38.904066,2,0.43,65.22,0,1
E4349,Ultrasound,9,5.2,2025-04-26 17:52:38.904066,1,0.14,39.69,1,1
E4350,Ultrasound,3,6.26,2025-06-15 17:52:38.904066,2,0.8,51.08,1,1
E4351,ECG,2,11.49,2024-11-10 17:52:38.904066,0,0.68,50.01,1,1
E4352,Ventilator,8,11.91,2024-12-24 17:52:38.904066,0,0.03,25.3,2,1
E4353,ECG,2,16.35,2025-05-02 17:52:38.904066,1,0.16,49.22,1,1
E4354,MRI,5,6.11,2024-12-01 17:52:38.904066,0,0.65,58.1,1,1
E4355,Ultrasound,8,1.97,2024-08-25 17:52:38.904066,1,0.12,66.61,2,1
E4356,ECG,5,13.95,2024-10-08 17:52:38.904066,2,0.48,22.28,3,1
E4357,ECG,15,17.68,2025-06-23 17:52:38.904066,0,0.5,54.0,0,1
E4358,MRI,4,8.07,2024-12-26 17:52:38.904066,1,0.21,55.81,0,1
E4359,MRI,15,14.32,2024-10-04 17:52:38.904066,2,0.26,48.89,0,1
E4360,Ventilator,4,1.91,2024-09-10 17:52:38.904066,1,0.72,32.69,1,1
E4361,Ultrasound,8,7.02,2025-07-30 17:52:38.904066,1,0.23,23.15,3,0
E4362,Ventilator,11,12.85,2025-06-13 17:52:38.904066,2,0.45,50.85,2,1
E4363,ECG,1,10.07,2025-01-07 17:52:38.904066,1,0.69,49.61,2,1
E4364,ECG,0,19.01,2024-11-15 17:52:38.904066,1,0.25,57.59,0,1
E4365,Ventilator,5,19.01,2024-08-16 17:52:38.904066,0,0.44,43.73,1,1
E4366,Ventilator,11,9.56,2025-04-05 17:52:38.904066,1,0.76,52.78,1,1
E4367,Ventilator,5,17.04,2025-03-16 17:52:38.904066,1,0.24,65.83,2,1
E4368,ECG,9,8.05,2024-10-25 17:52:38.904066,0,0.44,23.35,1,1
E4369,MRI,0,18.69,2024-12-14 17:52:38.904066,0,0.5,46.04,0,1
E4370,MRI,11,9.99,2025-04-16 17:52:38.904066,1,0.2,61.65,2,1
E4371,Ventilator,2,6.77,2024-09-13 17:52:38.904066,2,0.23,66.07,1,1
E4372,Ultrasound,8,14.41,2025-04-07 17:52:38.904066,2,0.06,36.5,0,0
E4373,Ultrasound,0,17.37,2024-12-21 17:52:38.904066,0,0.61,59.59,4,1
E4374,Ventilator,7,10.14,2025-01-04 17:52:38.904066,0,0.03,24.05,2,1
E4375,ECG,5,18.48,2025-07-12 17:52:38.904066,1,0.05,68.91,4,1
E4376,Ultrasound,5,7.59,2025-06-14 17:52:38.904066,1,0.02,62.07,3,1
E4377,ECG,3,19.04,2025-05-06 17:52:38.904066,2,0.75,28.08,0,1
E4378,MRI,6,1.73,2025-02-06 17:52:38.904066,3,0.3,55.43,2,1
E4379,MRI,2,14.19,2025-02-23 17:52:38.904066,3,0.48,32.29,1,1
E4380,Ventilator,5,1.73,2024-09-05 17:52:38.904066,0,0.01,23.57,2,1
E4381,MRI,5,17.63,2025-05-02 17:52:38.904066,1,0.76,35.94,3,1
E4382,Ventilator,0,11.56,2024-12-07 17:52:38.904066,0,0.01,59.79,0,1
E4383,Ventilator,1,3.22,2025-04-17 17:52:38.904066,0,0.61,38.42,3,1
E4384,Ultrasound,0,2.27,2025-03-06 17:52:38.904066,0,0.41,24.18,1,0
E4385,MRI,8,4.81,2025-03-31 17:52:38.904066,0,0.17,40.94,2,0
E4386,ECG,15,1.06,2024-08-18 17:52:38.904066,2,0.43,69.29,2,1
E4387,MRI,4,9.04,2025-02-09 17:52:38.904066,2,0.56,21.76,1,0
E4388,Ventilator,10,7.08,2024-09-03 17:52:38.904066,0,0.02,64.37,2,1
E4389,Ventilator,12,13.17,2025-03-23 17:52:38.904066,1,0.75,25.27,1,1
E4390,ECG,2,15.73,2025-03-08 17:52:38.904066,2,0.41,56.17,2,0
E4391,ECG,2,15.9,2025-05-25 17:52:38.904066,0,0.77,57.54,3,1
E4392,Ventilator,10,2.56,2024-12-24 17:52:38.904066,1,0.36,68.59,1,1
E4393,MRI,5,12.18,2025-03-21 17:52:38.904066,1,0.4,42.02,2,0
E4394,Ultrasound,7,7.66,2024-11-10 17:52:38.904066,0,0.07,30.0,4,1
E4395,Ventilator,0,16.76,2024-12-27 17:52:38.904066,0,0.14,64.05,4,1
E4396,Ventilator,0,19.03,2024-08-22 17:52:38.904066,0,0.58,24.82,0,1
E4397,Ultrasound,2,2.47,2025-02-23 17:52:38.904066,0,0.07,35.11,2,0
E4398,ECG,8,6.66,2025-05-03 17:52:38.904066,1,0.51,56.29,1,0
E4399,Ultrasound,8,17.45,2025-06-19 17:52:38.904066,0,0.26,30.07,2,1
E4400,ECG,4,3.94,2025-06-04 17:52:38.904066,0,0.32,39.27,2,0
E4401,MRI,5,10.94,2025-03-19 17:52:38.904066,1,0.15,66.07,2,1
E4402,MRI,7,3.23,2024-08-09 17:52:38.904066,1,0.36,22.65,1,1
E4403,MRI,3,10.92,2025-04-23 17:52:38.904066,1,0.66,39.38,1,1
E4404,Ultrasound,2,16.79,2025-05-16 17:52:38.904066,1,0.32,34.32,3,1
E4405,MRI,6,9.77,2024-08-26 17:52:38.904066,0,0.04,42.42,0,1
E4406,Ventilator,7,4.64,2024-12-18 17:52:38.904066,0,0.77,59.86,3,1
E4407,MRI,1,15.11,2024-10-16 17:52:38.904066,0,0.34,44.54,2,1
E4408,Ultrasound,2,17.32,2024-11-12 17:52:38.904066,2,0.08,29.72,3,1
E4409,Ultrasound,5,4.55,2024-09-11 17:52:38.904066,1,0.0,49.75,0,1
E4410,Ventilator,4,0.31,2025-02-06 17:52:38.904066,1,0.46,42.28,2,1
E4411,Ultrasound,9,18.29,2025-01-22 17:52:38.904066,2,0.28,24.89,0,1
E4412,Ultrasound,7,0.42,2024-11-10 17:52:38.904066,1,0.12,64.9,0,1
E4413,Ultrasound,5,2.3,2024-08-09 17:52:38.904066,0,0.42,26.48,2,1
E4414,MRI,5,3.55,2025-05-23 17:52:38.904066,1,0.67,46.68,3,1
E4415,ECG,1,16.49,2024-10-11 17:52:38.904066,1,0.26,44.21,1,1
E4416,Ultrasound,0,3.05,2024-12-10 17:52:38.904066,0,0.69,47.46,1,1
E4417,ECG,0,19.13,2025-04-12 17:52:38.904066,1,0.63,21.04,1,1
E4418,Ultrasound,8,13.86,2024-10-27 17:52:38.904066,0,0.77,39.57,0,1
E4419,ECG,0,10.41,2025-04-19 17:52:38.904066,0,0.69,57.2,2,1
E4420,MRI,13,6.17,2025-06-03 17:52:38.904066,0,0.11,37.25,0,1
E4421,Ultrasound,5,18.68,2025-05-02 17:52:38.904066,1,0.62,57.86,2,1
E4422,MRI,0,4.71,2024-10-23 17:52:38.904066,1,0.06,64.94,2,1
E4423,Ultrasound,3,17.08,2025-03-27 17:52:38.904066,1,0.21,55.02,3,1
E4424,ECG,4,19.2,2024-12-05 17:52:38.904066,1,0.05,29.21,2,1
E4425,Ultrasound,9,10.58,2024-08-24 17:52:38.904066,0,0.38,32.39,1,1
E4426,ECG,11,1.13,2025-07-01 17:52:38.904066,2,0.49,65.59,1,1
E4427,MRI,9,5.82,2024-12-11 17:52:38.904066,0,0.22,46.86,1,1
E4428,ECG,8,8.34,2025-03-26 17:52:38.904066,0,0.05,31.74,0,0
E4429,Ultrasound,4,4.74,2024-12-10 17:52:38.904066,2,0.24,29.21,2,1
E4430,Ventilator,10,12.54,2025-02-20 17:52:38.904066,2,0.4,36.79,8,1
E4431,Ventilator,11,5.48,2024-09-05 17:52:38.904066,1,0.51,25.43,3,1
E4432,MRI,0,18.81,2025-01-25 17:52:38.904066,1,0.38,21.82,3,1
E4433,MRI,4,11.81,2025-07-18 17:52:38.904066,2,0.37,37.77,1,0
E4434,Ultrasound,6,16.4,2024-08-26 17:52:38.904066,1,0.56,60.62,3,1
E4435,Ventilator,4,2.58,2025-05-28 17:52:38.904066,0,0.42,33.41,2,0
E4436,ECG,2,9.75,2025-05-10 17:52:38.904066,2,0.35,62.54,0,1
E4437,MRI,6,11.82,2025-07-21 17:52:38.904066,0,0.74,61.12,1,1
E4438,MRI,6,14.62,2025-02-07 17:52:38.904066,0,0.28,56.01,3,0
E4439,Ultrasound,4,0.08,2025-06-26 17:52:38.904066,2,0.69,59.56,4,1
E4440,Ventilator,4,17.06,2024-10-08 17:52:38.904066,0,0.34,29.15,3,1
E4441,Ventilator,3,14.92,2024-08-31 17:52:38.904066,2,0.14,69.81,0,1
E4442,Ventilator,9,10.95,2024-08-13 17:52:38.904066,2,0.25,62.78,1,1
E4443,Ultrasound,5,15.43,2025-07-31 17:52:38.904066,4,0.67,32.87,0,1
E4444,ECG,0,2.09,2025-06-30 17:52:38.904066,1,0.44,38.98,2,0
E4445,Ultrasound,0,10.32,2025-01-25 17:52:38.904066,1,0.07,59.24,1,1
E4446,Ventilator,0,7.94,2024-10-05 17:52:38.904066,0,0.54,30.14,3,1
E4447,Ventilator,3,19.93,2024-08-16 17:52:38.904066,1,0.75,40.93,0,1
E4448,ECG,8,9.03,2025-05-01 17:52:38.904066,1,0.04,64.23,0,1
E4449,Ventilator,5,15.65,2025-04-16 17:52:38.904066,1,0.69,61.62,1,1
E4450,Ventilator,9,8.65,2024-10-10 17:52:38.904066,1,0.64,33.78,0,1
E4451,MRI,7,0.45,2025-03-06 17:52:38.904066,2,0.41,29.41,0,0
E4452,Ventilator,3,13.84,2024-10-28 17:52:38.904066,0,0.52,69.01,3,1
E4453,ECG,6,10.51,2025-02-16 17:52:38.904066,0,0.01,49.12,1,0
E4454,ECG,2,11.25,2025-01-22 17:52:38.904066,0,0.63,56.57,0,1
E4455,MRI,0,14.79,2024-10-07 17:52:38.904066,0,0.25,51.89,3,1
E4456,Ultrasound,0,11.84,2024-11-11 17:52:38.904066,0,0.19,48.95,4,1
E4457,ECG,8,15.77,2025-04-02 17:52:38.904066,1,0.37,42.6,0,0
E4458,MRI,11,1.46,2025-06-13 17:52:38.904066,0,0.31,23.76,2,1
E4459,Ventilator,6,12.15,2024-08-13 17:52:38.904066,0,0.07,36.77,0,1
E4460,Ventilator,12,4.59,2025-01-17 17:52:38.904066,1,0.44,33.17,3,1
E4461,ECG,10,19.7,2024-10-15 17:52:38.904066,0,0.61,44.75,2,1
E4462,Ventilator,5,18.28,2024-08-30 17:52:38.904066,0,0.4,44.1,3,1
E4463,ECG,10,9.91,2024-12-14 17:52:38.904066,0,0.67,42.79,2,1
E4464,ECG,5,16.93,2024-10-04 17:52:38.904066,1,0.68,52.18,2,1
E4465,MRI,0,15.53,2025-03-20 17:52:38.904066,1,0.68,39.08,0,1
E4466,MRI,7,18.36,2025-06-11 17:52:38.904066,0,0.03,22.13,2,1
E4467,Ultrasound,0,17.3,2025-01-21 17:52:38.904066,0,0.28,45.63,3,1
E4468,ECG,6,16.72,2025-05-21 17:52:38.904066,0,0.36,65.83,0,1
E4469,Ultrasound,2,11.41,2025-06-13 17:52:38.904066,2,0.22,53.93,1,0
E4470,Ultrasound,4,9.3,2025-06-08 17:52:38.904066,2,0.29,51.56,2,0
E4471,Ultrasound,7,2.23,2025-01-31 17:52:38.904066,0,0.19,69.79,3,1
E4472,Ventilator,9,17.88,2025-07-25 17:52:38.904066,0,0.28,69.45,4,1
E4473,Ultrasound,10,15.68,2024-11-09 17:52:38.904066,0,0.77,61.63,4,1
E4474,Ultrasound,6,4.33,2025-06-13 17:52:38.904066,2,0.27,51.05,3,0
E4475,Ultrasound,2,19.25,2025-04-12 17:52:38.904066,0,0.43,24.4,2,1
E4476,Ultrasound,0,18.22,2025-05-19 17:52:38.904066,2,0.42,24.7,1,1
E4477,ECG,8,15.24,2024-09-28 17:52:38.904066,1,0.49,43.96,1,1
E4478,Ventilator,14,19.07,2025-06-06 17:52:38.904066,1,0.18,36.57,3,1
E4479,ECG,6,0.73,2025-08-01 17:52:38.904066,0,0.37,32.47,2,0
E4480,MRI,1,5.09,2024-11-03 17:52:38.904066,0,0.42,32.15,3,1
E4481,Ventilator,9,18.88,2025-06-22 17:52:38.904066,0,0.03,44.41,0,1
E4482,Ventilator,15,9.21,2024-10-20 17:52:38.904066,0,0.62,26.21,4,1
E4483,Ventilator,5,9.9,2025-01-16 17:52:38.904066,1,0.4,37.22,3,1
E4484,MRI,8,15.06,2024-08-12 17:52:38.904066,1,0.17,69.45,2,1
E4485,Ultrasound,0,0.28,2025-02-14 17:52:38.904066,1,0.06,64.89,0,1
E4486,ECG,6,2.54,2024-12-20 17:52:38.904066,1,0.02,45.92,1,1
E4487,Ventilator,3,17.81,2024-09-11 17:52:38.904066,1,0.26,63.52,2,1
E4488,MRI,6,12.88,2025-01-11 17:52:38.904066,0,0.59,56.94,0,1
E4489,Ultrasound,3,6.62,2025-04-23 17:52:38.904066,0,0.34,57.97,2,0
E4490,Ultrasound,7,11.07,2025-05-12 17:52:38.904066,0,0.62,64.36,5,1
E4491,Ultrasound,9,1.64,2024-09-21 17:52:38.904066,1,0.21,25.5,3,1
E4492,ECG,7,13.15,2025-02-25 17:52:38.904066,0,0.33,66.81,4,1
E4493,ECG,2,14.45,2025-02-01 17:52:38.904066,1,0.26,62.99,1,1
E4494,ECG,0,8.86,2025-07-08 17:52:38.904066,1,0.48,52.43,1,0
E4495,Ventilator,0,19.84,2024-12-01 17:52:38.904066,0,0.72,54.08,1,1
E4496,Ventilator,0,0.23,2025-04-20 17:52:38.904066,1,0.79,64.58,1,1
E4497,MRI,8,5.39,2025-06-16 17:52:38.904066,0,0.38,34.86,1,0
E4498,ECG,3,9.59,2025-06-19 17:52:38.904066,0,0.48,23.7,0,0
E4499,Ultrasound,4,13.99,2024-09-11 17:52:38.904066,2,0.26,39.97,0,1
E4500,Ventilator,3,14.05,2025-07-21 17:52:38.904066,1,0.74,38.95,1,1
E4501,MRI,5,4.65,2024-08-23 17:52:38.904066,0,0.56,41.83,2,1
E4502,Ultrasound,11,16.67,2025-03-10 17:52:38.904066,0,0.13,55.7,3,1
E4503,ECG,0,19.35,2024-12-05 17:52:38.904066,1,0.26,50.19,3,1
E4504,Ventilator,11,5.32,2025-03-30 17:52:38.904066,1,0.31,52.31,1,1
E4505,MRI,0,15.13,2024-12-31 17:52:38.904066,0,0.41,24.54,3,1
E4506,Ultrasound,4,7.26,2025-01-16 17:52:38.904066,1,0.64,30.51,0,1
E4507,MRI,4,3.16,2025-04-09 17:52:38.904066,0,0.6,58.48,0,0
E4508,ECG,8,0.49,2024-12-03 17:52:38.904066,1,0.57,68.45,1,1
E4509,MRI,8,2.93,2024-11-02 17:52:38.904066,1,0.7,59.41,1,1
E4510,MRI,11,17.05,2024-12-12 17:52:38.904066,1,0.32,67.24,2,1
E4511,Ultrasound,10,4.05,2025-06-20 17:52:38.904066,0,0.1,22.47,0,1
E4512,Ventilator,5,11.06,2024-10-03 17:52:38.904066,0,0.58,30.18,1,1
E4513,ECG,4,18.7,2025-02-04 17:52:38.904066,1,0.04,38.42,0,1
E4514,Ultrasound,1,14.68,2024-09-19 17:52:38.904066,1,0.43,53.57,1,1
E4515,Ventilator,7,12.14,2025-02-01 17:52:38.904066,1,0.44,23.34,0,1
E4516,Ultrasound,6,13.03,2025-03-08 17:52:38.904066,4,0.32,52.45,2,1
E4517,Ventilator,8,19.99,2025-07-26 17:52:38.904066,0,0.57,52.45,1,1
E4518,MRI,7,14.43,2025-04-19 17:52:38.904066,2,0.2,62.78,3,1
E4519,MRI,4,1.52,2024-11-24 17:52:38.904066,1,0.72,61.06,1,1
E4520,MRI,9,13.66,2024-10-31 17:52:38.904066,0,0.43,67.95,5,1
E4521,MRI,0,2.22,2025-07-25 17:52:38.904066,0,0.23,48.29,5,1
E4522,ECG,3,17.62,2025-06-25 17:52:38.904066,0,0.49,35.4,1,1
E4523,MRI,4,3.94,2025-07-23 17:52:38.904066,2,0.34,62.97,3,1
E4524,ECG,6,12.54,2024-09-09 17:52:38.904066,1,0.69,38.79,0,1
E4525,ECG,3,15.25,2025-08-01 17:52:38.904066,2,0.18,36.7,3,0
E4526,MRI,5,15.99,2024-12-03 17:52:38.904066,0,0.59,26.46,2,1
E4527,MRI,5,17.6,2025-03-26 17:52:38.904066,0,0.67,63.44,2,1
E4528,Ultrasound,2,6.04,2024-10-06 17:52:38.904066,0,0.24,31.46,0,1
E4529,ECG,5,16.33,2024-11-28 17:52:38.904066,1,0.37,64.03,2,1
E4530,Ultrasound,4,19.39,2024-11-21 17:52:38.904066,1,0.59,59.03,1,1
E4531,ECG,6,16.78,2025-03-18 17:52:38.904066,1,0.64,22.4,0,1
E4532,Ultrasound,4,8.34,2024-12-16 17:52:38.904066,0,0.03,67.09,1,1
E4533,Ventilator,9,12.94,2024-11-09 17:52:38.904066,2,0.7,45.96,4,1
E4534,Ventilator,7,13.53,2024-08-17 17:52:38.904066,0,0.47,55.23,1,1
E4535,Ultrasound,4,0.76,2025-05-17 17:52:38.904066,1,0.19,41.77,1,0
E4536,Ventilator,4,3.88,2025-06-03 17:52:38.904066,0,0.51,69.63,2,1
E4537,MRI,2,2.31,2025-01-11 17:52:38.904066,0,0.8,44.19,2,1
E4538,Ultrasound,2,17.26,2025-03-04 17:52:38.904066,0,0.2,25.58,2,1
E4539,Ultrasound,5,0.44,2025-07-26 17:52:38.904066,1,0.03,64.15,3,1
E4540,ECG,8,9.75,2025-06-19 17:52:38.904066,0,0.41,39.36,0,0
E4541,ECG,8,10.12,2024-09-27 17:52:38.904066,2,0.03,54.8,6,1
E4542,Ultrasound,4,6.43,2025-06-09 17:52:38.904066,1,0.49,51.31,1,0
E4543,Ultrasound,2,3.03,2024-12-20 17:52:38.904066,0,0.52,57.93,1,1
E4544,Ventilator,10,12.23,2024-09-14 17:52:38.904066,0,0.65,65.87,1,1
E4545,Ultrasound,7,15.69,2025-01-21 17:52:38.904066,1,0.34,48.2,2,1
E4546,Ventilator,13,13.0,2024-08-12 17:52:38.904066,1,0.73,69.3,2,1
E4547,ECG,8,0.16,2025-05-19 17:52:38.904066,1,0.64,58.74,1,1
E4548,Ultrasound,9,1.44,2024-11-15 17:52:38.904066,0,0.54,21.29,2,1
E4549,Ultrasound,9,19.74,2024-08-13 17:52:38.904066,0,0.59,20.2,1,1
E4550,ECG,11,1.73,2025-04-28 17:52:38.904066,0,0.12,35.3,1,1
E4551,MRI,8,11.38,2024-09-22 17:52:38.904066,0,0.54,51.61,2,1
E4552,Ventilator,2,18.31,2025-05-22 17:52:38.904066,0,0.67,35.66,1,1
E4553,ECG,8,6.55,2025-07-19 17:52:38.904066,1,0.01,66.09,3,1
E4554,Ventilator,8,18.49,2024-11-19 17:52:38.904066,0,0.3,63.51,3,1
E4555,ECG,6,17.02,2025-08-04 17:52:38.904066,0,0.77,28.28,3,1
E4556,MRI,12,5.46,2024-12-14 17:52:38.904066,3,0.16,45.36,0,1
E4557,Ultrasound,7,18.03,2024-11-14 17:52:38.904066,1,0.24,60.79,0,1
E4558,ECG,3,6.86,2025-06-21 17:52:38.904066,1,0.01,39.78,2,0
E4559,Ventilator,1,15.18,2025-06-18 17:52:38.904066,1,0.59,23.17,4,1
E4560,Ultrasound,9,7.26,2025-07-23 17:52:38.904066,2,0.07,48.48,1,1
E4561,Ventilator,3,1.94,2025-03-04 17:52:38.904066,1,0.17,38.57,5,1
E4562,MRI,10,4.65,2024-11-16 17:52:38.904066,0,0.77,52.16,2,1
E4563,MRI,9,11.26,2024-11-16 17:52:38.904066,0,0.66,27.42,3,1
E4564,ECG,5,13.21,2025-05-03 17:52:38.904066,1,0.12,48.5,1,0
E4565,MRI,7,0.41,2025-01-16 17:52:38.904066,1,0.43,24.66,1,1
E4566,Ultrasound,5,0.13,2025-05-26 17:52:38.904066,1,0.31,52.91,1,0
E4567,MRI,5,13.97,2025-03-29 17:52:38.904066,3,0.77,61.8,3,1
E4568,Ultrasound,2,11.41,2024-11-09 17:52:38.904066,1,0.17,68.38,3,1
E4569,ECG,9,6.73,2025-01-15 17:52:38.904066,2,0.58,21.56,1,1
E4570,ECG,5,7.02,2025-07-01 17:52:38.904066,0,0.72,49.51,0,1
E4571,ECG,2,0.22,2025-05-13 17:52:38.904066,0,0.2,52.4,1,0
E4572,ECG,2,4.62,2025-03-06 17:52:38.904066,0,0.32,55.71,2,0
E4573,ECG,6,14.54,2025-03-02 17:52:38.904066,2,0.55,50.23,2,0
E4574,Ventilator,4,15.75,2025-01-14 17:52:38.904066,1,0.08,69.45,4,1
E4575,MRI,1,13.88,2024-10-04 17:52:38.904066,2,0.15,62.57,4,1
E4576,Ventilator,2,17.53,2025-03-02 17:52:38.904066,0,0.3,30.62,0,1
E4577,ECG,1,11.59,2025-05-10 17:52:38.904066,1,0.3,41.54,0,0
E4578,MRI,15,16.52,2025-04-07 17:52:38.904066,0,0.38,42.71,2,1
E4579,ECG,4,12.86,2024-09-01 17:52:38.904066,0,0.12,50.46,1,1
E4580,Ultrasound,6,13.28,2024-11-09 17:52:38.904066,1,0.49,50.59,1,1
E4581,Ultrasound,8,18.44,2024-10-05 17:52:38.904066,0,0.64,37.49,3,1
E4582,Ultrasound,3,17.23,2024-12-14 17:52:38.904066,0,0.31,68.57,2,1
E4583,Ultrasound,5,1.4,2025-04-12 17:52:38.904066,0,0.78,47.28,2,1
E4584,Ultrasound,10,9.14,2025-01-22 17:52:38.904066,0,0.72,46.21,1,1
E4585,Ultrasound,0,14.27,2024-08-19 17:52:38.904066,1,0.28,69.13,2,1
E4586,MRI,3,11.42,2024-08-06 17:52:38.904066,0,0.11,38.56,1,1
E4587,ECG,15,6.33,2024-11-12 17:52:38.904066,2,0.25,54.31,0,1
E4588,MRI,10,17.42,2025-01-03 17:52:38.904066,0,0.11,41.23,1,1
E4589,ECG,9,9.75,2024-12-01 17:52:38.904066,0,0.72,29.13,0,1
E4590,MRI,7,16.61,2024-12-04 17:52:38.904066,2,0.5,59.2,4,1
E4591,MRI,4,2.58,2025-02-17 17:52:38.904066,1,0.18,28.59,1,0
E4592,MRI,0,18.02,2025-03-01 17:52:38.904066,1,0.08,29.23,0,1
E4593,Ultrasound,1,19.98,2024-10-22 17:52:38.904066,2,0.59,69.44,2,1
E4594,ECG,0,1.69,2025-03-29 17:52:38.904066,4,0.1,26.45,1,1
E4595,Ultrasound,2,7.16,2025-01-28 17:52:38.904066,2,0.44,20.21,3,1
E4596,MRI,6,1.23,2024-11-09 17:52:38.904066,2,0.05,52.01,1,1
E4597,Ultrasound,1,3.66,2024-11-27 17:52:38.904066,0,0.78,55.34,1,1
E4598,Ultrasound,12,15.59,2025-07-20 17:52:38.904066,0,0.56,42.29,2,1
E4599,MRI,4,11.65,2024-11-25 17:52:38.904066,0,0.51,47.81,1,1
E4600,MRI,7,11.75,2024-11-18 17:52:38.904066,2,0.29,64.69,1,1
E4601,ECG,3,13.94,2024-12-29 17:52:38.904066,0,0.21,38.75,0,1
E4602,ECG,7,19.97,2025-03-17 17:52:38.904066,2,0.23,59.88,0,1
E4603,Ultrasound,0,5.02,2025-01-22 17:52:38.904066,1,0.46,44.09,1,1
E4604,Ultrasound,13,3.34,2025-01-08 17:52:38.904066,0,0.18,20.86,3,1
E4605,Ventilator,8,3.87,2025-07-26 17:52:38.904066,1,0.74,35.37,2,1
E4606,Ventilator,0,12.92,2025-05-30 17:52:38.904066,0,0.29,59.99,0,0
E4607,MRI,4,11.26,2025-07-16 17:52:38.904066,1,0.26,29.45,1,0
E4608,MRI,2,18.78,2025-06-07 17:52:38.904066,0,0.01,49.8,0,1
E4609,Ventilator,6,1.27,2025-06-27 17:52:38.904066,1,0.71,65.09,1,1
E4610,MRI,4,16.69,2025-03-03 17:52:38.904066,0,0.69,35.84,0,1
E4611,Ultrasound,3,14.11,2025-02-07 17:52:38.904066,0,0.34,53.76,1,0
E4612,Ultrasound,3,2.76,2024-08-28 17:52:38.904066,0,0.02,47.86,5,1
E4613,MRI,0,3.8,2024-09-22 17:52:38.904066,1,0.55,64.12,1,1
E4614,MRI,11,9.06,2024-08-15 17:52:38.904066,2,0.3,22.86,1,1
E4615,ECG,4,13.65,2025-02-17 17:52:38.904066,2,0.71,42.6,1,1
E4616,Ultrasound,0,5.1,2024-08-22 17:52:38.904066,1,0.36,50.66,0,1
E4617,Ventilator,8,10.43,2025-01-03 17:52:38.904066,0,0.36,33.6,2,1
E4618,ECG,0,12.43,2024-09-07 17:52:38.904066,0,0.64,48.21,2,1
E4619,MRI,5,5.02,2024-08-24 17:52:38.904066,0,0.1,57.51,3,1
E4620,MRI,2,19.85,2025-02-21 17:52:38.904066,0,0.7,51.45,1,1
E4621,MRI,6,18.41,2024-10-22 17:52:38.904066,0,0.06,27.57,2,1
E4622,Ultrasound,5,15.06,2024-09-14 17:52:38.904066,1,0.75,51.92,0,1
E4623,MRI,9,4.48,2024-09-08 17:52:38.904066,0,0.52,27.35,1,1
E4624,MRI,1,19.45,2025-01-31 17:52:38.904066,2,0.47,67.5,3,1
E4625,Ultrasound,12,7.71,2024-10-09 17:52:38.904066,2,0.36,28.81,2,1
E4626,MRI,1,4.53,2025-05-27 17:52:38.904066,2,0.59,65.59,3,1
E4627,Ultrasound,13,15.51,2025-02-20 17:52:38.904066,0,0.23,42.01,1,1
E4628,Ultrasound,0,15.85,2025-07-12 17:52:38.904066,0,0.67,61.87,1,1
E4629,Ultrasound,7,15.6,2024-11-02 17:52:38.904066,1,0.66,48.24,2,1
E4630,MRI,0,17.85,2024-11-04 17:52:38.904066,1,0.01,32.6,0,1
E4631,MRI,4,12.17,2024-11-07 17:52:38.904066,0,0.14,27.98,0,1
E4632,ECG,6,13.05,2024-08-08 17:52:38.904066,1,0.15,50.86,0,1
E4633,ECG,10,17.65,2024-12-16 17:52:38.904066,0,0.26,39.03,1,1
E4634,Ventilator,6,17.52,2024-08-30 17:52:38.904066,0,0.47,31.47,6,1
E4635,Ventilator,1,4.37,2024-09-25 17:52:38.904066,0,0.53,27.05,2,1
E4636,Ultrasound,5,17.23,2025-06-05 17:52:38.904066,1,0.34,69.1,4,1
E4637,Ventilator,2,11.19,2025-03-02 17:52:38.904066,0,0.67,23.73,0,1
E4638,ECG,15,2.7,2025-02-14 17:52:38.904066,0,0.11,57.99,0,1
E4639,MRI,10,15.48,2025-06-15 17:52:38.904066,1,0.75,20.84,2,1
E4640,ECG,7,11.46,2025-03-30 17:52:38.904066,3,0.42,64.44,1,1
E4641,Ventilator,1,14.06,2024-08-07 17:52:38.904066,0,0.47,53.62,2,1
E4642,MRI,5,1.68,2024-12-27 17:52:38.904066,1,0.26,64.0,1,1
E4643,Ultrasound,2,4.15,2024-09-30 17:52:38.904066,1,0.03,57.2,2,1
E4644,ECG,13,0.38,2025-02-27 17:52:38.904066,0,0.1,66.98,1,1
E4645,Ventilator,6,19.38,2025-07-08 17:52:38.904066,1,0.36,46.63,1,1
E4646,ECG,13,19.91,2025-01-04 17:52:38.904066,0,0.03,55.7,0,1
E4647,Ultrasound,9,19.45,2024-08-14 17:52:38.904066,0,0.34,32.78,3,1
E4648,ECG,8,15.0,2024-10-15 17:52:38.904066,1,0.72,38.63,0,1
E4649,Ventilator,8,9.84,2025-04-03 17:52:38.904066,1,0.59,49.74,4,1
E4650,MRI,9,4.02,2025-06-08 17:52:38.904066,0,0.57,57.87,0,1
E4651,MRI,7,3.24,2024-11-09 17:52:38.904066,3,0.21,49.47,2,1
E4652,Ventilator,6,3.67,2025-03-15 17:52:38.904066,3,0.78,34.01,3,1
E4653,Ultrasound,1,16.98,2024-08-11 17:52:38.904066,4,0.17,38.97,0,1
E4654,MRI,0,10.41,2025-02-26 17:52:38.904066,2,0.77,57.77,3,1
E4655,MRI,8,4.75,2025-02-25 17:52:38.904066,3,0.38,36.74,1,1
E4656,ECG,2,6.55,2025-03-17 17:52:38.904066,2,0.33,62.59,0,1
E4657,Ventilator,6,7.19,2025-08-02 17:52:38.904066,0,0.01,55.56,0,0
E4658,ECG,3,1.74,2024-12-29 17:52:38.904066,3,0.19,43.51,1,1
E4659,MRI,1,14.61,2024-10-11 17:52:38.904066,0,0.32,70.0,0,1
E4660,Ultrasound,8,15.01,2025-02-16 17:52:38.904066,0,0.03,35.61,1,0
E4661,Ultrasound,9,3.95,2024-09-07 17:52:38.904066,1,0.66,56.69,2,1
E4662,ECG,4,15.83,2025-08-03 17:52:38.904066,1,0.63,24.84,2,1
E4663,ECG,4,8.14,2025-05-17 17:52:38.904066,2,0.76,59.41,1,1
E4664,MRI,5,5.1,2025-06-10 17:52:38.904066,0,0.69,29.43,1,1
E4665,Ventilator,2,9.17,2025-04-25 17:52:38.904066,2,0.13,23.25,2,0
E4666,ECG,3,15.69,2025-06-29 17:52:38.904066,0,0.6,29.17,1,0
E4667,Ultrasound,0,19.67,2025-06-07 17:52:38.904066,0,0.51,29.55,2,1
E4668,ECG,3,19.51,2025-06-14 17:52:38.904066,1,0.58,58.6,2,1
E4669,MRI,8,9.6,2024-11-26 17:52:38.904066,1,0.47,38.64,3,1
E4670,ECG,3,13.04,2024-10-23 17:52:38.904066,1,0.1,65.58,1,1
E4671,MRI,10,5.48,2025-04-27 17:52:38.904066,2,0.25,44.39,3,1
E4672,MRI,3,2.37,2025-01-12 17:52:38.904066,1,0.08,34.9,0,1
E4673,Ventilator,1,0.16,2024-11-22 17:52:38.904066,0,0.63,67.28,2,1
E4674,ECG,8,6.74,2024-11-27 17:52:38.904066,2,0.38,55.62,1,1
E4675,Ventilator,4,17.72,2025-05-25 17:52:38.904066,0,0.11,60.87,1,1
E4676,Ventilator,6,12.22,2024-10-01 17:52:38.904066,0,0.61,26.45,2,1
E4677,Ultrasound,4,9.04,2025-02-28 17:52:38.904066,0,0.35,37.63,0,0
E4678,Ultrasound,13,13.87,2025-06-04 17:52:38.904066,0,0.14,52.75,0,1
E4679,MRI,0,4.13,2025-01-16 17:52:38.904066,0,0.73,32.39,3,1
E4680,ECG,5,12.01,2024-08-27 17:52:38.904066,0,0.66,24.08,1,1
E4681,Ventilator,7,6.19,2024-12-31 17:52:38.904066,1,0.56,26.32,0,1
E4682,ECG,0,10.86,2024-11-05 17:52:38.904066,2,0.68,35.98,3,1
E4683,Ventilator,2,5.37,2025-06-26 17:52:38.904066,0,0.14,50.94,0,0
E4684,Ultrasound,1,4.48,2025-07-02 17:52:38.904066,0,0.69,47.62,0,1
E4685,Ultrasound,5,8.92,2024-09-22 17:52:38.904066,2,0.27,68.23,1,1
E4686,Ultrasound,7,0.88,2024-10-03 17:52:38.904066,1,0.56,33.75,1,1
E4687,Ventilator,9,17.23,2025-07-26 17:52:38.904066,0,0.61,39.3,2,1
E4688,ECG,0,1.29,2025-06-30 17:52:38.904066,0,0.42,39.02,1,0
E4689,Ventilator,15,5.15,2025-02-27 17:52:38.904066,0,0.2,42.84,1,1
E4690,Ventilator,6,5.75,2025-03-16 17:52:38.904066,0,0.18,29.45,2,0
E4691,ECG,0,6.67,2025-07-27 17:52:38.904066,0,0.34,40.87,6,1
E4692,Ventilator,11,2.66,2025-06-14 17:52:38.904066,0,0.21,58.89,1,1
E4693,ECG,5,4.81,2024-08-30 17:52:38.904066,0,0.52,69.94,1,1
E4694,Ultrasound,6,19.94,2025-08-05 17:52:38.904066,0,0.7,44.01,2,1
E4695,MRI,1,17.95,2025-07-10 17:52:38.904066,3,0.07,66.22,2,1
E4696,MRI,2,11.56,2024-12-30 17:52:38.904066,0,0.7,43.17,1,1
E4697,MRI,0,2.3,2024-10-03 17:52:38.904066,0,0.14,29.44,0,1
E4698,Ventilator,7,4.31,2025-01-05 17:52:38.904066,2,0.28,61.36,2,1
E4699,MRI,5,17.47,2025-03-07 17:52:38.904066,0,0.78,35.98,3,1
E4700,MRI,7,0.02,2024-08-24 17:52:38.904066,0,0.26,35.86,1,1
E4701,MRI,9,17.5,2025-07-05 17:52:38.904066,0,0.39,25.39,1,1
E4702,Ultrasound,0,19.58,2025-05-05 17:52:38.904066,0,0.7,22.64,0,1
E4703,MRI,2,6.74,2025-05-31 17:52:38.904066,1,0.8,59.72,3,1
E4704,Ultrasound,0,9.41,2024-12-27 17:52:38.904066,0,0.22,35.13,0,1
E4705,ECG,4,18.78,2024-12-08 17:52:38.904066,1,0.22,39.34,0,1
E4706,MRI,4,14.0,2025-01-02 17:52:38.904066,1,0.19,65.26,2,1
E4707,Ventilator,5,3.46,2025-04-09 17:52:38.904066,1,0.26,28.43,1,0
E4708,Ultrasound,2,6.57,2025-05-30 17:52:38.904066,1,0.16,56.87,1,0
E4709,MRI,3,7.69,2024-08-07 17:52:38.904066,2,0.34,62.04,2,1
E4710,Ventilator,0,0.49,2025-04-03 17:52:38.904066,0,0.43,43.1,2,0
E4711,Ultrasound,0,4.48,2024-11-12 17:52:38.904066,2,0.15,23.85,3,1
E4712,ECG,5,5.32,2025-07-13 17:52:38.904066,2,0.38,51.71,1,0
E4713,ECG,0,15.57,2025-01-13 17:52:38.904066,0,0.59,28.94,1,1
E4714,Ventilator,7,15.16,2024-09-08 17:52:38.904066,0,0.29,35.7,1,1
E4715,MRI,4,1.54,2025-05-03 17:52:38.904066,2,0.6,53.02,0,0
E4716,Ultrasound,0,17.99,2025-01-13 17:52:38.904066,1,0.05,55.53,2,1
E4717,MRI,5,13.26,2024-10-25 17:52:38.904066,2,0.48,29.94,4,1
E4718,MRI,3,15.62,2024-09-14 17:52:38.904066,1,0.44,24.26,0,1
E4719,Ventilator,10,7.34,2025-02-09 17:52:38.904066,0,0.68,22.3,4,1
E4720,ECG,4,1.08,2024-11-18 17:52:38.904066,1,0.58,27.58,2,1
E4721,MRI,3,13.85,2025-01-07 17:52:38.904066,0,0.23,51.95,1,1
E4722,ECG,1,1.77,2025-07-02 17:52:38.904066,0,0.1,48.4,1,0
E4723,MRI,1,5.73,2024-10-30 17:52:38.904066,0,0.41,42.59,1,1
E4724,Ultrasound,0,11.94,2025-05-13 17:52:38.904066,2,0.72,63.08,1,1
E4725,Ventilator,6,17.68,2025-02-06 17:52:38.904066,1,0.44,37.36,2,1
E4726,ECG,10,19.94,2024-11-20 17:52:38.904066,1,0.09,41.06,2,1
E4727,Ventilator,1,6.54,2025-07-28 17:52:38.904066,1,0.79,24.37,3,1
E4728,ECG,9,10.91,2025-01-19 17:52:38.904066,1,0.31,69.63,2,1
E4729,ECG,4,11.43,2025-02-15 17:52:38.904066,1,0.05,48.67,2,0
E4730,Ultrasound,6,4.48,2024-12-19 17:52:38.904066,0,0.75,42.58,2,1
E4731,ECG,2,0.03,2025-05-17 17:52:38.904066,0,0.17,40.05,0,0
E4732,Ventilator,5,17.67,2025-05-27 17:52:38.904066,2,0.39,54.89,1,1
E4733,Ventilator,1,13.42,2024-08-17 17:52:38.904066,0,0.17,44.9,0,1
E4734,ECG,5,12.36,2025-03-17 17:52:38.904066,1,0.27,45.11,1,0
E4735,Ultrasound,0,7.54,2024-11-29 17:52:38.904066,1,0.34,29.31,4,1
E4736,Ultrasound,7,1.14,2025-01-24 17:52:38.904066,1,0.28,63.98,0,1
E4737,Ventilator,7,6.65,2024-11-13 17:52:38.904066,1,0.46,22.33,2,1
E4738,MRI,4,9.68,2025-03-20 17:52:38.904066,0,0.8,56.32,0,1
E4739,ECG,11,19.55,2024-10-13 17:52:38.904066,1,0.35,59.77,1,1
E4740,MRI,3,3.29,2025-02-07 17:52:38.904066,0,0.33,27.84,0,0
E4741,Ventilator,0,10.96,2024-10-07 17:52:38.904066,1,0.69,27.04,2,1
E4742,ECG,8,17.03,2025-04-24 17:52:38.904066,0,0.61,48.23,1,1
E4743,ECG,7,11.71,2025-05-15 17:52:38.904066,0,0.75,32.31,0,1
E4744,Ventilator,12,9.87,2024-12-06 17:52:38.904066,4,0.39,38.32,2,1
E4745,Ultrasound,7,10.55,2024-11-26 17:52:38.904066,2,0.21,64.01,3,1
E4746,ECG,13,6.73,2025-07-02 17:52:38.904066,0,0.69,38.15,0,1
E4747,MRI,6,0.07,2025-01-01 17:52:38.904066,0,0.04,33.36,1,1
E4748,Ventilator,7,17.61,2025-02-20 17:52:38.904066,0,0.04,59.03,1,1
E4749,Ventilator,6,1.68,2025-02-16 17:52:38.904066,1,0.24,22.65,2,0
E4750,Ventilator,5,1.95,2024-08-07 17:52:38.904066,0,0.54,46.92,1,1
E4751,ECG,11,6.91,2025-01-02 17:52:38.904066,1,0.2,26.41,3,1
E4752,Ventilator,5,3.15,2024-09-10 17:52:38.904066,0,0.02,49.06,0,1
E4753,Ultrasound,15,1.96,2024-09-03 17:52:38.904066,0,0.31,62.66,2,1
E4754,Ultrasound,10,0.82,2025-08-01 17:52:38.904066,1,0.33,63.14,2,1
E4755,ECG,5,14.55,2025-07-24 17:52:38.904066,0,0.77,34.14,1,1
E4756,Ultrasound,8,4.79,2024-09-22 17:52:38.904066,2,0.63,37.25,2,1
E4757,Ultrasound,6,0.58,2024-11-13 17:52:38.904066,2,0.38,42.98,5,1
E4758,Ventilator,0,13.33,2025-05-02 17:52:38.904066,2,0.78,55.74,2,1
E4759,Ultrasound,15,13.77,2025-01-08 17:52:38.904066,0,0.72,29.83,0,1
E4760,ECG,0,7.54,2025-05-22 17:52:38.904066,1,0.74,68.64,2,1
E4761,Ventilator,5,9.34,2024-12-05 17:52:38.904066,0,0.23,69.76,1,1
E4762,ECG,7,9.36,2025-07-07 17:52:38.904066,4,0.3,57.72,2,1
E4763,Ultrasound,0,4.63,2024-10-02 17:52:38.904066,0,0.49,33.48,0,1
E4764,ECG,11,8.36,2024-09-29 17:52:38.904066,0,0.06,29.74,2,1
E4765,Ventilator,2,16.8,2025-05-13 17:52:38.904066,0,0.67,25.94,1,1
E4766,Ventilator,4,18.9,2025-06-26 17:52:38.904066,2,0.47,29.28,1,1
E4767,ECG,4,10.27,2024-10-29 17:52:38.904066,0,0.2,59.12,3,1
E4768,ECG,8,4.76,2025-02-26 17:52:38.904066,1,0.45,62.93,0,1
E4769,ECG,0,17.28,2025-03-04 17:52:38.904066,0,0.59,65.65,2,1
E4770,MRI,0,15.6,2025-04-24 17:52:38.904066,0,0.01,35.27,4,1
E4771,MRI,8,9.07,2025-04-21 17:52:38.904066,1,0.14,47.56,1,0
E4772,Ventilator,10,16.27,2025-04-10 17:52:38.904066,0,0.59,65.22,0,1
E4773,Ultrasound,6,14.43,2024-09-21 17:52:38.904066,2,0.61,54.07,3,1
E4774,ECG,2,1.81,2024-12-19 17:52:38.904066,1,0.77,41.41,3,1
E4775,ECG,6,0.65,2025-03-24 17:52:38.904066,0,0.62,32.8,1,1
E4776,ECG,4,4.09,2025-03-06 17:52:38.904066,3,0.7,35.34,3,1
E4777,Ultrasound,3,5.94,2024-10-21 17:52:38.904066,2,0.76,56.48,2,1
E4778,MRI,2,8.05,2024-08-25 17:52:38.904066,0,0.08,45.81,3,1
E4779,Ventilator,3,7.45,2025-08-04 17:52:38.904066,1,0.3,40.85,1,0
E4780,Ventilator,9,10.0,2024-12-23 17:52:38.904066,0,0.09,40.3,1,1
E4781,ECG,0,11.48,2024-09-28 17:52:38.904066,1,0.05,23.75,2,1
E4782,ECG,3,12.32,2025-04-13 17:52:38.904066,1,0.24,66.36,3,1
E4783,MRI,5,0.42,2025-05-14 17:52:38.904066,0,0.64,66.5,1,1
E4784,Ventilator,4,8.83,2025-02-09 17:52:38.904066,1,0.03,36.05,1,0
E4785,ECG,5,13.03,2024-11-08 17:52:38.904066,0,0.43,21.64,0,1
E4786,Ultrasound,4,17.58,2025-06-10 17:52:38.904066,1,0.11,65.75,2,1
E4787,ECG,5,17.22,2025-05-10 17:52:38.904066,0,0.36,64.22,1,1
E4788,MRI,0,18.03,2025-06-09 17:52:38.904066,0,0.2,41.01,4,1
E4789,MRI,5,4.01,2025-02-18 17:52:38.904066,0,0.52,20.3,3,0
E4790,MRI,8,14.13,2025-05-12 17:52:38.904066,0,0.05,61.07,2,1
E4791,Ventilator,7,1.13,2024-09-24 17:52:38.904066,3,0.48,23.3,3,1
E4792,MRI,13,19.61,2024-08-22 17:52:38.904066,1,0.09,49.44,3,1
E4793,ECG,6,10.72,2024-12-12 17:52:38.904066,0,0.63,40.33,5,1
E4794,Ventilator,5,17.33,2025-05-03 17:52:38.904066,1,0.58,61.68,0,1
E4795,Ventilator,6,0.53,2025-05-12 17:52:38.904066,2,0.75,30.15,1,1
E4796,Ultrasound,0,3.48,2024-09-17 17:52:38.904066,0,0.64,42.42,2,1
E4797,MRI,6,10.93,2025-05-06 17:52:38.904066,0,0.39,41.56,1,0
E4798,Ventilator,13,15.97,2025-02-05 17:52:38.904066,0,0.49,64.96,0,1
E4799,Ventilator,8,1.87,2025-03-06 17:52:38.904066,3,0.39,52.82,0,1
E4800,ECG,8,15.79,2024-10-10 17:52:38.904066,0,0.53,65.01,2,1
E4801,Ventilator,3,17.53,2024-09-26 17:52:38.904066,0,0.38,66.5,2,1
E4802,ECG,8,11.68,2025-06-10 17:52:38.904066,0,0.06,56.61,1,0
E4803,Ventilator,1,19.57,2025-04-29 17:52:38.904066,0,0.56,25.7,1,1
E4804,Ventilator,8,0.86,2024-08-23 17:52:38.904066,0,0.36,49.91,4,1
E4805,Ventilator,0,7.72,2024-09-25 17:52:38.904066,1,0.59,41.22,2,1
E4806,Ultrasound,8,12.63,2024-10-01 17:52:38.904066,0,0.23,68.11,3,1
E4807,ECG,13,2.94,2024-10-23 17:52:38.904066,0,0.18,41.14,2,1
E4808,MRI,9,17.87,2025-03-24 17:52:38.904066,0,0.27,20.51,0,1
E4809,MRI,8,9.78,2025-03-13 17:52:38.904066,3,0.61,61.2,1,1
E4810,Ventilator,14,5.9,2025-03-25 17:52:38.904066,1,0.76,62.18,2,1
E4811,ECG,2,4.67,2025-05-04 17:52:38.904066,2,0.62,52.7,2,1
E4812,Ventilator,0,17.88,2024-12-23 17:52:38.904066,3,0.56,28.92,3,1
E4813,Ultrasound,1,3.8,2024-11-15 17:52:38.904066,1,0.29,39.91,4,1
E4814,Ultrasound,7,5.42,2025-03-16 17:52:38.904066,1,0.55,35.65,0,0
E4815,Ventilator,15,14.13,2025-07-25 17:52:38.904066,0,0.74,33.7,0,1
E4816,MRI,4,9.42,2025-06-20 17:52:38.904066,1,0.01,53.83,2,0
E4817,MRI,7,18.2,2025-03-24 17:52:38.904066,0,0.73,44.99,1,1
E4818,Ventilator,0,15.13,2024-11-24 17:52:38.904066,2,0.03,46.26,1,1
E4819,ECG,7,8.97,2024-08-10 17:52:38.904066,0,0.08,41.83,2,1
E4820,Ventilator,4,3.86,2024-11-23 17:52:38.904066,0,0.36,28.82,2,1
E4821,MRI,5,18.51,2025-02-10 17:52:38.904066,1,0.74,54.95,2,1
E4822,ECG,5,9.23,2025-01-05 17:52:38.904066,1,0.56,55.26,1,1
E4823,ECG,4,14.83,2024-09-10 17:52:38.904066,0,0.06,41.47,1,1
E4824,Ventilator,7,2.33,2024-11-22 17:52:38.904066,0,0.66,25.32,2,1
E4825,ECG,5,18.45,2024-12-25 17:52:38.904066,1,0.02,32.02,1,1
E4826,Ultrasound,3,19.92,2024-12-06 17:52:38.904066,0,0.12,42.46,1,1
E4827,MRI,4,12.92,2025-07-19 17:52:38.904066,1,0.54,42.89,0,0
E4828,Ultrasound,5,10.81,2025-04-30 17:52:38.904066,2,0.08,36.71,1,0
E4829,Ultrasound,4,7.76,2024-09-13 17:52:38.904066,2,0.19,29.99,1,1
E4830,Ultrasound,5,16.96,2024-12-16 17:52:38.904066,3,0.23,46.66,1,1
E4831,Ventilator,7,11.25,2025-02-28 17:52:38.904066,0,0.04,38.82,1,0
E4832,Ventilator,9,7.03,2024-11-19 17:52:38.904066,0,0.28,46.98,2,1
E4833,Ultrasound,12,9.35,2025-06-30 17:52:38.904066,1,0.33,63.07,2,1
E4834,Ultrasound,8,11.82,2025-03-31 17:52:38.904066,0,0.02,27.72,3,0
E4835,ECG,5,0.97,2024-11-03 17:52:38.904066,2,0.08,35.04,3,1
E4836,Ventilator,8,5.99,2025-05-31 17:52:38.904066,1,0.7,33.06,0,1
E4837,Ultrasound,12,14.87,2025-05-16 17:52:38.904066,0,0.32,36.7,3,1
E4838,ECG,0,11.24,2024-09-11 17:52:38.904066,1,0.63,22.62,4,1
E4839,Ultrasound,4,1.36,2024-11-13 17:52:38.904066,0,0.33,53.74,1,1
E4840,Ultrasound,3,14.87,2025-01-07 17:52:38.904066,2,0.58,23.13,0,1
E4841,ECG,0,0.49,2024-08-10 17:52:38.904066,0,0.11,25.82,3,1
E4842,Ventilator,6,3.96,2024-09-28 17:52:38.904066,1,0.05,35.17,0,1
E4843,Ventilator,7,6.24,2024-10-04 17:52:38.904066,1,0.51,66.87,0,1
E4844,ECG,8,15.97,2025-05-16 17:52:38.904066,0,0.6,36.61,3,0
E4845,ECG,3,3.32,2025-02-08 17:52:38.904066,1,0.5,28.25,0,0
E4846,Ultrasound,9,11.74,2024-10-27 17:52:38.904066,0,0.22,46.06,2,1
E4847,Ultrasound,9,14.78,2024-08-24 17:52:38.904066,0,0.11,68.85,1,1
E4848,Ultrasound,9,1.13,2024-09-24 17:52:38.904066,1,0.06,23.41,0,1
E4849,Ultrasound,9,6.5,2024-11-13 17:52:38.904066,0,0.56,67.0,1,1
E4850,MRI,4,19.0,2024-08-14 17:52:38.904066,1,0.36,50.8,1,1
E4851,ECG,7,2.53,2025-06-22 17:52:38.904066,1,0.62,53.46,1,1
E4852,Ultrasound,4,11.69,2025-02-19 17:52:38.904066,0,0.33,52.78,4,1
E4853,Ultrasound,3,10.25,2025-03-24 17:52:38.904066,0,0.61,33.3,1,1
E4854,Ultrasound,0,19.35,2024-11-06 17:52:38.904066,0,0.37,40.65,4,1
E4855,ECG,0,2.01,2025-01-03 17:52:38.904066,0,0.2,38.51,1,1
E4856,ECG,4,17.99,2024-11-01 17:52:38.904066,0,0.63,58.01,1,1
E4857,MRI,4,17.67,2025-02-13 17:52:38.904066,0,0.36,29.31,1,1
E4858,Ultrasound,10,9.81,2025-05-02 17:52:38.904066,1,0.34,21.17,1,1
E4859,MRI,2,17.26,2025-01-04 17:52:38.904066,0,0.65,54.5,1,1
E4860,Ventilator,1,14.38,2024-08-28 17:52:38.904066,1,0.35,20.47,2,1
E4861,Ultrasound,4,18.57,2025-03-07 17:52:38.904066,1,0.8,47.84,2,1
E4862,Ventilator,8,17.02,2024-10-09 17:52:38.904066,0,0.77,23.65,3,1
E4863,Ultrasound,0,9.9,2025-07-17 17:52:38.904066,0,0.07,57.22,3,0
E4864,Ventilator,2,16.85,2024-09-27 17:52:38.904066,0,0.17,36.06,1,1
E4865,ECG,5,9.33,2025-01-25 17:52:38.904066,2,0.06,26.12,2,1
E4866,Ultrasound,5,13.91,2025-07-24 17:52:38.904066,1,0.32,68.52,2,1
E4867,Ultrasound,0,4.37,2025-06-13 17:52:38.904066,0,0.39,22.71,2,0
E4868,Ultrasound,11,16.13,2025-06-06 17:52:38.904066,1,0.45,22.66,2,1
E4869,Ultrasound,3,1.59,2025-05-26 17:52:38.904066,0,0.69,68.05,2,1
E4870,MRI,14,9.44,2024-09-20 17:52:38.904066,1,0.72,35.03,4,1
E4871,Ultrasound,6,14.87,2025-02-04 17:52:38.904066,3,0.05,22.0,0,1
E4872,ECG,1,3.39,2025-06-23 17:52:38.904066,0,0.19,23.01,3,0
E4873,Ventilator,3,6.15,2024-10-14 17:52:38.904066,0,0.55,31.77,1,1
E4874,MRI,5,19.36,2025-04-19 17:52:38.904066,1,0.16,64.99,1,1
E4875,ECG,4,6.23,2025-06-14 17:52:38.904066,0,0.71,69.07,2,1
E4876,Ultrasound,7,2.59,2025-04-20 17:52:38.904066,1,0.69,66.77,2,1
E4877,Ultrasound,7,15.84,2025-02-20 17:52:38.904066,0,0.72,55.87,3,1
E4878,ECG,4,4.78,2025-06-12 17:52:38.904066,0,0.47,26.2,1,0
E4879,MRI,5,3.49,2024-12-20 17:52:38.904066,0,0.69,41.31,1,1
E4880,ECG,8,6.87,2025-03-19 17:52:38.904066,0,0.29,28.36,0,0
E4881,MRI,9,0.79,2025-06-13 17:52:38.904066,0,0.42,53.61,2,1
E4882,Ultrasound,8,2.5,2024-11-13 17:52:38.904066,1,0.35,34.9,1,1
E4883,Ultrasound,10,7.98,2025-06-08 17:52:38.904066,2,0.09,44.26,1,1
E4884,ECG,8,16.08,2025-01-18 17:52:38.904066,0,0.51,66.52,2,1
E4885,Ventilator,5,0.95,2024-11-29 17:52:38.904066,0,0.67,23.71,1,1
E4886,ECG,0,11.03,2025-01-09 17:52:38.904066,1,0.05,21.09,3,1
E4887,MRI,5,8.51,2025-03-14 17:52:38.904066,0,0.15,50.4,2,0
E4888,ECG,0,14.3,2024-11-28 17:52:38.904066,2,0.55,42.15,0,1
E4889,ECG,0,0.35,2024-09-16 17:52:38.904066,1,0.41,57.92,2,1
E4890,Ultrasound,11,2.56,2025-05-14 17:52:38.904066,1,0.29,42.49,3,1
E4891,MRI,1,7.15,2025-06-02 17:52:38.904066,2,0.6,29.09,3,0
E4892,Ultrasound,0,0.31,2024-11-05 17:52:38.904066,1,0.56,29.41,1,1
E4893,MRI,0,13.16,2025-06-17 17:52:38.904066,0,0.25,67.4,1,1
E4894,Ventilator,3,3.7,2025-06-28 17:52:38.904066,0,0.05,38.55,2,0
E4895,ECG,4,5.45,2024-10-08 17:52:38.904066,0,0.02,58.7,2,1
E4896,Ultrasound,0,1.31,2025-05-09 17:52:38.904066,0,0.13,44.51,1,0
E4897,Ultrasound,0,8.29,2025-07-05 17:52:38.904066,2,0.24,62.2,3,1
E4898,MRI,5,19.93,2025-08-04 17:52:38.904066,1,0.35,29.47,2,1
E4899,Ventilator,0,16.28,2024-09-07 17:52:38.904066,0,0.47,44.59,1,1
E4900,MRI,2,10.64,2024-11-08 17:52:38.904066,2,0.0,44.55,3,1
E4901,ECG,4,13.33,2025-04-26 17:52:38.904066,0,0.3,49.25,1,0
E4902,Ventilator,5,7.36,2024-09-24 17:52:38.904066,2,0.75,51.12,1,1
E4903,ECG,0,18.3,2024-09-12 17:52:38.904066,1,0.43,44.94,2,1
E4904,Ultrasound,4,6.44,2025-05-03 17:52:38.904066,1,0.18,22.72,1,0
E4905,Ventilator,3,3.8,2025-04-12 17:52:38.904066,0,0.61,53.62,2,1
E4906,Ultrasound,0,9.67,2024-08-10 17:52:38.904066,0,0.47,20.87,0,1
E4907,ECG,5,19.46,2025-02-07 17:52:38.904066,2,0.55,24.68,2,1
E4908,Ventilator,8,19.55,2025-04-03 17:52:38.904066,1,0.55,54.67,2,1
E4909,MRI,15,10.7,2025-05-17 17:52:38.904066,1,0.28,62.26,3,1
E4910,Ventilator,2,9.76,2024-12-24 17:52:38.904066,1,0.49,44.39,3,1
E4911,ECG,1,16.76,2025-07-22 17:52:38.904066,1,0.25,20.06,1,1
E4912,ECG,6,18.75,2024-12-26 17:52:38.904066,1,0.23,68.41,0,1
E4913,MRI,3,14.17,2025-04-30 17:52:38.904066,2,0.66,23.36,0,1
E4914,ECG,3,12.76,2025-03-20 17:52:38.904066,4,0.16,22.8,0,1
E4915,Ventilator,3,11.72,2024-09-01 17:52:38.904066,1,0.56,68.79,2,1
E4916,MRI,13,16.73,2024-11-05 17:52:38.904066,0,0.48,38.65,1,1
E4917,ECG,1,13.5,2025-03-20 17:52:38.904066,0,0.33,30.67,1,0
E4918,MRI,6,14.48,2024-09-29 17:52:38.904066,1,0.47,43.89,2,1
E4919,MRI,7,6.83,2025-02-23 17:52:38.904066,0,0.36,60.89,1,1
E4920,Ventilator,0,17.99,2025-06-07 17:52:38.904066,0,0.28,57.82,3,1
E4921,MRI,3,15.43,2025-05-19 17:52:38.904066,0,0.49,32.0,1,0
E4922,Ventilator,3,2.36,2025-06-12 17:52:38.904066,0,0.35,51.57,1,0
E4923,Ultrasound,3,15.51,2025-07-10 17:52:38.904066,0,0.17,32.63,3,0
E4924,Ventilator,8,1.72,2025-01-14 17:52:38.904066,1,0.3,38.39,3,1
E4925,ECG,2,12.31,2024-11-24 17:52:38.904066,0,0.09,32.82,1,1
E4926,MRI,8,14.23,2024-11-25 17:52:38.904066,1,0.41,53.69,3,1
E4927,ECG,11,16.46,2024-11-18 17:52:38.904066,0,0.31,41.2,0,1
E4928,Ventilator,4,16.54,2025-03-03 17:52:38.904066,0,0.53,61.24,1,1
E4929,Ultrasound,2,0.61,2025-05-24 17:52:38.904066,1,0.65,50.33,1,1
E4930,Ventilator,6,12.96,2025-01-29 17:52:38.904066,1,0.74,33.55,1,1
E4931,MRI,2,5.72,2025-06-02 17:52:38.904066,0,0.05,51.72,4,1
E4932,Ventilator,7,10.43,2025-01-19 17:52:38.904066,0,0.26,64.56,3,1
E4933,ECG,10,18.11,2024-10-04 17:52:38.904066,1,0.75,44.13,2,1
E4934,MRI,2,12.57,2025-01-29 17:52:38.904066,0,0.33,32.46,1,1
E4935,ECG,10,16.13,2025-02-23 17:52:38.904066,0,0.04,27.2,4,1
E4936,Ultrasound,4,17.41,2024-11-16 17:52:38.904066,1,0.19,30.3,3,1
E4937,ECG,9,7.98,2025-01-14 17:52:38.904066,1,0.62,64.5,0,1
E4938,Ultrasound,4,11.74,2025-06-19 17:52:38.904066,0,0.31,65.71,1,1
E4939,Ventilator,6,2.03,2024-10-23 17:52:38.904066,2,0.67,58.3,0,1
E4940,MRI,4,14.31,2024-08-13 17:52:38.904066,2,0.14,33.73,2,1
E4941,ECG,3,4.82,2024-08-25 17:52:38.904066,3,0.11,57.21,2,1
E4942,ECG,8,4.47,2025-02-17 17:52:38.904066,0,0.79,38.23,1,1
E4943,Ventilator,4,14.8,2025-06-02 17:52:38.904066,0,0.16,58.54,3,0
E4944,Ultrasound,7,0.29,2024-08-06 17:52:38.904066,1,0.13,24.47,2,1
E4945,ECG,6,4.73,2024-12-16 17:52:38.904066,1,0.59,43.83,1,1
E4946,ECG,2,18.09,2025-04-21 17:52:38.904066,2,0.77,25.51,3,1
E4947,ECG,10,17.36,2025-03-07 17:52:38.904066,0,0.47,23.8,0,1
E4948,ECG,1,3.64,2024-11-23 17:52:38.904066,1,0.35,37.67,3,1
E4949,Ventilator,11,15.42,2024-10-29 17:52:38.904066,4,0.57,69.97,3,1
E4950,MRI,5,0.03,2025-05-18 17:52:38.904066,0,0.1,50.49,1,0
E4951,ECG,6,5.84,2025-04-10 17:52:38.904066,0,0.55,58.87,1,0
E4952,Ultrasound,6,3.98,2024-10-11 17:52:38.904066,1,0.24,27.95,2,1
E4953,Ultrasound,11,8.01,2025-08-02 17:52:38.904066,1,0.69,56.74,2,1
E4954,Ventilator,6,11.5,2024-08-22 17:52:38.904066,0,0.63,30.01,0,1
E4955,Ultrasound,4,1.26,2025-05-22 17:52:38.904066,0,0.67,34.14,1,1
E4956,Ultrasound,9,10.3,2024-08-11 17:52:38.904066,1,0.31,47.2,1,1
E4957,Ventilator,2,0.73,2024-09-28 17:52:38.904066,0,0.58,24.52,1,1
E4958,Ventilator,8,16.97,2025-05-27 17:52:38.904066,0,0.23,48.02,2,1
E4959,Ventilator,3,4.76,2024-09-18 17:52:38.904066,0,0.74,28.05,0,1
E4960,Ventilator,1,14.86,2025-01-10 17:52:38.904066,0,0.15,22.06,0,1
E4961,Ultrasound,7,13.5,2024-09-14 17:52:38.904066,2,0.68,30.69,0,1
E4962,Ultrasound,1,16.67,2024-11-20 17:52:38.904066,1,0.32,26.6,2,1
E4963,Ventilator,0,8.09,2024-08-09 17:52:38.904066,0,0.51,52.65,1,1
E4964,ECG,5,3.45,2025-06-27 17:52:38.904066,1,0.25,22.46,4,1
E4965,Ventilator,4,0.17,2025-02-02 17:52:38.904066,2,0.77,58.12,3,1
E4966,Ultrasound,10,11.18,2025-05-11 17:52:38.904066,0,0.75,55.42,4,1
E4967,Ultrasound,6,5.76,2025-06-12 17:52:38.904066,0,0.4,38.87,2,0
E4968,MRI,9,5.75,2025-03-27 17:52:38.904066,1,0.38,67.09,3,1
E4969,Ventilator,1,13.72,2024-09-12 17:52:38.904066,1,0.71,60.07,1,1
E4970,MRI,4,9.29,2024-09-18 17:52:38.904066,2,0.6,46.26,1,1
E4971,Ultrasound,1,8.4,2025-01-04 17:52:38.904066,0,0.49,62.17,3,1
E4972,ECG,5,9.83,2025-03-24 17:52:38.904066,0,0.5,61.89,1,1
E4973,ECG,7,11.23,2025-04-06 17:52:38.904066,0,0.03,43.51,2,0
E4974,Ventilator,8,19.14,2024-12-13 17:52:38.904066,4,0.44,49.13,2,1
E4975,Ventilator,7,3.37,2025-06-26 17:52:38.904066,3,0.29,28.54,0,1
E4976,ECG,10,0.53,2024-11-21 17:52:38.904066,1,0.65,49.56,1,1
E4977,MRI,3,4.39,2024-09-16 17:52:38.904066,2,0.48,39.09,3,1
E4978,Ventilator,0,16.83,2024-10-20 17:52:38.904066,0,0.27,34.79,0,1
E4979,Ventilator,9,17.95,2025-06-07 17:52:38.904066,1,0.34,24.16,0,1
E4980,MRI,8,19.33,2024-12-10 17:52:38.904066,0,0.6,32.72,2,1
E4981,ECG,13,17.92,2024-10-15 17:52:38.904066,0,0.63,37.44,3,1
E4982,Ultrasound,4,12.84,2025-07-29 17:52:38.904066,2,0.1,31.72,1,0
E4983,Ultrasound,7,4.03,2025-03-30 17:52:38.904066,0,0.01,50.84,1,0
E4984,Ultrasound,0,3.37,2024-09-20 17:52:38.904066,3,0.11,42.51,4,1
E4985,ECG,6,15.17,2024-09-03 17:52:38.904066,1,0.61,38.19,0,1
E4986,Ultrasound,6,6.61,2025-02-27 17:52:38.904066,2,0.73,27.44,2,1
E4987,MRI,4,19.4,2024-08-08 17:52:38.904066,0,0.08,68.12,0,1
E4988,Ultrasound,4,8.2,2024-10-11 17:52:38.904066,2,0.52,32.66,0,1
E4989,MRI,14,2.01,2024-12-06 17:52:38.904066,0,0.12,60.68,2,1
E4990,MRI,1,10.08,2025-05-04 17:52:38.904066,1,0.17,42.04,3,0
E4991,Ultrasound,2,7.82,2025-07-03 17:52:38.904066,0,0.39,30.4,0,0
E4992,MRI,9,3.45,2024-11-18 17:52:38.904066,1,0.54,57.81,1,1
E4993,ECG,6,10.55,2024-10-06 17:52:38.904066,1,0.66,47.81,1,1
E4994,MRI,1,1.38,2024-11-04 17:52:38.904066,1,0.21,67.22,1,1
E4995,ECG,15,15.54,2025-04-09 17:52:38.904066,0,0.21,44.05,0,1
E4996,Ultrasound,5,14.57,2024-09-15 17:52:38.904066,0,0.42,37.84,2,1
E4997,Ventilator,9,1.98,2025-02-11 17:52:38.904066,1,0.59,56.14,1,1
E4998,MRI,4,12.93,2024-12-11 17:52:38.904066,1,0.29,68.61,1,1
E4999,MRI,1,1.56,2025-05-30 17:52:38.904066,1,0.41,25.95,0,0
E5000,ECG,12,0.67,2025-06-16 17:52:38.904066,0,0.57,32.85,1,1
E5001,ECG,3,16.15,2025-05-27 17:52:38.904066,1,0.17,38.13,3,1
E5002,Ventilator,9,12.88,2024-08-31 17:52:38.904066,0,0.39,53.33,0,1
E5003,Ultrasound,7,2.78,2025-05-04 17:52:38.904066,0,0.07,58.4,1,0
E5004,Ventilator,4,6.28,2025-04-04 17:52:38.904066,0,0.6,49.0,2,0
E5005,ECG,4,6.65,2024-12-17 17:52:38.904066,1,0.24,37.35,0,1
E5006,Ultrasound,0,7.61,2024-11-16 17:52:38.904066,0,0.52,30.64,1,1
E5007,MRI,7,10.18,2025-07-26 17:52:38.904066,1,0.57,65.65,4,1
E5008,Ultrasound,5,1.23,2024-11-03 17:52:38.904066,0,0.21,21.3,1,1
E5009,Ventilator,11,12.23,2024-11-29 17:52:38.904066,0,0.07,49.35,1,1
E5010,Ventilator,10,14.03,2025-05-27 17:52:38.904066,2,0.28,24.56,2,1
E5011,Ventilator,7,18.29,2025-04-12 17:52:38.904066,0,0.63,64.3,1,1
E5012,Ventilator,8,8.98,2024-12-27 17:52:38.904066,0,0.14,57.21,0,1
E5013,ECG,0,19.56,2025-07-17 17:52:38.904066,0,0.14,29.85,2,1
E5014,ECG,0,15.78,2025-02-03 17:52:38.904066,0,0.3,46.82,1,1
E5015,ECG,14,0.48,2024-12-31 17:52:38.904066,0,0.07,26.02,3,1
E5016,MRI,7,5.1,2025-03-18 17:52:38.904066,0,0.53,45.63,0,0
E5017,Ventilator,1,10.87,2025-03-30 17:52:38.904066,2,0.71,66.52,1,1
E5018,ECG,8,16.91,2025-08-01 17:52:38.904066,0,0.59,57.62,0,1
E5019,MRI,3,19.9,2024-09-30 17:52:38.904066,0,0.26,53.4,2,1
E5020,MRI,6,3.82,2025-05-18 17:52:38.904066,2,0.58,25.42,2,0
E5021,Ventilator,8,8.47,2024-09-01 17:52:38.904066,0,0.42,52.58,1,1
E5022,ECG,5,8.31,2025-05-23 17:52:38.904066,2,0.14,47.0,3,0
E5023,MRI,4,16.2,2025-06-29 17:52:38.904066,1,0.58,23.73,0,1
E5024,Ventilator,6,3.12,2025-02-21 17:52:38.904066,0,0.54,59.05,1,0
E5025,ECG,7,19.11,2025-06-28 17:52:38.904066,2,0.13,40.29,1,1
E5026,MRI,9,13.94,2024-11-18 17:52:38.904066,0,0.69,27.09,2,1
E5027,Ultrasound,0,18.73,2025-06-10 17:52:38.904066,1,0.05,49.32,0,1
E5028,MRI,11,2.95,2025-06-09 17:52:38.904066,0,0.48,29.06,2,1
E5029,ECG,2,1.84,2024-09-24 17:52:38.904066,1,0.38,41.59,1,1
E5030,Ventilator,0,4.18,2025-01-20 17:52:38.904066,0,0.09,30.71,2,1
E5031,Ultrasound,3,17.2,2025-03-08 17:52:38.904066,2,0.59,39.12,1,1
E5032,Ventilator,11,15.38,2025-01-24 17:52:38.904066,1,0.29,68.07,0,1
E5033,MRI,8,11.9,2025-04-18 17:52:38.904066,0,0.31,55.24,0,0
E5034,Ventilator,7,15.15,2024-08-16 17:52:38.904066,0,0.68,59.15,2,1
E5035,MRI,10,17.22,2025-04-10 17:52:38.904066,0,0.43,21.18,2,1
E5036,ECG,10,5.09,2025-02-24 17:52:38.904066,0,0.04,32.43,0,1
E5037,Ventilator,6,13.46,2025-01-29 17:52:38.904066,0,0.02,64.67,1,1
E5038,MRI,6,8.54,2024-10-13 17:52:38.904066,0,0.08,52.02,2,1
E5039,ECG,9,12.3,2025-03-05 17:52:38.904066,1,0.44,45.29,3,1
E5040,Ultrasound,3,16.32,2024-09-23 17:52:38.904066,4,0.59,26.7,1,1
E5041,MRI,7,12.08,2024-10-20 17:52:38.904066,1,0.62,68.17,1,1
E5042,ECG,6,2.68,2025-07-23 17:52:38.904066,1,0.05,43.81,1,0
E5043,ECG,4,14.04,2024-09-19 17:52:38.904066,1,0.44,68.8,3,1
E5044,MRI,5,10.16,2025-02-28 17:52:38.904066,3,0.1,43.39,1,1
E5045,Ultrasound,11,9.31,2025-02-03 17:52:38.904066,1,0.64,54.94,0,1
E5046,Ventilator,9,3.57,2025-04-30 17:52:38.904066,4,0.67,35.75,3,1
E5047,Ventilator,3,10.56,2024-10-15 17:52:38.904066,0,0.1,29.68,0,1
E5048,MRI,2,0.33,2025-02-18 17:52:38.904066,3,0.51,30.96,0,1
E5049,MRI,2,17.54,2024-09-03 17:52:38.904066,0,0.68,56.13,0,1
E5050,Ultrasound,10,0.39,2025-03-10 17:52:38.904066,2,0.76,36.27,2,1
E5051,Ultrasound,8,0.3,2024-10-03 17:52:38.904066,1,0.7,28.89,4,1
E5052,ECG,4,17.09,2024-11-23 17:52:38.904066,2,0.21,26.81,3,1
E5053,Ultrasound,1,19.95,2025-04-10 17:52:38.904066,1,0.66,57.27,2,1
E5054,MRI,6,2.06,2025-07-17 17:52:38.904066,1,0.25,36.16,3,0
E5055,ECG,8,0.13,2025-01-09 17:52:38.904066,0,0.24,29.83,0,1
E5056,Ultrasound,3,18.47,2025-04-02 17:52:38.904066,0,0.64,67.28,2,1
E5057,Ventilator,5,14.68,2024-11-15 17:52:38.904066,0,0.35,31.37,2,1
E5058,Ventilator,0,7.18,2025-05-11 17:52:38.904066,0,0.63,69.71,0,1
E5059,MRI,4,16.91,2025-06-11 17:52:38.904066,0,0.25,23.21,0,1
E5060,ECG,9,17.0,2024-08-24 17:52:38.904066,0,0.09,67.29,2,1
E5061,ECG,10,1.8,2025-04-14 17:52:38.904066,0,0.16,22.81,1,1
E5062,Ventilator,3,17.69,2025-04-13 17:52:38.904066,0,0.36,67.48,3,1
E5063,MRI,1,8.9,2024-08-11 17:52:38.904066,1,0.47,50.14,3,1
E5064,MRI,2,11.34,2025-06-05 17:52:38.904066,3,0.59,65.92,1,1
E5065,MRI,3,11.55,2025-01-08 17:52:38.904066,0,0.32,36.91,1,1
E5066,MRI,0,4.03,2024-08-25 17:52:38.904066,2,0.74,51.11,0,1
E5067,Ultrasound,0,8.08,2025-03-01 17:52:38.904066,2,0.57,67.99,2,1
E5068,MRI,7,2.16,2024-09-18 17:52:38.904066,1,0.73,55.37,1,1
E5069,ECG,10,3.7,2025-04-30 17:52:38.904066,0,0.46,31.83,0,1
E5070,Ventilator,0,6.6,2024-12-11 17:52:38.904066,2,0.22,29.49,4,1
E5071,ECG,4,0.24,2025-07-31 17:52:38.904066,1,0.59,69.98,3,1
E5072,ECG,6,9.97,2025-03-25 17:52:38.904066,0,0.38,54.03,2,0
E5073,Ultrasound,11,10.21,2024-08-14 17:52:38.904066,1,0.43,64.81,4,1
E5074,MRI,12,12.57,2025-03-05 17:52:38.904066,2,0.06,57.19,1,1
E5075,MRI,7,5.81,2024-09-01 17:52:38.904066,0,0.13,21.83,3,1
E5076,MRI,4,16.62,2025-05-23 17:52:38.904066,1,0.42,34.86,1,1
E5077,ECG,3,19.92,2025-06-04 17:52:38.904066,0,0.06,23.14,2,1
E5078,Ventilator,0,1.06,2024-11-13 17:52:38.904066,1,0.4,47.2,1,1
E5079,Ultrasound,6,17.54,2025-05-24 17:52:38.904066,3,0.52,50.21,1,1
E5080,ECG,9,5.69,2024-08-08 17:52:38.904066,1,0.79,31.91,1,1
E5081,MRI,3,6.14,2025-01-08 17:52:38.904066,1,0.41,36.75,3,1
E5082,ECG,5,3.63,2024-11-08 17:52:38.904066,0,0.49,41.59,2,1
E5083,ECG,2,4.54,2025-05-01 17:52:38.904066,1,0.72,65.07,0,1
E5084,MRI,0,16.16,2024-12-02 17:52:38.904066,1,0.79,50.97,0,1
E5085,Ventilator,6,14.82,2025-02-10 17:52:38.904066,1,0.79,63.21,1,1
E5086,Ultrasound,11,3.06,2024-11-16 17:52:38.904066,2,0.29,56.62,2,1
E5087,ECG,5,7.08,2024-12-04 17:52:38.904066,1,0.6,52.08,2,1
E5088,ECG,6,14.22,2025-07-11 17:52:38.904066,0,0.71,29.07,0,1
E5089,Ventilator,2,11.24,2024-08-23 17:52:38.904066,1,0.4,45.72,1,1
E5090,Ventilator,6,12.39,2025-04-27 17:52:38.904066,1,0.64,47.11,0,1
E5091,MRI,6,9.64,2025-07-22 17:52:38.904066,1,0.38,31.95,1,0
E5092,MRI,6,5.08,2024-11-01 17:52:38.904066,0,0.73,25.86,2,1
E5093,ECG,7,6.25,2024-08-17 17:52:38.904066,0,0.69,43.19,3,1
E5094,MRI,6,12.84,2025-06-19 17:52:38.904066,0,0.62,57.06,0,1
E5095,MRI,4,11.32,2025-06-06 17:52:38.904066,2,0.72,59.56,4,1
E5096,Ventilator,6,13.86,2025-03-07 17:52:38.904066,0,0.21,66.09,2,1
E5097,MRI,7,20.0,2024-08-28 17:52:38.904066,0,0.56,57.85,1,1
E5098,MRI,4,17.43,2025-03-20 17:52:38.904066,0,0.39,67.8,1,1
E5099,MRI,6,19.0,2024-12-23 17:52:38.904066,0,0.45,46.93,2,1
E5100,Ventilator,3,13.43,2025-03-18 17:52:38.904066,0,0.38,24.15,2,0
E5101,MRI,2,18.47,2024-08-22 17:52:38.904066,2,0.65,42.87,1,1
E5102,ECG,2,3.41,2024-10-12 17:52:38.904066,1,0.51,42.42,1,1
E5103,Ultrasound,8,13.9,2025-01-14 17:52:38.904066,2,0.24,43.14,1,1
E5104,ECG,13,0.77,2024-10-10 17:52:38.904066,0,0.72,46.64,2,1
E5105,ECG,0,2.57,2024-10-13 17:52:38.904066,0,0.72,62.31,3,1
E5106,Ultrasound,0,10.54,2024-12-31 17:52:38.904066,2,0.0,39.53,0,1
E5107,MRI,8,5.77,2024-11-10 17:52:38.904066,0,0.01,20.62,4,1
E5108,Ventilator,7,14.83,2024-10-27 17:52:38.904066,2,0.79,57.68,2,1
E5109,MRI,7,8.48,2024-12-05 17:52:38.904066,0,0.24,32.61,1,1
E5110,Ventilator,0,7.33,2025-01-12 17:52:38.904066,1,0.73,25.71,5,1
E5111,ECG,3,6.54,2025-08-04 17:52:38.904066,3,0.11,26.21,1,1
E5112,MRI,5,18.93,2025-04-27 17:52:38.904066,0,0.19,59.31,1,1
E5113,Ultrasound,5,10.11,2025-02-19 17:52:38.904066,0,0.19,47.92,0,0
E5114,Ventilator,8,19.77,2025-02-04 17:52:38.904066,0,0.16,41.68,5,1
E5115,MRI,6,3.64,2025-06-20 17:52:38.904066,2,0.63,33.57,4,1
E5116,ECG,3,17.69,2024-11-12 17:52:38.904066,0,0.34,26.29,2,1
E5117,Ultrasound,2,11.13,2025-05-25 17:52:38.904066,2,0.62,69.64,1,1
E5118,Ventilator,2,8.21,2025-05-30 17:52:38.904066,0,0.15,68.99,1,1
E5119,Ultrasound,4,16.84,2025-01-03 17:52:38.904066,0,0.67,59.05,0,1
E5120,MRI,4,12.78,2025-02-06 17:52:38.904066,0,0.08,68.57,2,1
E5121,MRI,4,19.41,2024-10-12 17:52:38.904066,1,0.24,57.2,3,1
E5122,Ventilator,12,16.58,2025-04-13 17:52:38.904066,2,0.56,53.48,2,1
E5123,Ventilator,10,9.79,2025-03-02 17:52:38.904066,1,0.28,61.44,1,1
E5124,Ventilator,5,2.9,2025-05-30 17:52:38.904066,0,0.23,37.97,3,0
E5125,ECG,4,0.3,2024-12-11 17:52:38.904066,0,0.48,35.16,2,1
E5126,MRI,1,5.68,2024-09-02 17:52:38.904066,2,0.62,36.67,3,1
E5127,Ventilator,10,12.6,2024-12-07 17:52:38.904066,1,0.53,47.13,1,1
E5128,Ventilator,6,10.79,2025-05-26 17:52:38.904066,3,0.17,67.29,4,1
E5129,ECG,4,17.37,2025-04-02 17:52:38.904066,3,0.09,56.78,1,1
E5130,MRI,2,0.16,2024-11-30 17:52:38.904066,0,0.25,21.8,1,1
E5131,Ultrasound,8,14.09,2025-01-15 17:52:38.904066,1,0.06,30.5,2,1
E5132,MRI,0,9.61,2024-10-18 17:52:38.904066,1,0.41,43.99,4,1
E5133,MRI,4,6.71,2025-03-02 17:52:38.904066,2,0.51,40.05,2,0
E5134,Ventilator,1,11.03,2025-01-21 17:52:38.904066,1,0.39,34.77,1,1
E5135,ECG,3,16.73,2024-11-04 17:52:38.904066,0,0.43,41.81,2,1
E5136,MRI,5,12.89,2025-08-03 17:52:38.904066,0,0.25,52.09,1,0
E5137,ECG,8,11.45,2024-10-29 17:52:38.904066,0,0.33,35.48,4,1
E5138,ECG,5,15.51,2025-03-15 17:52:38.904066,0,0.72,47.05,3,1
E5139,Ultrasound,0,15.76,2024-08-27 17:52:38.904066,1,0.62,48.64,2,1
E5140,Ventilator,7,14.54,2025-03-29 17:52:38.904066,1,0.33,32.92,0,0
E5141,Ventilator,4,10.56,2025-03-30 17:52:38.904066,0,0.54,43.3,2,0
E5142,Ventilator,5,6.33,2025-07-11 17:52:38.904066,2,0.38,46.73,2,0
E5143,Ventilator,4,18.04,2024-12-15 17:52:38.904066,0,0.56,51.89,3,1
E5144,MRI,9,7.97,2024-09-10 17:52:38.904066,0,0.18,46.25,4,1
E5145,Ultrasound,6,12.7,2025-03-11 17:52:38.904066,1,0.78,64.25,3,1
E5146,MRI,8,1.04,2024-08-12 17:52:38.904066,3,0.74,44.69,4,1
E5147,Ventilator,4,9.64,2025-07-29 17:52:38.904066,1,0.5,66.05,0,1
E5148,Ventilator,9,15.8,2025-01-20 17:52:38.904066,1,0.01,22.48,2,1
E5149,Ultrasound,0,17.42,2024-08-07 17:52:38.904066,1,0.15,34.54,2,1
E5150,ECG,7,4.65,2024-09-07 17:52:38.904066,0,0.58,51.35,1,1
E5151,Ventilator,0,0.85,2025-07-29 17:52:38.904066,0,0.08,35.3,0,0
E5152,Ventilator,4,17.9,2025-07-10 17:52:38.904066,1,0.16,29.16,4,1
E5153,MRI,0,10.36,2025-06-05 17:52:38.904066,2,0.18,69.11,2,1
E5154,Ventilator,3,11.1,2025-04-15 17:52:38.904066,1,0.57,64.18,2,1
E5155,Ventilator,2,4.46,2025-01-09 17:52:38.904066,0,0.31,43.49,0,1
E5156,Ventilator,15,17.71,2025-08-01 17:52:38.904066,0,0.73,37.61,2,1
E5157,Ultrasound,5,11.81,2025-07-14 17:52:38.904066,1,0.57,33.76,5,1
E5158,ECG,11,3.1,2025-08-02 17:52:38.904066,1,0.39,54.11,0,1
E5159,Ultrasound,2,6.42,2024-08-20 17:52:38.904066,1,0.59,44.1,0,1
E5160,Ultrasound,10,15.34,2025-07-20 17:52:38.904066,5,0.42,27.46,2,1
E5161,Ventilator,2,12.96,2024-10-26 17:52:38.904066,3,0.35,43.55,0,1
E5162,ECG,3,4.29,2025-04-02 17:52:38.904066,2,0.15,51.35,3,0
E5163,Ventilator,11,3.22,2025-07-29 17:52:38.904066,1,0.43,32.37,3,1
E5164,Ventilator,2,17.2,2025-02-18 17:52:38.904066,3,0.38,24.62,3,1
E5165,Ultrasound,4,13.45,2024-09-26 17:52:38.904066,1,0.76,41.38,3,1
E5166,Ultrasound,4,8.06,2025-03-17 17:52:38.904066,0,0.27,63.07,3,1
E5167,Ventilator,8,13.13,2024-10-14 17:52:38.904066,0,0.12,57.48,1,1
E5168,Ultrasound,10,18.13,2024-11-27 17:52:38.904066,2,0.5,38.68,2,1
E5169,Ventilator,7,7.33,2024-10-01 17:52:38.904066,1,0.2,27.75,1,1
E5170,Ventilator,7,6.28,2024-11-18 17:52:38.904066,2,0.63,21.98,2,1
E5171,ECG,5,1.88,2024-09-16 17:52:38.904066,2,0.64,65.92,2,1
E5172,MRI,3,6.55,2024-08-26 17:52:38.904066,1,0.47,46.02,0,1
E5173,Ventilator,13,11.46,2025-02-28 17:52:38.904066,0,0.23,47.17,4,1
E5174,Ultrasound,9,2.53,2024-08-16 17:52:38.904066,0,0.24,20.57,3,1
E5175,ECG,2,19.73,2024-12-11 17:52:38.904066,0,0.8,46.05,0,1
E5176,ECG,3,9.36,2025-08-05 17:52:38.904066,0,0.33,39.87,1,0
E5177,Ventilator,1,3.45,2025-01-05 17:52:38.904066,2,0.6,24.9,1,1
E5178,Ventilator,8,6.63,2025-03-19 17:52:38.904066,1,0.71,34.76,1,1
E5179,MRI,9,13.48,2025-05-21 17:52:38.904066,3,0.24,35.95,2,1
E5180,Ventilator,0,10.73,2025-03-28 17:52:38.904066,1,0.44,30.01,0,0
E5181,Ultrasound,3,13.31,2024-10-27 17:52:38.904066,0,0.02,52.8,1,1
E5182,ECG,0,16.94,2025-01-18 17:52:38.904066,1,0.65,55.77,2,1
E5183,Ventilator,8,4.85,2024-08-18 17:52:38.904066,3,0.55,26.13,3,1
E5184,Ventilator,7,5.78,2025-07-11 17:52:38.904066,0,0.07,27.93,0,0
E5185,ECG,4,9.8,2024-11-10 17:52:38.904066,1,0.08,68.79,2,1
E5186,Ventilator,6,4.93,2025-03-17 17:52:38.904066,0,0.56,64.55,2,1
E5187,ECG,5,6.19,2025-02-02 17:52:38.904066,2,0.26,69.93,0,1
E5188,Ventilator,9,4.37,2025-07-25 17:52:38.904066,0,0.56,25.3,2,1
E5189,Ultrasound,6,9.6,2025-01-10 17:52:38.904066,1,0.36,45.72,3,1
E5190,Ventilator,6,4.02,2024-11-21 17:52:38.904066,1,0.27,25.19,1,1
E5191,ECG,8,9.19,2024-09-13 17:52:38.904066,0,0.16,26.16,1,1
E5192,MRI,5,6.66,2024-10-25 17:52:38.904066,2,0.78,29.24,0,1
E5193,ECG,0,2.78,2025-05-12 17:52:38.904066,2,0.68,40.83,3,1
E5194,Ventilator,3,3.14,2025-05-01 17:52:38.904066,2,0.61,34.74,3,1
E5195,Ventilator,2,12.5,2025-04-14 17:52:38.904066,0,0.77,62.33,2,1
E5196,ECG,12,11.52,2024-10-25 17:52:38.904066,1,0.24,32.99,4,1
E5197,MRI,1,8.56,2025-06-11 17:52:38.904066,0,0.3,50.46,1,0
E5198,Ultrasound,14,9.26,2025-04-30 17:52:38.904066,0,0.19,36.27,3,1
E5199,Ventilator,2,9.18,2025-07-25 17:52:38.904066,1,0.66,31.43,1,1
E5200,Ultrasound,7,4.32,2024-12-11 17:52:38.904066,1,0.4,52.14,2,1
E5201,Ventilator,3,7.43,2025-06-20 17:52:38.904066,0,0.36,52.94,1,0
E5202,MRI,1,9.18,2024-09-23 17:52:38.904066,1,0.41,25.69,2,1
E5203,MRI,0,19.11,2025-04-13 17:52:38.904066,0,0.36,42.77,0,1
E5204,Ventilator,10,15.76,2024-08-29 17:52:38.904066,0,0.32,66.11,0,1
E5205,Ultrasound,10,0.23,2025-03-25 17:52:38.904066,2,0.45,43.11,0,1
E5206,Ultrasound,4,7.61,2024-10-29 17:52:38.904066,1,0.4,43.41,1,1
E5207,ECG,5,18.76,2025-04-08 17:52:38.904066,2,0.18,22.75,0,1
E5208,ECG,0,16.32,2024-08-26 17:52:38.904066,2,0.38,30.25,2,1
E5209,Ultrasound,3,6.41,2024-12-05 17:52:38.904066,0,0.3,24.77,0,1
E5210,Ventilator,4,17.25,2024-11-20 17:52:38.904066,1,0.36,51.67,1,1
E5211,Ultrasound,4,8.33,2024-12-31 17:52:38.904066,1,0.05,40.48,1,1
E5212,Ultrasound,1,7.5,2025-03-25 17:52:38.904066,0,0.04,37.25,2,0
E5213,Ultrasound,1,14.62,2025-01-30 17:52:38.904066,1,0.12,59.8,0,1
E5214,Ultrasound,3,18.05,2024-10-11 17:52:38.904066,1,0.64,35.06,2,1
E5215,ECG,2,19.85,2025-02-15 17:52:38.904066,0,0.0,31.45,2,1
E5216,MRI,7,15.0,2025-05-16 17:52:38.904066,1,0.24,33.47,0,0
E5217,MRI,13,7.19,2025-02-01 17:52:38.904066,1,0.06,59.52,2,1
E5218,Ultrasound,3,18.95,2024-10-25 17:52:38.904066,0,0.61,29.1,0,1
E5219,ECG,11,14.78,2025-05-03 17:52:38.904066,0,0.48,60.63,1,1
E5220,MRI,7,0.56,2025-02-16 17:52:38.904066,0,0.47,45.2,1,0
E5221,Ultrasound,6,7.36,2024-08-30 17:52:38.904066,3,0.02,50.62,1,1
E5222,Ventilator,3,17.84,2024-08-26 17:52:38.904066,2,0.2,48.33,0,1
E5223,Ventilator,15,4.29,2025-06-21 17:52:38.904066,2,0.29,21.5,3,1
E5224,ECG,0,17.28,2024-08-14 17:52:38.904066,0,0.64,44.81,0,1
E5225,Ultrasound,3,10.94,2024-08-12 17:52:38.904066,0,0.51,28.3,1,1
E5226,Ventilator,9,12.53,2025-06-21 17:52:38.904066,0,0.07,28.77,0,1
E5227,MRI,0,19.25,2025-07-16 17:52:38.904066,1,0.6,27.51,2,1
E5228,ECG,9,1.65,2025-05-25 17:52:38.904066,0,0.66,51.66,2,1
E5229,ECG,5,8.82,2025-01-08 17:52:38.904066,0,0.79,21.43,0,1
E5230,Ultrasound,9,8.37,2025-04-03 17:52:38.904066,1,0.43,66.97,3,1
E5231,ECG,3,7.98,2025-05-10 17:52:38.904066,0,0.32,41.73,2,0
E5232,Ventilator,3,8.17,2024-10-27 17:52:38.904066,1,0.77,61.52,3,1
E5233,Ventilator,0,0.92,2025-07-15 17:52:38.904066,0,0.31,42.63,0,0
E5234,ECG,7,19.82,2025-01-02 17:52:38.904066,0,0.42,55.73,1,1
E5235,Ultrasound,10,7.55,2025-04-15 17:52:38.904066,1,0.72,54.7,1,1
E5236,ECG,15,1.74,2025-05-13 17:52:38.904066,1,0.41,45.23,1,1
E5237,ECG,0,5.92,2025-07-29 17:52:38.904066,1,0.59,62.01,2,1
E5238,ECG,4,12.06,2025-04-01 17:52:38.904066,0,0.44,59.84,3,0
E5239,Ventilator,3,1.26,2024-12-10 17:52:38.904066,0,0.49,69.6,0,1
E5240,ECG,7,18.05,2025-02-08 17:52:38.904066,0,0.53,56.58,3,1
E5241,Ventilator,10,14.39,2025-07-14 17:52:38.904066,1,0.35,58.58,1,1
E5242,MRI,6,9.77,2025-03-31 17:52:38.904066,1,0.17,48.3,1,0
E5243,Ultrasound,0,15.49,2025-06-03 17:52:38.904066,2,0.61,64.83,2,1
E5244,ECG,1,6.41,2025-06-03 17:52:38.904066,0,0.64,49.59,1,1
E5245,ECG,1,19.15,2024-10-03 17:52:38.904066,0,0.68,50.24,2,1
E5246,MRI,6,18.61,2025-01-13 17:52:38.904066,0,0.03,58.14,0,1
E5247,Ventilator,5,14.75,2025-02-14 17:52:38.904066,0,0.39,31.55,0,0
E5248,MRI,0,15.38,2025-04-20 17:52:38.904066,1,0.62,46.25,0,1
E5249,Ultrasound,4,11.99,2024-09-20 17:52:38.904066,0,0.07,33.77,2,1
E5250,ECG,9,0.8,2025-04-21 17:52:38.904066,1,0.74,43.92,1,1
E5251,MRI,4,16.42,2025-05-09 17:52:38.904066,0,0.11,66.66,0,1
E5252,Ventilator,3,11.44,2024-12-13 17:52:38.904066,1,0.57,34.7,2,1
E5253,MRI,7,17.41,2025-02-10 17:52:38.904066,3,0.44,20.18,1,1
E5254,ECG,7,13.19,2025-04-09 17:52:38.904066,0,0.07,41.93,2,0
E5255,ECG,1,4.42,2025-06-30 17:52:38.904066,0,0.64,48.17,3,1
E5256,MRI,7,7.8,2024-08-18 17:52:38.904066,0,0.17,57.46,2,1
E5257,ECG,0,11.65,2024-12-05 17:52:38.904066,0,0.66,44.87,2,1
E5258,MRI,5,7.07,2024-10-25 17:52:38.904066,0,0.14,56.77,2,1
E5259,MRI,8,1.79,2024-10-14 17:52:38.904066,0,0.8,53.63,2,1
E5260,Ultrasound,14,11.17,2024-12-01 17:52:38.904066,2,0.64,53.89,4,1
E5261,MRI,1,8.72,2025-04-15 17:52:38.904066,1,0.26,56.76,3,0
E5262,Ultrasound,0,8.72,2025-04-12 17:52:38.904066,1,0.29,38.06,1,0
E5263,Ventilator,9,15.83,2024-09-23 17:52:38.904066,1,0.57,63.09,1,1
E5264,ECG,5,19.0,2024-09-26 17:52:38.904066,0,0.59,49.11,0,1
E5265,Ventilator,6,14.87,2024-10-21 17:52:38.904066,2,0.31,28.95,1,1
E5266,MRI,3,13.92,2024-11-10 17:52:38.904066,1,0.66,21.99,1,1
E5267,Ventilator,10,17.59,2025-02-13 17:52:38.904066,1,0.13,67.17,0,1
E5268,Ultrasound,9,4.13,2025-05-28 17:52:38.904066,0,0.74,34.82,2,1
E5269,MRI,4,5.48,2024-09-18 17:52:38.904066,0,0.47,46.03,2,1
E5270,ECG,8,5.61,2025-04-08 17:52:38.904066,0,0.53,53.41,2,0
E5271,Ventilator,11,6.1,2024-09-14 17:52:38.904066,1,0.25,20.72,1,1
E5272,MRI,4,15.4,2024-11-20 17:52:38.904066,1,0.46,37.47,1,1
E5273,ECG,5,3.99,2024-08-17 17:52:38.904066,0,0.03,52.3,5,1
E5274,ECG,2,10.08,2025-01-10 17:52:38.904066,0,0.46,68.8,0,1
E5275,Ultrasound,8,10.22,2024-12-17 17:52:38.904066,1,0.72,68.49,4,1
E5276,ECG,10,11.72,2025-04-08 17:52:38.904066,1,0.24,31.93,2,1
E5277,Ultrasound,0,6.64,2025-02-28 17:52:38.904066,1,0.26,64.16,0,1
E5278,Ventilator,10,14.91,2024-12-22 17:52:38.904066,0,0.4,42.55,1,1
E5279,ECG,3,14.35,2025-07-08 17:52:38.904066,0,0.68,69.87,1,1
E5280,MRI,7,8.96,2024-12-15 17:52:38.904066,1,0.04,50.02,3,1
E5281,ECG,5,7.88,2025-03-02 17:52:38.904066,0,0.22,66.93,1,1
E5282,Ventilator,0,7.59,2025-05-07 17:52:38.904066,1,0.67,43.64,2,1
E5283,ECG,0,15.74,2024-10-31 17:52:38.904066,0,0.74,31.42,0,1
E5284,MRI,7,11.49,2024-12-03 17:52:38.904066,0,0.42,58.91,1,1
E5285,Ultrasound,0,15.9,2025-03-20 17:52:38.904066,0,0.6,65.85,0,1
E5286,ECG,4,12.03,2025-04-06 17:52:38.904066,1,0.62,29.88,3,1
E5287,Ventilator,6,7.75,2025-04-18 17:52:38.904066,0,0.21,52.02,0,0
E5288,MRI,0,16.24,2024-10-01 17:52:38.904066,3,0.19,43.96,2,1
E5289,ECG,9,12.96,2025-01-28 17:52:38.904066,0,0.06,28.93,1,1
E5290,ECG,3,13.94,2024-11-12 17:52:38.904066,0,0.15,50.23,1,1
E5291,ECG,4,2.06,2025-06-16 17:52:38.904066,2,0.22,47.03,1,0
E5292,Ultrasound,8,12.28,2025-07-16 17:52:38.904066,2,0.48,40.35,1,0
E5293,ECG,6,3.59,2025-05-11 17:52:38.904066,0,0.4,45.25,0,0
E5294,Ventilator,7,17.05,2025-05-04 17:52:38.904066,2,0.62,29.72,4,1
E5295,ECG,6,7.56,2025-05-24 17:52:38.904066,1,0.53,49.09,0,0
E5296,MRI,2,10.52,2024-09-21 17:52:38.904066,0,0.18,62.9,0,1
E5297,Ultrasound,4,16.72,2024-09-18 17:52:38.904066,1,0.64,52.52,1,1
E5298,MRI,2,9.04,2024-10-22 17:52:38.904066,0,0.48,64.23,2,1
E5299,ECG,7,7.56,2024-08-23 17:52:38.904066,2,0.05,53.98,3,1
E5300,MRI,4,9.82,2025-02-22 17:52:38.904066,0,0.53,58.23,1,0
E5301,MRI,0,18.56,2024-12-11 17:52:38.904066,0,0.48,41.88,1,1
E5302,Ultrasound,10,5.28,2024-10-03 17:52:38.904066,1,0.6,66.78,0,1
E5303,Ventilator,0,9.1,2025-02-11 17:52:38.904066,0,0.69,37.84,1,1
E5304,Ventilator,3,11.37,2025-06-20 17:52:38.904066,0,0.72,23.81,1,1
E5305,Ultrasound,3,6.28,2025-05-18 17:52:38.904066,3,0.63,41.5,1,1
E5306,ECG,10,3.16,2025-05-20 17:52:38.904066,0,0.3,61.93,1,1
E5307,Ventilator,3,11.89,2024-08-23 17:52:38.904066,0,0.7,21.61,1,1
E5308,MRI,14,7.93,2024-11-01 17:52:38.904066,1,0.5,41.86,1,1
E5309,Ultrasound,4,18.25,2025-06-10 17:52:38.904066,0,0.17,36.99,0,1
E5310,MRI,7,8.86,2025-04-08 17:52:38.904066,1,0.45,61.76,2,1
E5311,Ultrasound,0,11.67,2024-11-27 17:52:38.904066,0,0.4,45.64,1,1
E5312,Ventilator,0,8.9,2024-11-15 17:52:38.904066,0,0.64,47.56,2,1
E5313,Ultrasound,6,19.43,2024-12-23 17:52:38.904066,1,0.47,59.47,0,1
E5314,Ventilator,3,9.31,2024-10-03 17:52:38.904066,1,0.51,55.06,3,1
E5315,MRI,4,7.4,2024-12-11 17:52:38.904066,1,0.27,31.95,0,1
E5316,Ventilator,8,11.87,2025-05-03 17:52:38.904066,1,0.68,52.99,1,1
E5317,ECG,7,1.11,2024-12-22 17:52:38.904066,0,0.21,63.13,2,1
E5318,Ventilator,13,14.15,2025-06-03 17:52:38.904066,1,0.4,68.18,3,1
E5319,MRI,0,2.29,2024-12-06 17:52:38.904066,0,0.31,29.6,1,1
E5320,Ventilator,0,0.14,2024-08-22 17:52:38.904066,0,0.33,23.49,2,1
E5321,ECG,3,11.38,2025-01-09 17:52:38.904066,0,0.58,60.62,2,1
E5322,MRI,2,11.63,2025-02-28 17:52:38.904066,0,0.49,63.51,0,1
E5323,Ultrasound,3,14.25,2025-01-12 17:52:38.904066,0,0.49,48.89,4,1
E5324,MRI,5,13.37,2025-07-01 17:52:38.904066,1,0.51,25.3,2,0
E5325,ECG,3,8.23,2024-09-23 17:52:38.904066,0,0.23,37.26,2,1
E5326,Ultrasound,8,18.27,2024-09-21 17:52:38.904066,0,0.43,69.42,4,1
E5327,Ultrasound,2,2.72,2025-07-01 17:52:38.904066,0,0.29,65.87,3,1
E5328,ECG,5,6.04,2024-12-12 17:52:38.904066,4,0.11,21.4,2,1
E5329,Ventilator,8,1.79,2024-08-09 17:52:38.904066,0,0.34,36.64,3,1
E5330,ECG,6,14.39,2025-06-14 17:52:38.904066,0,0.6,59.86,2,0
E5331,Ultrasound,8,12.97,2025-07-02 17:52:38.904066,1,0.4,58.07,0,0
E5332,MRI,7,11.95,2024-10-29 17:52:38.904066,0,0.06,35.26,1,1
E5333,Ultrasound,8,11.3,2025-02-09 17:52:38.904066,2,0.47,24.46,2,0
E5334,MRI,11,4.21,2025-07-26 17:52:38.904066,0,0.57,24.83,1,1
E5335,MRI,10,8.19,2024-12-21 17:52:38.904066,1,0.61,42.59,2,1
E5336,MRI,0,17.1,2024-12-30 17:52:38.904066,0,0.25,59.83,0,1
E5337,ECG,2,7.85,2024-09-12 17:52:38.904066,2,0.77,28.25,1,1
E5338,Ventilator,5,14.8,2024-08-13 17:52:38.904066,1,0.25,41.08,1,1
E5339,Ventilator,8,0.85,2025-03-22 17:52:38.904066,0,0.32,51.38,0,0
E5340,Ultrasound,6,16.0,2024-11-30 17:52:38.904066,0,0.71,25.8,1,1
E5341,MRI,7,3.65,2025-06-12 17:52:38.904066,0,0.16,45.8,2,0
E5342,MRI,4,10.96,2024-12-12 17:52:38.904066,0,0.18,30.88,0,1
E5343,Ultrasound,5,3.39,2025-06-30 17:52:38.904066,0,0.09,66.0,1,1
E5344,Ultrasound,13,9.02,2025-07-17 17:52:38.904066,1,0.06,29.27,3,1
E5345,ECG,8,7.52,2025-04-07 17:52:38.904066,1,0.68,55.04,2,1
E5346,ECG,5,18.87,2025-02-07 17:52:38.904066,0,0.14,65.03,0,1
E5347,MRI,6,7.99,2025-02-12 17:52:38.904066,1,0.39,30.57,2,0
E5348,MRI,9,7.56,2024-09-22 17:52:38.904066,0,0.05,25.71,0,1
E5349,ECG,4,2.33,2025-02-27 17:52:38.904066,0,0.69,40.55,3,1
E5350,ECG,1,12.92,2025-04-09 17:52:38.904066,1,0.37,59.13,1,0
E5351,Ultrasound,5,10.77,2025-03-07 17:52:38.904066,0,0.48,25.22,1,0
E5352,ECG,9,8.38,2025-01-29 17:52:38.904066,1,0.37,21.85,2,1
E5353,Ventilator,7,7.42,2024-08-12 17:52:38.904066,1,0.14,49.95,0,1
E5354,ECG,6,19.38,2025-05-05 17:52:38.904066,1,0.5,45.98,2,1
E5355,Ventilator,14,11.74,2024-10-16 17:52:38.904066,0,0.26,29.01,0,1
E5356,ECG,4,5.83,2025-03-29 17:52:38.904066,0,0.26,63.73,2,1
E5357,ECG,4,19.05,2024-09-10 17:52:38.904066,0,0.02,60.98,0,1
E5358,ECG,8,10.83,2025-01-14 17:52:38.904066,0,0.34,46.79,1,1
E5359,ECG,3,3.17,2024-12-22 17:52:38.904066,2,0.33,54.93,0,1
E5360,Ultrasound,9,1.0,2024-10-11 17:52:38.904066,0,0.21,52.07,0,1
E5361,Ventilator,14,13.76,2025-07-05 17:52:38.904066,0,0.75,25.3,3,1
E5362,Ultrasound,2,19.25,2025-06-24 17:52:38.904066,3,0.57,65.64,3,1
E5363,ECG,4,7.19,2024-12-09 17:52:38.904066,1,0.13,48.99,0,1
E5364,Ultrasound,6,10.84,2024-10-24 17:52:38.904066,1,0.54,37.88,1,1
E5365,Ultrasound,6,14.52,2025-05-11 17:52:38.904066,0,0.22,66.07,0,1
E5366,MRI,6,14.56,2025-01-12 17:52:38.904066,1,0.42,48.11,1,1
E5367,Ultrasound,6,7.05,2024-10-11 17:52:38.904066,0,0.46,36.59,0,1
E5368,MRI,3,2.26,2025-07-29 17:52:38.904066,0,0.68,53.21,5,1
E5369,Ventilator,7,5.34,2025-07-24 17:52:38.904066,2,0.21,47.63,2,0
E5370,Ultrasound,2,10.8,2025-04-08 17:52:38.904066,1,0.07,51.47,3,0
E5371,ECG,6,13.86,2025-08-02 17:52:38.904066,1,0.31,34.67,1,0
E5372,MRI,4,19.15,2025-03-15 17:52:38.904066,2,0.66,47.28,1,1
E5373,MRI,14,3.17,2025-04-03 17:52:38.904066,1,0.6,37.61,1,1
E5374,Ultrasound,2,9.56,2025-06-25 17:52:38.904066,0,0.78,67.47,1,1
E5375,Ultrasound,2,0.8,2024-11-10 17:52:38.904066,0,0.47,57.8,0,1
E5376,Ultrasound,2,13.28,2025-04-16 17:52:38.904066,1,0.39,48.58,1,0
E5377,MRI,5,10.81,2024-08-25 17:52:38.904066,1,0.04,43.05,1,1
E5378,Ultrasound,13,14.93,2024-09-08 17:52:38.904066,0,0.39,56.37,0,1
E5379,ECG,3,11.81,2025-07-02 17:52:38.904066,0,0.22,36.82,1,0
E5380,Ventilator,1,7.61,2025-07-02 17:52:38.904066,0,0.51,59.74,0,0
E5381,Ultrasound,7,3.16,2025-01-31 17:52:38.904066,1,0.44,69.38,2,1
E5382,ECG,10,12.29,2024-11-03 17:52:38.904066,1,0.27,27.08,3,1
E5383,ECG,9,9.74,2025-01-15 17:52:38.904066,1,0.57,56.33,2,1
E5384,Ultrasound,12,15.09,2024-08-16 17:52:38.904066,3,0.56,67.55,2,1
E5385,MRI,11,11.06,2025-04-04 17:52:38.904066,0,0.76,52.37,2,1
E5386,MRI,1,9.31,2025-06-26 17:52:38.904066,2,0.74,60.47,2,1
E5387,Ultrasound,1,16.81,2025-01-30 17:52:38.904066,0,0.42,28.57,2,1
E5388,Ventilator,2,3.54,2025-01-29 17:52:38.904066,0,0.28,28.07,3,1
E5389,Ventilator,5,16.59,2025-02-12 17:52:38.904066,1,0.64,50.85,2,1
E5390,ECG,9,5.92,2025-06-22 17:52:38.904066,0,0.79,51.12,4,1
E5391,ECG,0,17.44,2025-06-21 17:52:38.904066,1,0.57,59.74,1,1
E5392,Ventilator,3,6.01,2024-08-29 17:52:38.904066,0,0.07,40.07,2,1
E5393,ECG,2,4.73,2024-10-04 17:52:38.904066,1,0.19,39.74,3,1
E5394,ECG,1,4.08,2025-03-25 17:52:38.904066,0,0.49,25.14,1,0
E5395,Ventilator,6,11.45,2024-08-17 17:52:38.904066,0,0.1,62.21,0,1
E5396,ECG,5,10.71,2025-06-17 17:52:38.904066,0,0.02,49.73,0,0
E5397,ECG,10,3.22,2024-08-24 17:52:38.904066,0,0.59,60.57,1,1
E5398,Ventilator,10,0.69,2024-12-10 17:52:38.904066,0,0.03,60.19,0,1
E5399,ECG,3,8.31,2025-06-18 17:52:38.904066,1,0.21,35.58,3,0
E5400,Ventilator,4,14.08,2025-03-09 17:52:38.904066,1,0.39,36.18,2,0
E5401,ECG,2,9.95,2024-11-15 17:52:38.904066,1,0.62,67.64,1,1
E5402,Ventilator,2,17.36,2025-03-06 17:52:38.904066,2,0.16,53.36,0,1
E5403,Ventilator,2,11.88,2025-06-19 17:52:38.904066,0,0.57,25.66,2,0
E5404,Ultrasound,6,5.29,2024-09-24 17:52:38.904066,1,0.07,45.0,2,1
E5405,Ultrasound,2,17.01,2025-03-24 17:52:38.904066,0,0.14,26.72,2,1
E5406,ECG,8,15.4,2024-08-12 17:52:38.904066,1,0.6,59.72,2,1
E5407,Ultrasound,1,12.62,2024-10-23 17:52:38.904066,2,0.4,22.66,0,1
E5408,MRI,9,17.97,2025-05-04 17:52:38.904066,1,0.65,52.71,4,1
E5409,Ultrasound,4,19.61,2025-07-01 17:52:38.904066,1,0.3,69.66,2,1
E5410,Ultrasound,1,1.96,2025-01-11 17:52:38.904066,2,0.09,31.47,1,1
E5411,ECG,7,10.84,2025-07-17 17:52:38.904066,0,0.64,60.31,0,1
E5412,ECG,3,5.59,2024-10-14 17:52:38.904066,1,0.69,64.35,2,1
E5413,Ultrasound,10,15.4,2024-10-17 17:52:38.904066,1,0.58,40.81,1,1
E5414,ECG,5,10.51,2024-09-04 17:52:38.904066,3,0.12,25.55,1,1
E5415,Ultrasound,6,13.96,2024-11-19 17:52:38.904066,1,0.42,32.31,2,1
E5416,MRI,9,19.95,2025-05-05 17:52:38.904066,0,0.26,50.01,1,1
E5417,MRI,3,0.86,2025-01-23 17:52:38.904066,1,0.01,51.09,5,1
E5418,MRI,6,13.81,2024-09-26 17:52:38.904066,0,0.45,63.93,1,1
E5419,ECG,8,16.47,2025-03-08 17:52:38.904066,1,0.02,49.57,0,1
E5420,Ventilator,0,18.04,2025-05-18 17:52:38.904066,0,0.69,33.95,1,1
E5421,ECG,4,8.04,2025-02-09 17:52:38.904066,1,0.28,35.84,1,0
E5422,Ventilator,13,1.52,2024-11-13 17:52:38.904066,1,0.75,30.0,0,1
E5423,MRI,9,18.79,2025-04-13 17:52:38.904066,0,0.19,67.73,0,1
E5424,Ultrasound,9,12.67,2024-12-04 17:52:38.904066,1,0.16,59.39,0,1
E5425,Ventilator,8,13.75,2025-03-12 17:52:38.904066,1,0.72,68.69,3,1
E5426,MRI,3,8.26,2025-03-14 17:52:38.904066,1,0.59,38.57,0,0
E5427,Ultrasound,6,17.89,2024-10-06 17:52:38.904066,1,0.02,62.77,2,1
E5428,Ultrasound,2,6.5,2025-05-26 17:52:38.904066,3,0.49,55.87,0,1
E5429,Ventilator,14,10.07,2025-05-12 17:52:38.904066,0,0.34,57.91,1,1
E5430,ECG,0,16.19,2025-01-22 17:52:38.904066,0,0.71,56.95,1,1
E5431,Ultrasound,8,17.56,2025-06-27 17:52:38.904066,0,0.27,38.3,4,1
E5432,Ultrasound,0,12.82,2025-07-10 17:52:38.904066,1,0.26,53.65,0,0
E5433,ECG,3,18.01,2025-03-12 17:52:38.904066,0,0.28,23.15,5,1
E5434,ECG,2,2.44,2025-01-10 17:52:38.904066,0,0.61,68.64,0,1
E5435,Ventilator,13,6.52,2025-03-05 17:52:38.904066,0,0.18,32.1,5,1
E5436,Ultrasound,8,19.16,2024-10-19 17:52:38.904066,0,0.51,40.4,3,1
E5437,ECG,5,12.09,2024-11-13 17:52:38.904066,0,0.1,46.42,1,1
E5438,MRI,4,4.83,2025-01-17 17:52:38.904066,0,0.32,33.93,0,1
E5439,Ventilator,2,7.69,2025-05-26 17:52:38.904066,2,0.18,56.19,2,0
E5440,MRI,9,12.83,2025-04-09 17:52:38.904066,2,0.7,62.37,3,1
E5441,MRI,0,2.1,2024-11-13 17:52:38.904066,1,0.39,48.35,0,1
E5442,Ventilator,1,11.41,2024-09-22 17:52:38.904066,1,0.53,51.99,2,1
E5443,Ultrasound,2,12.61,2024-08-13 17:52:38.904066,0,0.64,61.73,0,1
E5444,ECG,10,2.09,2025-03-11 17:52:38.904066,1,0.21,62.68,3,1
E5445,ECG,7,18.04,2025-01-06 17:52:38.904066,2,0.28,48.09,2,1
E5446,Ultrasound,1,4.68,2024-12-20 17:52:38.904066,0,0.08,64.13,3,1
E5447,ECG,1,7.88,2025-03-20 17:52:38.904066,0,0.08,40.85,0,0
E5448,Ventilator,5,6.48,2025-01-28 17:52:38.904066,1,0.26,31.06,2,1
E5449,Ventilator,13,2.48,2024-10-27 17:52:38.904066,1,0.32,35.04,2,1
E5450,MRI,3,13.61,2024-11-23 17:52:38.904066,3,0.06,30.01,0,1
E5451,Ultrasound,1,10.85,2025-05-20 17:52:38.904066,0,0.41,26.39,2,0
E5452,Ultrasound,8,16.13,2024-12-16 17:52:38.904066,3,0.29,30.74,0,1
E5453,Ultrasound,0,14.01,2024-09-24 17:52:38.904066,2,0.49,67.4,1,1
E5454,MRI,5,7.87,2025-07-27 17:52:38.904066,1,0.74,47.0,1,1
E5455,Ventilator,3,4.37,2025-07-15 17:52:38.904066,0,0.68,35.7,2,1
E5456,Ultrasound,8,12.46,2025-07-01 17:52:38.904066,3,0.3,28.33,1,1
E5457,Ultrasound,3,13.19,2024-08-30 17:52:38.904066,1,0.49,69.83,2,1
E5458,ECG,4,9.15,2025-01-10 17:52:38.904066,1,0.79,58.37,2,1
E5459,Ventilator,9,16.33,2024-10-10 17:52:38.904066,1,0.02,35.46,2,1
E5460,ECG,11,9.82,2024-08-15 17:52:38.904066,0,0.61,47.45,1,1
E5461,MRI,6,3.51,2025-08-05 17:52:38.904066,0,0.1,55.88,2,0
E5462,MRI,10,13.68,2025-01-22 17:52:38.904066,2,0.54,57.93,2,1
E5463,Ventilator,0,6.81,2025-06-21 17:52:38.904066,0,0.74,52.4,2,1
E5464,ECG,9,6.14,2025-05-18 17:52:38.904066,0,0.68,49.29,2,1
E5465,MRI,5,2.16,2024-09-01 17:52:38.904066,1,0.12,20.61,0,1
E5466,ECG,7,8.12,2025-01-09 17:52:38.904066,1,0.35,29.67,3,1
E5467,Ventilator,3,18.99,2024-11-15 17:52:38.904066,2,0.46,25.21,0,1
E5468,MRI,4,9.75,2025-03-27 17:52:38.904066,0,0.38,61.35,1,1
E5469,Ventilator,8,1.17,2025-06-28 17:52:38.904066,1,0.01,49.71,1,0
E5470,Ultrasound,14,4.94,2025-07-14 17:52:38.904066,2,0.61,37.29,0,1
E5471,Ventilator,5,0.21,2025-06-09 17:52:38.904066,2,0.63,40.8,3,1
E5472,MRI,4,8.66,2025-02-27 17:52:38.904066,0,0.46,40.71,0,0
E5473,Ultrasound,5,19.78,2025-01-03 17:52:38.904066,0,0.34,41.79,2,1
E5474,Ventilator,14,3.64,2024-09-25 17:52:38.904066,1,0.29,57.63,2,1
E5475,MRI,3,10.41,2024-10-25 17:52:38.904066,1,0.45,47.96,3,1
E5476,Ultrasound,5,15.38,2025-01-02 17:52:38.904066,0,0.13,36.64,3,1
E5477,ECG,3,13.8,2025-03-30 17:52:38.904066,1,0.46,38.77,0,0
E5478,MRI,3,14.03,2024-10-20 17:52:38.904066,1,0.74,48.81,2,1
E5479,Ultrasound,0,18.57,2024-11-16 17:52:38.904066,1,0.54,39.33,0,1
E5480,Ventilator,2,14.19,2024-09-28 17:52:38.904066,2,0.2,28.21,2,1
E5481,Ultrasound,5,12.39,2025-02-13 17:52:38.904066,1,0.49,43.7,2,0
E5482,MRI,5,5.61,2024-08-27 17:52:38.904066,2,0.59,26.69,1,1
E5483,ECG,10,9.35,2025-07-08 17:52:38.904066,1,0.48,52.65,1,1
E5484,MRI,9,14.21,2025-02-27 17:52:38.904066,1,0.65,40.52,1,1
E5485,Ultrasound,0,14.8,2025-03-30 17:52:38.904066,0,0.57,62.11,0,1
E5486,MRI,0,1.45,2024-10-21 17:52:38.904066,1,0.06,65.53,0,1
E5487,ECG,14,2.66,2025-01-16 17:52:38.904066,2,0.66,35.47,3,1
E5488,MRI,4,19.77,2025-02-24 17:52:38.904066,0,0.22,40.86,2,1
E5489,ECG,2,2.3,2024-10-09 17:52:38.904066,0,0.29,45.26,1,1
E5490,MRI,9,5.5,2025-03-28 17:52:38.904066,0,0.73,66.3,3,1
E5491,Ultrasound,7,16.71,2025-07-20 17:52:38.904066,0,0.74,55.62,1,1
E5492,ECG,2,8.95,2025-02-28 17:52:38.904066,1,0.68,22.84,2,1
E5493,Ultrasound,12,4.31,2025-05-28 17:52:38.904066,1,0.12,51.57,0,1
E5494,MRI,10,12.96,2024-08-25 17:52:38.904066,0,0.01,29.57,0,1
E5495,MRI,5,7.32,2024-11-11 17:52:38.904066,3,0.75,65.45,0,1
E5496,Ultrasound,14,2.22,2025-02-22 17:52:38.904066,0,0.31,21.69,6,1
E5497,Ultrasound,6,18.81,2025-02-18 17:52:38.904066,0,0.67,31.92,3,1
E5498,Ultrasound,8,10.51,2025-03-29 17:52:38.904066,3,0.64,59.83,3,1
E5499,ECG,10,14.06,2025-05-03 17:52:38.904066,0,0.37,25.74,0,1
E5500,MRI,5,17.98,2025-03-26 17:52:38.904066,0,0.67,38.82,1,1
E5501,MRI,1,18.7,2025-06-13 17:52:38.904066,0,0.24,52.53,0,1
E5502,MRI,5,6.81,2024-09-03 17:52:38.904066,0,0.5,50.78,0,1
E5503,MRI,4,0.66,2025-04-01 17:52:38.904066,2,0.31,52.49,0,0
E5504,ECG,11,1.79,2025-02-23 17:52:38.904066,0,0.15,32.66,2,1
E5505,ECG,7,4.44,2025-05-18 17:52:38.904066,4,0.01,40.68,1,1
E5506,ECG,7,10.78,2024-12-07 17:52:38.904066,0,0.57,20.12,1,1
E5507,Ventilator,2,19.02,2025-04-07 17:52:38.904066,0,0.37,50.08,2,1
E5508,MRI,4,1.16,2025-06-24 17:52:38.904066,1,0.74,60.61,0,1
E5509,ECG,5,4.57,2025-07-27 17:52:38.904066,2,0.61,47.15,3,1
E5510,Ventilator,9,5.06,2025-03-30 17:52:38.904066,0,0.38,58.04,2,1
E5511,MRI,0,11.21,2024-08-08 17:52:38.904066,1,0.57,37.74,2,1
E5512,Ventilator,6,16.64,2024-11-17 17:52:38.904066,0,0.25,56.04,1,1
E5513,MRI,2,7.93,2024-08-08 17:52:38.904066,1,0.23,41.06,1,1
E5514,MRI,10,8.44,2025-01-28 17:52:38.904066,0,0.41,34.56,1,1
E5515,MRI,3,18.41,2024-09-07 17:52:38.904066,1,0.29,63.01,1,1
E5516,Ventilator,9,11.14,2024-10-17 17:52:38.904066,4,0.12,51.14,2,1
E5517,ECG,0,19.43,2025-02-04 17:52:38.904066,1,0.76,33.2,4,1
E5518,Ultrasound,6,16.25,2024-09-05 17:52:38.904066,0,0.09,55.07,3,1
E5519,ECG,4,15.69,2024-10-19 17:52:38.904066,1,0.23,21.54,1,1
E5520,MRI,10,8.32,2025-06-06 17:52:38.904066,1,0.1,25.12,1,1
E5521,Ventilator,8,13.26,2025-02-21 17:52:38.904066,0,0.72,22.89,1,1
E5522,Ventilator,4,7.36,2024-09-18 17:52:38.904066,0,0.13,56.69,2,1
E5523,ECG,4,5.23,2025-02-20 17:52:38.904066,0,0.08,24.43,0,0
E5524,ECG,4,1.49,2024-12-06 17:52:38.904066,1,0.52,69.02,0,1
E5525,Ventilator,0,14.57,2024-10-27 17:52:38.904066,0,0.24,31.97,3,1
E5526,Ventilator,0,14.31,2025-06-14 17:52:38.904066,0,0.62,49.28,2,1
E5527,Ultrasound,5,7.53,2024-08-15 17:52:38.904066,2,0.16,29.01,2,1
E5528,Ultrasound,13,11.94,2025-04-06 17:52:38.904066,0,0.68,25.81,0,1
E5529,ECG,5,7.74,2024-12-19 17:52:38.904066,1,0.64,48.22,1,1
E5530,Ultrasound,9,16.33,2024-12-04 17:52:38.904066,0,0.12,34.64,0,1
E5531,MRI,10,18.43,2025-03-11 17:52:38.904066,3,0.24,28.17,3,1
E5532,Ultrasound,7,2.8,2024-12-03 17:52:38.904066,0,0.64,20.12,1,1
E5533,MRI,8,3.27,2024-08-12 17:52:38.904066,1,0.51,37.89,0,1
E5534,MRI,5,19.99,2024-09-17 17:52:38.904066,1,0.22,34.15,2,1
E5535,ECG,3,15.75,2025-01-07 17:52:38.904066,1,0.29,41.0,3,1
E5536,MRI,6,8.75,2025-05-19 17:52:38.904066,1,0.38,67.43,0,1
E5537,ECG,3,19.73,2024-11-04 17:52:38.904066,1,0.37,65.67,1,1
E5538,Ultrasound,3,14.96,2025-03-16 17:52:38.904066,2,0.71,60.72,0,1
E5539,MRI,9,5.19,2025-07-18 17:52:38.904066,1,0.17,41.1,1,1
E5540,MRI,0,15.65,2024-12-06 17:52:38.904066,0,0.08,31.55,4,1
E5541,ECG,10,4.4,2025-01-29 17:52:38.904066,0,0.75,39.57,1,1
E5542,MRI,8,6.91,2024-09-24 17:52:38.904066,0,0.16,67.69,0,1
E5543,MRI,15,19.77,2024-10-10 17:52:38.904066,1,0.27,57.91,2,1
E5544,MRI,7,9.35,2025-04-25 17:52:38.904066,1,0.39,23.54,0,0
E5545,MRI,2,15.58,2025-05-04 17:52:38.904066,0,0.73,29.52,2,1
E5546,Ultrasound,3,7.44,2024-09-28 17:52:38.904066,2,0.36,59.62,2,1
E5547,Ultrasound,4,6.59,2024-08-06 17:52:38.904066,0,0.6,40.11,2,1
E5548,Ventilator,7,5.25,2024-08-09 17:52:38.904066,2,0.44,45.28,2,1
E5549,ECG,0,19.09,2025-01-18 17:52:38.904066,1,0.52,52.95,1,1
E5550,Ultrasound,12,9.88,2025-03-02 17:52:38.904066,3,0.66,42.14,1,1
E5551,Ultrasound,8,9.52,2025-02-22 17:52:38.904066,1,0.39,63.85,2,1
E5552,Ultrasound,4,4.69,2025-04-17 17:52:38.904066,0,0.24,36.62,1,0
E5553,Ventilator,6,4.02,2025-01-23 17:52:38.904066,2,0.28,30.17,1,1
E5554,Ventilator,7,10.42,2024-08-31 17:52:38.904066,2,0.59,45.27,0,1
E5555,Ultrasound,5,4.28,2025-06-25 17:52:38.904066,2,0.71,61.79,0,1
E5556,ECG,6,10.58,2025-01-06 17:52:38.904066,2,0.04,29.9,1,1
E5557,MRI,9,12.44,2025-06-07 17:52:38.904066,3,0.1,46.64,1,1
E5558,ECG,11,9.59,2025-04-10 17:52:38.904066,0,0.33,29.54,2,1
E5559,MRI,6,5.44,2024-08-14 17:52:38.904066,1,0.04,39.23,0,1
E5560,Ventilator,13,9.9,2025-04-10 17:52:38.904066,0,0.09,55.19,2,1
E5561,MRI,6,4.05,2025-02-03 17:52:38.904066,0,0.1,20.85,1,1
E5562,Ultrasound,11,2.16,2025-03-24 17:52:38.904066,1,0.62,59.62,4,1
E5563,MRI,0,9.57,2024-11-17 17:52:38.904066,0,0.15,34.45,2,1
E5564,Ventilator,5,15.25,2025-07-06 17:52:38.904066,0,0.13,43.76,0,0
E5565,ECG,0,8.61,2024-08-13 17:52:38.904066,1,0.71,35.56,4,1
E5566,ECG,11,6.66,2025-03-18 17:52:38.904066,1,0.53,69.28,3,1
E5567,Ultrasound,4,18.16,2025-07-24 17:52:38.904066,0,0.22,36.59,0,1
E5568,Ventilator,8,0.8,2024-08-07 17:52:38.904066,0,0.16,41.7,0,1
E5569,Ventilator,12,2.48,2025-06-11 17:52:38.904066,0,0.11,37.37,0,1
E5570,Ventilator,7,1.13,2024-11-20 17:52:38.904066,2,0.02,26.97,2,1
E5571,MRI,6,13.68,2025-06-12 17:52:38.904066,0,0.34,62.0,5,1
E5572,MRI,4,7.74,2024-10-17 17:52:38.904066,2,0.32,49.07,1,1
E5573,MRI,6,16.07,2024-08-16 17:52:38.904066,0,0.32,45.88,3,1
E5574,Ventilator,7,1.27,2024-08-06 17:52:38.904066,1,0.3,62.08,3,1
E5575,MRI,10,18.12,2024-11-17 17:52:38.904066,0,0.79,44.29,2,1
E5576,Ultrasound,2,19.87,2024-10-11 17:52:38.904066,1,0.01,49.99,0,1
E5577,ECG,9,17.33,2025-04-20 17:52:38.904066,1,0.71,33.22,2,1
E5578,MRI,1,17.88,2025-07-07 17:52:38.904066,2,0.33,56.47,4,1
E5579,Ultrasound,1,8.59,2024-12-03 17:52:38.904066,2,0.06,51.75,1,1
E5580,ECG,8,5.59,2025-04-09 17:52:38.904066,1,0.68,23.67,2,1
E5581,Ventilator,0,11.21,2025-01-18 17:52:38.904066,0,0.46,32.45,2,1
E5582,Ultrasound,3,11.14,2025-02-12 17:52:38.904066,1,0.22,60.45,1,1
E5583,ECG,2,18.58,2024-10-30 17:52:38.904066,0,0.22,57.88,0,1
E5584,ECG,4,11.66,2024-09-20 17:52:38.904066,1,0.68,56.71,1,1
E5585,Ventilator,6,1.24,2024-08-07 17:52:38.904066,2,0.11,66.95,2,1
E5586,Ultrasound,0,9.85,2025-05-06 17:52:38.904066,1,0.17,55.79,1,0
E5587,Ultrasound,12,13.44,2024-11-14 17:52:38.904066,1,0.38,66.11,2,1
E5588,Ultrasound,9,13.26,2024-08-28 17:52:38.904066,1,0.55,34.4,3,1
E5589,MRI,2,9.58,2024-09-21 17:52:38.904066,0,0.7,24.57,4,1
E5590,Ventilator,2,18.03,2024-10-31 17:52:38.904066,1,0.57,28.71,1,1
E5591,Ultrasound,10,4.58,2024-11-17 17:52:38.904066,0,0.62,47.19,1,1
E5592,MRI,11,1.53,2025-01-02 17:52:38.904066,0,0.51,46.99,2,1
E5593,Ventilator,3,0.89,2024-10-08 17:52:38.904066,0,0.54,26.32,1,1
E5594,Ventilator,6,4.4,2025-03-17 17:52:38.904066,0,0.08,59.84,2,0
E5595,Ultrasound,8,3.78,2024-12-07 17:52:38.904066,0,0.32,37.78,1,1
E5596,Ultrasound,12,7.29,2024-12-18 17:52:38.904066,2,0.23,61.57,3,1
E5597,Ultrasound,10,11.86,2024-12-09 17:52:38.904066,0,0.06,55.78,1,1
E5598,MRI,9,13.6,2025-06-15 17:52:38.904066,0,0.26,41.89,0,1
E5599,MRI,5,18.97,2025-07-07 17:52:38.904066,1,0.54,58.0,1,1
E5600,Ultrasound,4,6.04,2024-09-28 17:52:38.904066,0,0.7,68.48,0,1
E5601,ECG,9,13.19,2025-01-15 17:52:38.904066,1,0.39,22.24,3,1
E5602,Ultrasound,2,6.82,2025-03-09 17:52:38.904066,2,0.22,51.58,1,0
E5603,Ultrasound,6,8.16,2024-08-26 17:52:38.904066,1,0.38,42.63,1,1
E5604,ECG,8,16.15,2024-10-02 17:52:38.904066,0,0.3,54.7,1,1
E5605,MRI,1,8.34,2025-08-02 17:52:38.904066,0,0.04,54.23,2,0
E5606,MRI,0,1.06,2024-11-15 17:52:38.904066,2,0.14,59.99,0,1
E5607,ECG,1,19.3,2025-07-13 17:52:38.904066,0,0.19,43.23,1,1
E5608,MRI,13,12.2,2024-12-24 17:52:38.904066,3,0.06,52.16,0,1
E5609,Ventilator,3,9.59,2025-05-01 17:52:38.904066,3,0.07,30.77,1,1
E5610,ECG,5,14.08,2025-03-26 17:52:38.904066,1,0.36,55.49,2,0
E5611,Ventilator,1,4.54,2024-12-20 17:52:38.904066,0,0.48,66.76,0,1
E5612,ECG,9,14.96,2024-10-15 17:52:38.904066,0,0.45,65.07,1,1
E5613,ECG,7,8.59,2024-10-20 17:52:38.904066,1,0.58,49.78,1,1
E5614,Ultrasound,8,7.95,2024-11-21 17:52:38.904066,4,0.12,61.64,3,1
E5615,Ultrasound,4,12.1,2024-10-06 17:52:38.904066,1,0.19,67.23,1,1
E5616,ECG,8,9.85,2024-12-20 17:52:38.904066,0,0.55,61.06,0,1
E5617,Ultrasound,0,2.56,2024-08-23 17:52:38.904066,1,0.51,29.11,1,1
E5618,Ventilator,2,13.59,2024-11-09 17:52:38.904066,0,0.03,50.38,2,1
E5619,ECG,4,14.0,2025-07-04 17:52:38.904066,1,0.58,63.64,1,1
E5620,Ventilator,4,1.96,2025-03-25 17:52:38.904066,1,0.44,61.8,1,1
E5621,Ventilator,4,15.65,2025-02-16 17:52:38.904066,1,0.49,51.96,1,0
E5622,MRI,9,3.25,2025-05-28 17:52:38.904066,1,0.14,48.2,2,1
E5623,ECG,4,17.55,2024-10-31 17:52:38.904066,2,0.47,38.82,2,1
E5624,Ventilator,0,9.13,2024-10-01 17:52:38.904066,2,0.13,22.83,1,1
E5625,MRI,7,19.16,2024-11-28 17:52:38.904066,0,0.12,34.71,2,1
E5626,Ultrasound,1,0.19,2025-05-05 17:52:38.904066,2,0.15,53.67,5,1
E5627,ECG,8,9.76,2024-08-08 17:52:38.904066,0,0.33,66.05,0,1
E5628,MRI,7,7.95,2024-10-26 17:52:38.904066,0,0.28,27.35,1,1
E5629,ECG,7,17.36,2024-08-22 17:52:38.904066,1,0.57,43.03,2,1
E5630,Ventilator,4,19.1,2025-02-18 17:52:38.904066,1,0.74,40.44,1,1
E5631,Ventilator,1,19.91,2024-11-24 17:52:38.904066,1,0.47,61.36,2,1
E5632,ECG,0,3.32,2025-05-14 17:52:38.904066,1,0.2,34.99,2,0
E5633,Ventilator,0,17.57,2024-12-22 17:52:38.904066,1,0.48,25.43,5,1
E5634,MRI,7,12.29,2025-05-25 17:52:38.904066,0,0.15,47.35,2,0
E5635,Ventilator,8,10.85,2024-11-05 17:52:38.904066,0,0.14,54.04,3,1
E5636,Ventilator,9,5.02,2025-05-31 17:52:38.904066,0,0.61,33.11,1,1
E5637,ECG,1,4.7,2025-03-22 17:52:38.904066,3,0.34,51.02,4,1
E5638,ECG,6,7.33,2024-08-17 17:52:38.904066,4,0.48,55.97,0,1
E5639,ECG,15,3.5,2024-11-09 17:52:38.904066,0,0.58,67.53,2,1
E5640,Ventilator,3,6.29,2025-04-09 17:52:38.904066,1,0.51,29.65,4,1
E5641,Ultrasound,5,19.46,2024-10-17 17:52:38.904066,3,0.32,59.26,4,1
E5642,MRI,1,2.29,2025-03-24 17:52:38.904066,2,0.24,22.95,0,0
E5643,ECG,4,14.53,2025-05-04 17:52:38.904066,0,0.66,66.27,1,1
E5644,ECG,12,19.03,2025-03-11 17:52:38.904066,0,0.77,52.58,1,1
E5645,ECG,6,11.75,2025-06-30 17:52:38.904066,0,0.65,54.63,1,1
E5646,Ultrasound,4,7.32,2025-02-08 17:52:38.904066,1,0.51,49.52,1,0
E5647,Ultrasound,10,14.36,2024-12-23 17:52:38.904066,0,0.45,24.73,1,1
E5648,MRI,1,6.77,2025-04-11 17:52:38.904066,1,0.75,41.26,2,1
E5649,MRI,3,10.41,2025-07-01 17:52:38.904066,0,0.02,29.77,2,0
E5650,ECG,9,4.67,2025-01-27 17:52:38.904066,1,0.32,30.48,0,1
E5651,ECG,5,11.43,2025-01-27 17:52:38.904066,1,0.4,26.22,2,1
E5652,ECG,2,14.57,2024-12-31 17:52:38.904066,1,0.11,51.87,2,1
E5653,Ventilator,8,3.62,2024-12-08 17:52:38.904066,0,0.73,49.91,0,1
E5654,Ultrasound,6,19.46,2025-05-31 17:52:38.904066,2,0.12,37.22,3,1
E5655,Ventilator,9,1.01,2025-01-27 17:52:38.904066,1,0.29,61.21,1,1
E5656,ECG,11,14.34,2024-11-09 17:52:38.904066,1,0.5,54.92,3,1
E5657,ECG,4,7.57,2024-10-20 17:52:38.904066,0,0.12,65.0,2,1
E5658,Ultrasound,9,16.53,2025-01-06 17:52:38.904066,1,0.19,32.44,0,1
E5659,Ventilator,3,8.36,2025-03-05 17:52:38.904066,1,0.06,38.69,3,0
E5660,Ultrasound,4,18.05,2025-05-31 17:52:38.904066,0,0.34,21.49,2,1
E5661,MRI,8,8.44,2025-05-06 17:52:38.904066,0,0.23,69.21,4,1
E5662,Ultrasound,4,16.59,2025-05-14 17:52:38.904066,2,0.43,30.75,3,1
E5663,MRI,2,17.93,2025-01-10 17:52:38.904066,0,0.11,26.69,0,1
E5664,Ventilator,3,18.83,2024-09-19 17:52:38.904066,0,0.38,24.41,3,1
E5665,Ventilator,8,11.02,2025-07-14 17:52:38.904066,0,0.57,22.58,0,0
E5666,Ultrasound,4,11.43,2024-12-10 17:52:38.904066,0,0.35,25.29,2,1
E5667,Ventilator,8,5.41,2024-08-09 17:52:38.904066,0,0.16,24.05,3,1
E5668,Ultrasound,0,13.77,2024-10-16 17:52:38.904066,1,0.5,29.36,2,1
E5669,Ultrasound,8,6.26,2025-02-06 17:52:38.904066,0,0.78,38.35,1,1
E5670,ECG,8,10.11,2024-11-09 17:52:38.904066,0,0.13,60.54,2,1
E5671,MRI,9,3.77,2024-10-27 17:52:38.904066,0,0.27,52.28,0,1
E5672,Ventilator,7,19.44,2025-04-18 17:52:38.904066,2,0.04,66.77,1,1
E5673,Ultrasound,0,2.73,2025-05-12 17:52:38.904066,1,0.11,44.71,1,0
E5674,Ultrasound,6,18.43,2025-07-01 17:52:38.904066,3,0.4,46.62,2,1
E5675,MRI,8,5.59,2025-05-02 17:52:38.904066,0,0.44,63.87,2,1
E5676,Ventilator,2,14.58,2025-07-23 17:52:38.904066,3,0.02,49.31,2,1
E5677,ECG,7,7.34,2024-12-14 17:52:38.904066,0,0.39,24.82,1,1
E5678,Ultrasound,4,8.22,2024-12-05 17:52:38.904066,1,0.19,57.03,0,1
E5679,MRI,8,14.24,2024-09-08 17:52:38.904066,1,0.7,47.47,1,1
E5680,ECG,4,13.45,2025-05-18 17:52:38.904066,0,0.6,54.55,1,0
E5681,Ultrasound,1,10.65,2024-08-14 17:52:38.904066,1,0.68,43.99,1,1
E5682,Ultrasound,11,13.18,2025-03-27 17:52:38.904066,1,0.25,55.34,3,1
E5683,Ultrasound,0,19.74,2024-12-05 17:52:38.904066,0,0.47,60.25,2,1
E5684,Ultrasound,13,16.67,2025-05-22 17:52:38.904066,0,0.7,56.6,2,1
E5685,Ultrasound,15,5.25,2025-03-05 17:52:38.904066,1,0.26,37.74,2,1
E5686,MRI,7,11.59,2025-04-13 17:52:38.904066,1,0.17,69.25,3,1
E5687,MRI,4,18.47,2025-08-04 17:52:38.904066,0,0.24,59.4,1,1
E5688,MRI,3,8.25,2025-06-19 17:52:38.904066,1,0.7,44.08,2,1
E5689,Ventilator,13,10.64,2025-04-15 17:52:38.904066,1,0.32,44.45,0,1
E5690,MRI,7,7.44,2024-10-30 17:52:38.904066,0,0.03,39.45,0,1
E5691,Ultrasound,2,7.85,2024-08-11 17:52:38.904066,0,0.79,57.66,3,1
E5692,MRI,0,17.37,2025-01-25 17:52:38.904066,0,0.16,48.99,1,1
E5693,MRI,9,10.58,2024-11-09 17:52:38.904066,1,0.63,43.34,2,1
E5694,Ventilator,10,14.68,2025-07-23 17:52:38.904066,1,0.12,63.8,1,1
E5695,ECG,1,14.68,2025-08-04 17:52:38.904066,1,0.25,23.15,1,0
E5696,MRI,2,1.05,2024-10-06 17:52:38.904066,3,0.32,42.16,2,1
E5697,ECG,7,7.33,2025-01-08 17:52:38.904066,0,0.12,36.14,1,1
E5698,MRI,8,7.14,2024-12-10 17:52:38.904066,1,0.32,47.41,1,1
E5699,Ventilator,9,4.56,2025-04-25 17:52:38.904066,0,0.3,36.08,2,1
E5700,ECG,5,9.24,2025-04-23 17:52:38.904066,0,0.65,58.56,3,1
E5701,ECG,8,16.96,2025-07-04 17:52:38.904066,1,0.71,25.58,2,1
E5702,Ventilator,7,11.34,2025-03-24 17:52:38.904066,1,0.02,64.62,2,1
E5703,Ventilator,2,2.32,2025-03-12 17:52:38.904066,1,0.16,24.35,1,0
E5704,Ultrasound,4,8.57,2024-11-03 17:52:38.904066,2,0.07,20.56,2,1
E5705,Ultrasound,6,4.72,2025-02-07 17:52:38.904066,1,0.19,32.95,4,1
E5706,ECG,14,14.63,2024-10-17 17:52:38.904066,0,0.25,57.57,0,1
E5707,Ultrasound,8,10.09,2024-08-06 17:52:38.904066,0,0.63,44.07,0,1
E5708,MRI,11,7.22,2024-11-21 17:52:38.904066,0,0.34,58.68,3,1
E5709,MRI,5,15.99,2024-11-16 17:52:38.904066,1,0.17,61.15,0,1
E5710,Ventilator,4,19.73,2024-08-22 17:52:38.904066,2,0.04,53.86,4,1
E5711,Ventilator,11,8.56,2025-03-05 17:52:38.904066,0,0.8,26.19,0,1
E5712,ECG,2,14.07,2024-08-10 17:52:38.904066,1,0.47,21.64,2,1
E5713,Ultrasound,5,1.97,2024-12-14 17:52:38.904066,0,0.47,36.62,2,1
E5714,Ventilator,12,18.33,2025-04-12 17:52:38.904066,0,0.55,42.85,1,1
E5715,ECG,8,16.16,2025-03-23 17:52:38.904066,0,0.57,39.27,2,1
E5716,Ultrasound,6,5.13,2025-06-07 17:52:38.904066,0,0.33,59.76,2,0
E5717,MRI,2,17.46,2024-12-13 17:52:38.904066,1,0.23,67.73,0,1
E5718,Ultrasound,3,10.6,2024-08-15 17:52:38.904066,0,0.45,68.55,4,1
E5719,Ventilator,10,8.4,2025-04-30 17:52:38.904066,0,0.19,60.73,2,1
E5720,ECG,6,8.3,2025-07-23 17:52:38.904066,2,0.05,47.12,1,0
E5721,Ventilator,11,10.32,2025-01-18 17:52:38.904066,0,0.52,66.38,0,1
E5722,MRI,9,16.89,2025-01-16 17:52:38.904066,0,0.31,66.87,1,1
E5723,ECG,7,19.23,2025-06-27 17:52:38.904066,0,0.07,29.61,2,1
E5724,Ventilator,6,4.02,2025-04-29 17:52:38.904066,1,0.18,29.3,1,0
E5725,Ventilator,8,14.99,2025-07-03 17:52:38.904066,1,0.38,42.67,1,0
E5726,Ventilator,8,9.66,2025-04-12 17:52:38.904066,0,0.72,66.7,2,1
E5727,Ventilator,4,19.1,2025-02-01 17:52:38.904066,1,0.42,44.0,1,1
E5728,Ventilator,0,12.24,2025-02-07 17:52:38.904066,1,0.61,38.73,4,1
E5729,MRI,12,10.03,2024-09-21 17:52:38.904066,3,0.14,44.52,1,1
E5730,Ventilator,4,13.95,2024-11-28 17:52:38.904066,1,0.53,47.79,2,1
E5731,Ventilator,9,15.43,2024-08-17 17:52:38.904066,0,0.36,38.85,2,1
E5732,MRI,15,4.53,2025-06-14 17:52:38.904066,0,0.59,56.89,0,1
E5733,MRI,0,12.04,2025-01-04 17:52:38.904066,1,0.05,29.31,0,1
E5734,MRI,8,9.59,2024-11-13 17:52:38.904066,1,0.31,25.89,1,1
E5735,MRI,5,16.6,2025-07-08 17:52:38.904066,1,0.58,44.01,1,1
E5736,MRI,2,8.44,2025-02-14 17:52:38.904066,2,0.46,56.23,4,1
E5737,MRI,3,5.38,2025-06-09 17:52:38.904066,0,0.08,24.51,0,0
E5738,ECG,11,5.55,2024-10-10 17:52:38.904066,1,0.04,68.6,2,1
E5739,Ventilator,7,17.31,2024-10-28 17:52:38.904066,0,0.58,40.7,3,1
E5740,MRI,1,2.86,2025-04-06 17:52:38.904066,1,0.29,54.96,0,0
E5741,MRI,6,5.38,2025-07-12 17:52:38.904066,0,0.48,45.08,1,0
E5742,Ventilator,0,19.07,2025-06-03 17:52:38.904066,0,0.14,26.48,4,1
E5743,ECG,1,5.36,2025-07-18 17:52:38.904066,1,0.46,20.95,0,0
E5744,Ultrasound,13,9.56,2025-03-16 17:52:38.904066,3,0.53,32.92,0,1
E5745,MRI,7,1.47,2024-08-28 17:52:38.904066,2,0.12,35.58,3,1
E5746,ECG,3,2.52,2024-08-13 17:52:38.904066,4,0.49,27.62,4,1
E5747,Ultrasound,12,18.23,2025-07-05 17:52:38.904066,0,0.35,68.08,0,1
E5748,Ventilator,11,0.86,2024-09-21 17:52:38.904066,2,0.52,30.69,1,1
E5749,Ventilator,0,1.44,2025-03-22 17:52:38.904066,2,0.68,24.01,1,1
E5750,ECG,0,5.18,2025-05-01 17:52:38.904066,3,0.64,48.18,1,1
E5751,Ventilator,10,6.58,2025-04-13 17:52:38.904066,1,0.5,31.89,1,1
E5752,Ultrasound,5,13.72,2025-05-09 17:52:38.904066,0,0.34,48.33,3,0
E5753,Ultrasound,5,11.46,2025-07-19 17:52:38.904066,1,0.52,62.22,2,1
E5754,MRI,3,1.08,2025-01-07 17:52:38.904066,0,0.18,50.04,2,1
E5755,ECG,5,15.01,2025-01-02 17:52:38.904066,1,0.44,31.12,1,1
E5756,ECG,8,17.21,2025-03-01 17:52:38.904066,2,0.44,54.65,1,1
E5757,ECG,5,14.32,2025-06-26 17:52:38.904066,0,0.04,49.47,1,0
E5758,Ventilator,0,11.7,2025-03-01 17:52:38.904066,2,0.39,22.7,1,0
E5759,Ventilator,6,3.22,2025-02-10 17:52:38.904066,2,0.25,25.61,2,0
E5760,MRI,6,6.99,2025-06-22 17:52:38.904066,0,0.66,30.51,2,1
E5761,MRI,3,3.27,2025-05-30 17:52:38.904066,0,0.59,29.17,2,0
E5762,Ultrasound,4,8.71,2025-02-21 17:52:38.904066,1,0.43,59.52,0,0
E5763,Ventilator,8,8.78,2025-06-06 17:52:38.904066,1,0.77,51.7,3,1
E5764,Ultrasound,11,5.75,2025-01-31 17:52:38.904066,2,0.18,62.68,2,1
E5765,Ultrasound,9,2.93,2025-07-21 17:52:38.904066,1,0.17,52.89,2,1
E5766,MRI,6,10.83,2024-11-26 17:52:38.904066,0,0.5,40.22,2,1
E5767,Ventilator,7,8.75,2025-04-16 17:52:38.904066,0,0.72,67.38,1,1
E5768,Ventilator,6,3.95,2025-06-28 17:52:38.904066,0,0.38,63.97,2,1
E5769,Ultrasound,7,6.97,2024-08-07 17:52:38.904066,2,0.25,22.52,0,1
E5770,MRI,8,9.31,2025-01-21 17:52:38.904066,1,0.62,57.79,3,1
E5771,ECG,0,5.43,2024-08-27 17:52:38.904066,1,0.45,68.44,3,1
E5772,Ultrasound,5,18.21,2025-05-27 17:52:38.904066,0,0.61,57.09,0,1
E5773,Ventilator,9,7.93,2025-04-11 17:52:38.904066,1,0.12,21.34,1,1
E5774,MRI,6,10.47,2025-05-16 17:52:38.904066,2,0.29,48.61,1,0
E5775,MRI,0,13.7,2025-01-29 17:52:38.904066,1,0.79,25.11,2,1
E5776,Ultrasound,2,8.6,2024-11-24 17:52:38.904066,3,0.68,59.73,0,1
E5777,MRI,9,8.65,2025-07-08 17:52:38.904066,0,0.44,50.83,0,1
E5778,Ultrasound,9,2.18,2024-12-18 17:52:38.904066,0,0.59,36.64,1,1
E5779,ECG,4,19.68,2024-11-26 17:52:38.904066,0,0.56,35.02,2,1
E5780,MRI,4,17.02,2024-08-29 17:52:38.904066,1,0.66,57.09,0,1
E5781,Ventilator,8,11.84,2025-05-26 17:52:38.904066,0,0.21,37.67,2,0
E5782,MRI,10,5.93,2024-08-30 17:52:38.904066,2,0.63,33.15,0,1
E5783,Ventilator,6,8.65,2024-10-10 17:52:38.904066,1,0.08,46.17,1,1
E5784,Ventilator,7,15.23,2025-03-18 17:52:38.904066,0,0.05,39.34,1,0
E5785,ECG,0,10.88,2025-04-30 17:52:38.904066,0,0.69,43.97,4,1
E5786,ECG,10,10.02,2025-02-13 17:52:38.904066,1,0.7,22.73,2,1
E5787,Ventilator,0,14.48,2024-12-28 17:52:38.904066,2,0.76,31.72,4,1
E5788,Ventilator,3,10.39,2024-09-15 17:52:38.904066,1,0.03,24.53,0,1
E5789,MRI,2,9.42,2024-09-19 17:52:38.904066,0,0.78,48.13,0,1
E5790,ECG,0,2.08,2025-07-08 17:52:38.904066,0,0.29,38.64,2,0
E5791,Ventilator,8,13.86,2024-09-23 17:52:38.904066,0,0.25,33.79,2,1
E5792,Ventilator,6,19.07,2025-05-04 17:52:38.904066,2,0.06,35.1,1,1
E5793,Ventilator,5,2.63,2024-10-30 17:52:38.904066,2,0.4,68.05,1,1
E5794,MRI,4,19.47,2024-09-15 17:52:38.904066,0,0.66,22.56,1,1
E5795,Ventilator,4,5.25,2025-01-31 17:52:38.904066,1,0.02,63.85,2,1
E5796,Ultrasound,6,1.9,2024-10-22 17:52:38.904066,1,0.58,31.67,1,1
E5797,Ventilator,9,6.14,2025-03-16 17:52:38.904066,0,0.11,65.39,1,1
E5798,ECG,2,11.27,2024-08-13 17:52:38.904066,2,0.17,42.0,1,1
E5799,MRI,10,5.44,2025-07-11 17:52:38.904066,1,0.68,56.32,1,1
E5800,ECG,0,16.32,2025-04-02 17:52:38.904066,1,0.54,49.96,0,1
E5801,ECG,1,14.75,2024-10-23 17:52:38.904066,0,0.8,30.03,2,1
E5802,Ventilator,1,2.98,2024-10-19 17:52:38.904066,1,0.18,26.95,5,1
E5803,Ultrasound,8,6.47,2025-07-20 17:52:38.904066,0,0.51,55.28,3,0
E5804,Ultrasound,0,18.06,2025-06-17 17:52:38.904066,0,0.35,24.5,2,1
E5805,MRI,6,3.92,2025-04-23 17:52:38.904066,2,0.02,30.24,1,0
E5806,ECG,8,5.02,2025-05-24 17:52:38.904066,3,0.62,26.8,4,1
E5807,Ventilator,3,11.53,2025-02-22 17:52:38.904066,0,0.69,23.55,1,1
E5808,MRI,1,1.8,2025-06-24 17:52:38.904066,0,0.31,24.91,1,0
E5809,Ventilator,9,9.21,2024-08-15 17:52:38.904066,4,0.25,61.23,0,1
E5810,Ultrasound,3,15.21,2024-11-16 17:52:38.904066,4,0.03,53.37,3,1
E5811,Ultrasound,4,12.03,2024-10-27 17:52:38.904066,3,0.43,38.24,3,1
E5812,MRI,0,13.81,2025-07-08 17:52:38.904066,0,0.68,21.13,1,1
E5813,Ultrasound,3,9.48,2025-07-07 17:52:38.904066,0,0.51,27.11,1,0
E5814,ECG,4,14.14,2025-06-13 17:52:38.904066,2,0.08,58.37,0,0
E5815,ECG,3,0.29,2024-08-09 17:52:38.904066,1,0.57,33.64,4,1
E5816,Ventilator,5,6.58,2024-12-31 17:52:38.904066,0,0.39,25.28,1,1
E5817,Ventilator,11,10.61,2024-10-29 17:52:38.904066,0,0.03,43.97,1,1
E5818,ECG,6,15.07,2024-10-20 17:52:38.904066,0,0.01,61.68,0,1
E5819,Ultrasound,4,13.98,2025-02-03 17:52:38.904066,1,0.23,44.63,1,1
E5820,ECG,0,7.81,2025-05-25 17:52:38.904066,4,0.31,50.18,2,1
E5821,ECG,7,4.94,2024-12-18 17:52:38.904066,0,0.18,27.28,0,1
E5822,Ventilator,4,12.64,2024-08-31 17:52:38.904066,0,0.38,59.02,5,1
E5823,MRI,5,13.83,2024-12-02 17:52:38.904066,0,0.44,46.22,2,1
E5824,Ultrasound,4,16.27,2025-03-03 17:52:38.904066,3,0.41,26.88,1,1
E5825,MRI,4,1.05,2024-11-08 17:52:38.904066,0,0.33,68.47,0,1
E5826,ECG,2,19.68,2025-03-07 17:52:38.904066,1,0.7,61.53,1,1
E5827,MRI,3,8.52,2025-05-08 17:52:38.904066,2,0.74,36.59,2,1
E5828,Ventilator,15,14.35,2025-03-05 17:52:38.904066,1,0.7,34.36,1,1
E5829,Ventilator,0,11.33,2025-02-04 17:52:38.904066,2,0.42,38.03,3,1
E5830,Ventilator,9,12.73,2024-11-18 17:52:38.904066,0,0.56,56.5,1,1
E5831,Ventilator,2,4.26,2025-03-28 17:52:38.904066,2,0.12,34.78,0,0
E5832,ECG,6,4.42,2024-10-01 17:52:38.904066,0,0.12,55.89,2,1
E5833,ECG,6,11.21,2025-03-06 17:52:38.904066,1,0.45,29.02,2,0
E5834,ECG,13,14.61,2025-05-17 17:52:38.904066,0,0.2,63.21,1,1
E5835,Ultrasound,4,1.89,2025-07-18 17:52:38.904066,1,0.04,64.29,1,1
E5836,Ventilator,2,6.21,2025-05-07 17:52:38.904066,0,0.48,58.66,1,0
E5837,MRI,4,8.81,2025-07-21 17:52:38.904066,0,0.37,50.9,2,0
E5838,ECG,8,2.41,2025-06-10 17:52:38.904066,2,0.11,64.41,1,1
E5839,MRI,3,0.38,2025-02-11 17:52:38.904066,1,0.1,44.95,4,1
E5840,ECG,3,1.25,2025-04-10 17:52:38.904066,1,0.74,57.45,6,1
E5841,Ultrasound,8,7.1,2024-10-07 17:52:38.904066,0,0.53,36.92,3,1
E5842,Ventilator,6,2.33,2024-11-06 17:52:38.904066,2,0.49,30.36,0,1
E5843,Ventilator,1,18.41,2024-11-28 17:52:38.904066,0,0.73,48.34,1,1
E5844,Ultrasound,2,4.75,2025-01-15 17:52:38.904066,1,0.16,67.06,0,1
E5845,MRI,2,0.4,2024-12-07 17:52:38.904066,0,0.03,22.4,4,1
E5846,Ventilator,6,13.29,2025-03-31 17:52:38.904066,1,0.27,37.37,0,0
E5847,MRI,3,4.53,2025-02-27 17:52:38.904066,1,0.66,40.47,0,1
E5848,ECG,4,3.69,2025-01-31 17:52:38.904066,1,0.29,32.68,1,1
E5849,Ventilator,6,7.81,2024-12-29 17:52:38.904066,1,0.09,66.69,0,1
E5850,ECG,3,19.67,2025-05-02 17:52:38.904066,2,0.73,50.96,2,1
E5851,MRI,9,6.07,2025-01-31 17:52:38.904066,1,0.59,28.19,5,1
E5852,ECG,0,15.57,2024-11-10 17:52:38.904066,1,0.67,20.49,3,1
E5853,ECG,10,1.31,2025-05-04 17:52:38.904066,1,0.53,43.41,0,1
E5854,Ultrasound,3,13.21,2024-09-30 17:52:38.904066,1,0.49,26.85,0,1
E5855,ECG,3,17.68,2024-11-17 17:52:38.904066,0,0.05,24.05,1,1
E5856,Ventilator,6,19.64,2025-03-09 17:52:38.904066,1,0.31,52.57,4,1
E5857,Ventilator,7,2.39,2025-05-25 17:52:38.904066,0,0.76,67.69,1,1
E5858,Ventilator,1,17.01,2025-05-16 17:52:38.904066,0,0.48,52.46,1,1
E5859,MRI,0,12.46,2025-08-05 17:52:38.904066,0,0.07,38.54,3,0
E5860,Ventilator,4,16.31,2025-01-28 17:52:38.904066,0,0.3,41.66,2,1
E5861,Ultrasound,4,17.07,2024-10-16 17:52:38.904066,0,0.19,61.53,2,1
E5862,Ultrasound,11,4.05,2024-09-16 17:52:38.904066,5,0.73,30.21,0,1
E5863,ECG,7,12.68,2025-04-16 17:52:38.904066,0,0.04,46.52,0,0
E5864,ECG,10,1.8,2025-05-07 17:52:38.904066,2,0.68,59.98,1,1
E5865,ECG,3,9.37,2025-07-26 17:52:38.904066,0,0.36,64.06,1,1
E5866,Ultrasound,5,11.93,2025-08-04 17:52:38.904066,0,0.36,46.66,1,0
E5867,ECG,4,15.79,2024-10-14 17:52:38.904066,1,0.23,37.96,0,1
E5868,MRI,4,2.45,2025-05-11 17:52:38.904066,2,0.69,34.72,1,1
E5869,ECG,3,3.89,2025-02-01 17:52:38.904066,0,0.77,66.29,2,1
E5870,ECG,6,14.19,2025-08-03 17:52:38.904066,0,0.33,34.98,0,0
E5871,Ultrasound,2,6.33,2025-03-28 17:52:38.904066,2,0.04,44.46,1,0
E5872,MRI,3,11.0,2024-12-05 17:52:38.904066,1,0.04,31.18,1,1
E5873,Ventilator,4,5.47,2024-08-24 17:52:38.904066,1,0.66,35.84,2,1
E5874,ECG,9,16.88,2025-06-01 17:52:38.904066,0,0.47,51.68,3,1
E5875,MRI,9,13.79,2024-12-11 17:52:38.904066,0,0.34,37.87,5,1
E5876,Ventilator,8,8.25,2025-03-19 17:52:38.904066,3,0.25,38.75,1,1
E5877,Ultrasound,9,12.67,2024-11-20 17:52:38.904066,2,0.61,36.84,2,1
E5878,MRI,1,18.61,2025-02-05 17:52:38.904066,0,0.59,66.38,1,1
E5879,MRI,5,14.72,2024-12-17 17:52:38.904066,0,0.34,54.88,1,1
E5880,Ventilator,6,19.43,2024-09-18 17:52:38.904066,0,0.68,44.8,2,1
E5881,MRI,0,0.98,2024-10-27 17:52:38.904066,0,0.07,46.13,1,1
E5882,Ventilator,0,5.21,2024-08-27 17:52:38.904066,1,0.8,32.53,4,1
E5883,Ventilator,3,3.32,2024-12-31 17:52:38.904066,0,0.62,67.77,1,1
E5884,MRI,14,17.09,2025-04-21 17:52:38.904066,0,0.41,33.45,2,1
E5885,MRI,9,19.96,2024-10-20 17:52:38.904066,2,0.07,46.92,2,1
E5886,MRI,2,10.25,2025-02-20 17:52:38.904066,0,0.73,49.6,0,1
E5887,ECG,3,12.13,2025-01-29 17:52:38.904066,2,0.38,59.76,0,1
E5888,Ultrasound,6,18.16,2024-09-20 17:52:38.904066,3,0.21,25.99,4,1
E5889,MRI,1,5.11,2025-06-07 17:52:38.904066,0,0.66,35.98,0,1
E5890,Ultrasound,8,17.32,2024-10-24 17:52:38.904066,0,0.24,66.96,0,1
E5891,ECG,8,10.76,2025-05-10 17:52:38.904066,3,0.62,64.76,1,1
E5892,ECG,8,9.91,2025-03-06 17:52:38.904066,1,0.5,51.17,0,0
E5893,Ultrasound,1,9.81,2024-09-19 17:52:38.904066,1,0.23,45.21,1,1
E5894,MRI,1,3.27,2024-08-25 17:52:38.904066,0,0.32,58.99,2,1
E5895,MRI,4,9.14,2024-12-25 17:52:38.904066,1,0.71,58.27,2,1
E5896,Ventilator,1,15.86,2025-07-26 17:52:38.904066,0,0.48,38.02,3,0
E5897,Ventilator,14,8.79,2024-12-15 17:52:38.904066,2,0.78,65.55,1,1
E5898,MRI,5,15.78,2025-06-10 17:52:38.904066,1,0.46,34.75,3,0
E5899,Ultrasound,3,13.52,2024-12-28 17:52:38.904066,3,0.58,69.96,1,1
E5900,ECG,6,18.43,2025-02-08 17:52:38.904066,2,0.79,25.0,0,1
E5901,ECG,5,9.62,2024-12-08 17:52:38.904066,1,0.45,49.9,1,1
E5902,Ventilator,1,7.11,2025-07-06 17:52:38.904066,2,0.44,60.08,1,1
E5903,ECG,8,8.24,2024-10-13 17:52:38.904066,1,0.42,20.91,1,1
E5904,Ventilator,7,3.47,2024-09-07 17:52:38.904066,3,0.4,52.84,1,1
E5905,Ventilator,2,6.41,2025-03-05 17:52:38.904066,0,0.02,23.32,3,0
E5906,MRI,4,5.65,2025-02-21 17:52:38.904066,0,0.51,41.14,1,0
E5907,ECG,11,11.51,2025-01-20 17:52:38.904066,0,0.27,30.31,2,1
E5908,MRI,0,14.72,2025-04-16 17:52:38.904066,2,0.49,65.01,0,1
E5909,ECG,0,0.21,2025-07-01 17:52:38.904066,0,0.62,67.54,2,1
E5910,Ultrasound,1,9.25,2024-09-13 17:52:38.904066,0,0.49,54.93,1,1
E5911,Ventilator,10,16.43,2024-12-12 17:52:38.904066,0,0.09,30.43,2,1
E5912,MRI,2,2.35,2025-07-31 17:52:38.904066,0,0.57,64.5,1,1
E5913,MRI,1,16.16,2024-10-06 17:52:38.904066,0,0.53,39.16,1,1
E5914,Ultrasound,0,15.85,2025-05-01 17:52:38.904066,0,0.22,46.4,2,0
E5915,Ultrasound,9,19.1,2025-01-24 17:52:38.904066,1,0.74,59.2,1,1
E5916,ECG,1,11.05,2025-04-02 17:52:38.904066,1,0.32,69.84,5,1
E5917,Ventilator,4,1.92,2024-12-11 17:52:38.904066,3,0.79,26.48,0,1
E5918,Ventilator,10,16.33,2025-06-14 17:52:38.904066,0,0.34,40.6,1,1
E5919,ECG,6,2.85,2024-12-17 17:52:38.904066,0,0.77,51.78,0,1
E5920,ECG,2,2.35,2024-08-19 17:52:38.904066,0,0.38,47.85,2,1
E5921,Ultrasound,5,8.58,2024-11-08 17:52:38.904066,0,0.42,23.2,2,1
E5922,ECG,2,17.42,2024-11-30 17:52:38.904066,1,0.43,28.67,1,1
E5923,Ultrasound,0,18.92,2024-11-10 17:52:38.904066,2,0.25,50.06,2,1
E5924,MRI,6,18.97,2025-07-16 17:52:38.904066,1,0.4,28.47,1,1
E5925,Ventilator,5,9.56,2024-10-09 17:52:38.904066,0,0.11,66.97,0,1
E5926,ECG,3,8.65,2025-03-27 17:52:38.904066,0,0.27,29.71,2,0
E5927,MRI,3,15.16,2024-09-28 17:52:38.904066,4,0.38,54.67,0,1
E5928,ECG,9,18.13,2025-06-12 17:52:38.904066,0,0.59,39.2,0,1
E5929,Ultrasound,0,19.5,2024-08-17 17:52:38.904066,1,0.55,33.3,0,1
E5930,Ultrasound,5,19.31,2025-04-09 17:52:38.904066,2,0.22,28.68,2,1
E5931,MRI,5,15.04,2025-06-30 17:52:38.904066,1,0.56,23.0,1,0
E5932,MRI,1,11.99,2024-08-13 17:52:38.904066,0,0.73,36.88,1,1
E5933,MRI,2,11.04,2025-07-13 17:52:38.904066,0,0.58,55.49,1,0
E5934,ECG,4,2.63,2024-12-16 17:52:38.904066,1,0.64,23.85,2,1
E5935,MRI,3,6.22,2024-10-05 17:52:38.904066,0,0.75,48.08,1,1
E5936,ECG,8,16.97,2025-02-25 17:52:38.904066,1,0.35,40.42,1,1
E5937,MRI,2,7.46,2025-03-12 17:52:38.904066,1,0.44,46.44,4,1
E5938,ECG,7,1.15,2025-02-24 17:52:38.904066,0,0.4,20.56,0,0
E5939,Ventilator,11,8.35,2024-12-30 17:52:38.904066,0,0.17,41.89,1,1
E5940,Ventilator,4,6.63,2025-02-12 17:52:38.904066,1,0.37,55.27,0,0
E5941,Ultrasound,4,19.86,2024-09-26 17:52:38.904066,0,0.57,58.17,1,1
E5942,ECG,2,3.4,2024-08-29 17:52:38.904066,1,0.79,27.02,0,1
E5943,MRI,9,13.02,2025-01-10 17:52:38.904066,0,0.1,61.39,6,1
E5944,ECG,3,16.71,2025-04-18 17:52:38.904066,0,0.12,65.77,0,1
E5945,ECG,2,18.36,2025-01-09 17:52:38.904066,1,0.79,32.61,3,1
E5946,ECG,11,17.61,2025-02-24 17:52:38.904066,0,0.0,38.74,3,1
E5947,ECG,3,7.39,2025-05-13 17:52:38.904066,1,0.74,24.85,1,1
E5948,Ultrasound,6,0.94,2025-02-09 17:52:38.904066,0,0.43,56.55,1,0
E5949,ECG,5,14.24,2025-03-03 17:52:38.904066,0,0.24,28.65,0,0
E5950,Ultrasound,4,3.02,2025-02-09 17:52:38.904066,2,0.73,43.22,1,1
E5951,Ultrasound,1,2.7,2025-06-12 17:52:38.904066,0,0.49,54.13,0,0
E5952,ECG,2,13.28,2025-05-03 17:52:38.904066,1,0.52,32.6,1,0
E5953,Ultrasound,6,13.66,2024-11-20 17:52:38.904066,0,0.07,26.94,0,1
E5954,Ultrasound,2,19.55,2025-06-11 17:52:38.904066,1,0.34,64.47,1,1
E5955,Ultrasound,3,17.57,2025-01-19 17:52:38.904066,0,0.0,31.82,1,1
E5956,Ultrasound,8,5.13,2024-08-21 17:52:38.904066,0,0.3,33.69,1,1
E5957,Ventilator,10,3.12,2024-10-13 17:52:38.904066,0,0.41,28.68,3,1
E5958,Ultrasound,6,14.76,2025-06-30 17:52:38.904066,0,0.13,65.11,2,1
E5959,Ventilator,4,9.73,2025-02-10 17:52:38.904066,1,0.56,31.87,3,0
E5960,Ventilator,4,13.92,2024-08-28 17:52:38.904066,1,0.74,33.19,4,1
E5961,ECG,9,18.43,2025-07-04 17:52:38.904066,1,0.65,38.5,0,1
E5962,ECG,9,17.12,2024-10-06 17:52:38.904066,0,0.67,68.16,0,1
E5963,ECG,6,4.64,2025-05-10 17:52:38.904066,1,0.63,65.11,3,1
E5964,Ultrasound,0,13.17,2024-09-27 17:52:38.904066,3,0.59,22.78,2,1
E5965,ECG,2,4.19,2025-06-09 17:52:38.904066,1,0.49,43.86,0,0
E5966,MRI,6,12.14,2024-12-09 17:52:38.904066,0,0.67,26.14,2,1
E5967,ECG,2,7.63,2025-03-30 17:52:38.904066,2,0.38,55.85,2,0
E5968,MRI,9,1.49,2024-08-09 17:52:38.904066,0,0.75,27.57,2,1
E5969,Ultrasound,10,10.1,2025-07-27 17:52:38.904066,2,0.54,42.47,1,1
E5970,Ultrasound,3,7.9,2025-07-31 17:52:38.904066,0,0.67,42.13,4,1
E5971,MRI,7,11.94,2024-09-13 17:52:38.904066,1,0.65,44.39,5,1
E5972,ECG,5,8.34,2024-09-26 17:52:38.904066,2,0.27,62.1,1,1
E5973,ECG,2,4.68,2025-07-27 17:52:38.904066,2,0.68,38.42,0,1
E5974,MRI,0,6.47,2025-07-06 17:52:38.904066,0,0.29,49.43,4,1
E5975,Ventilator,6,19.71,2025-04-24 17:52:38.904066,2,0.44,33.98,0,1
E5976,ECG,11,9.14,2024-10-08 17:52:38.904066,1,0.58,66.21,1,1
E5977,Ventilator,12,2.13,2024-10-12 17:52:38.904066,2,0.38,23.96,1,1
E5978,ECG,4,4.74,2025-02-28 17:52:38.904066,1,0.49,36.85,4,1
E5979,Ultrasound,5,13.95,2024-08-18 17:52:38.904066,0,0.5,47.02,3,1
E5980,MRI,6,10.25,2024-08-20 17:52:38.904066,0,0.48,60.08,0,1
E5981,Ventilator,0,19.97,2024-12-03 17:52:38.904066,0,0.01,67.57,1,1
E5982,MRI,6,7.34,2024-09-16 17:52:38.904066,0,0.18,47.4,0,1
E5983,ECG,4,12.53,2025-01-23 17:52:38.904066,0,0.26,52.57,1,1
E5984,Ultrasound,13,8.01,2025-08-03 17:52:38.904066,1,0.56,41.19,1,1
E5985,Ultrasound,7,11.45,2025-03-24 17:52:38.904066,2,0.31,46.07,2,0
E5986,ECG,13,19.11,2025-02-24 17:52:38.904066,0,0.01,23.35,1,1
E5987,MRI,15,6.41,2024-08-26 17:52:38.904066,0,0.21,52.21,1,1
E5988,Ultrasound,4,18.83,2024-08-27 17:52:38.904066,1,0.01,30.44,3,1
E5989,Ventilator,9,6.02,2024-10-01 17:52:38.904066,0,0.25,48.82,0,1
E5990,Ventilator,0,4.28,2024-12-05 17:52:38.904066,1,0.37,24.72,1,1
E5991,Ultrasound,5,7.69,2025-02-01 17:52:38.904066,2,0.42,26.42,3,1
E5992,Ultrasound,0,3.79,2025-05-13 17:52:38.904066,0,0.77,40.95,2,1
E5993,MRI,8,8.44,2025-03-14 17:52:38.904066,1,0.51,58.86,0,0
E5994,Ventilator,6,3.22,2024-12-11 17:52:38.904066,2,0.25,23.27,2,1
E5995,Ventilator,7,1.41,2024-12-15 17:52:38.904066,1,0.56,41.18,0,1
E5996,ECG,10,7.04,2024-10-03 17:52:38.904066,1,0.41,58.64,2,1
E5997,ECG,9,16.76,2024-12-25 17:52:38.904066,0,0.12,64.4,4,1
E5998,Ultrasound,5,3.92,2025-06-04 17:52:38.904066,1,0.65,47.62,1,1
E5999,Ventilator,6,0.8,2024-11-06 17:52:38.904066,1,0.43,50.5,1,1
E6000,Ultrasound,8,10.29,2025-07-25 17:52:38.904066,1,0.11,66.9,0,1
E6001,ECG,9,5.19,2024-08-25 17:52:38.904066,1,0.16,27.45,2,1
E6002,MRI,0,6.57,2024-09-07 17:52:38.904066,0,0.19,21.96,1,1
E6003,Ultrasound,2,17.63,2024-10-12 17:52:38.904066,0,0.23,42.34,2,1
E6004,ECG,10,9.18,2024-08-27 17:52:38.904066,1,0.47,27.1,2,1
E6005,ECG,6,5.43,2024-08-27 17:52:38.904066,1,0.15,42.3,1,1
E6006,MRI,9,3.63,2025-02-13 17:52:38.904066,0,0.62,54.89,1,1
E6007,ECG,6,14.15,2024-11-02 17:52:38.904066,0,0.68,52.13,0,1
E6008,ECG,9,18.88,2025-07-04 17:52:38.904066,0,0.51,34.9,1,1
E6009,Ventilator,6,9.89,2024-09-28 17:52:38.904066,2,0.45,64.71,2,1
E6010,ECG,9,6.17,2024-10-07 17:52:38.904066,0,0.75,21.58,1,1
E6011,ECG,9,19.08,2025-01-01 17:52:38.904066,0,0.6,59.2,2,1
E6012,MRI,0,17.17,2025-05-23 17:52:38.904066,1,0.16,27.83,1,1
E6013,MRI,1,16.71,2025-07-24 17:52:38.904066,1,0.41,22.56,2,1
E6014,MRI,0,1.2,2024-12-03 17:52:38.904066,0,0.49,45.4,1,1
E6015,MRI,2,19.87,2024-08-17 17:52:38.904066,0,0.04,29.22,1,1
E6016,MRI,6,0.31,2024-11-23 17:52:38.904066,3,0.72,69.0,2,1
E6017,Ventilator,11,8.25,2025-03-27 17:52:38.904066,0,0.29,69.38,1,1
E6018,Ultrasound,0,1.1,2024-12-30 17:52:38.904066,2,0.66,39.01,0,1
E6019,Ultrasound,2,0.36,2025-05-20 17:52:38.904066,0,0.19,25.76,2,0
E6020,MRI,4,14.49,2025-04-23 17:52:38.904066,0,0.55,66.85,2,1
E6021,Ultrasound,14,10.03,2025-04-25 17:52:38.904066,1,0.65,49.05,2,1
E6022,Ultrasound,1,14.77,2025-02-16 17:52:38.904066,0,0.6,20.52,0,0
E6023,Ventilator,7,16.62,2025-03-27 17:52:38.904066,0,0.4,41.79,4,1
E6024,MRI,6,13.9,2024-10-10 17:52:38.904066,0,0.44,53.08,2,1
E6025,ECG,0,7.98,2024-08-30 17:52:38.904066,0,0.42,25.89,3,1
E6026,ECG,2,16.9,2025-01-13 17:52:38.904066,3,0.47,49.16,1,1
E6027,Ventilator,6,18.18,2024-12-21 17:52:38.904066,1,0.1,30.21,2,1
E6028,MRI,4,13.25,2024-12-10 17:52:38.904066,0,0.05,21.03,5,1
E6029,MRI,11,16.33,2024-12-25 17:52:38.904066,0,0.03,56.14,1,1
E6030,Ventilator,8,10.79,2025-03-15 17:52:38.904066,0,0.78,33.28,2,1
E6031,ECG,6,11.88,2024-09-12 17:52:38.904066,0,0.72,52.56,0,1
E6032,Ultrasound,7,5.19,2025-07-15 17:52:38.904066,0,0.48,47.48,3,0
E6033,ECG,6,5.21,2025-06-30 17:52:38.904066,0,0.73,59.92,0,1
E6034,Ultrasound,2,19.15,2025-05-10 17:52:38.904066,1,0.38,44.54,1,1
E6035,MRI,0,4.91,2024-11-22 17:52:38.904066,0,0.03,32.51,1,1
E6036,MRI,0,4.64,2025-07-27 17:52:38.904066,0,0.4,54.41,0,0
E6037,ECG,1,15.93,2025-06-23 17:52:38.904066,1,0.06,46.9,2,0
E6038,MRI,2,4.17,2024-11-07 17:52:38.904066,2,0.12,42.14,0,1
E6039,Ultrasound,5,10.03,2024-10-10 17:52:38.904066,2,0.1,43.92,1,1
E6040,Ultrasound,6,1.05,2024-11-02 17:52:38.904066,0,0.19,51.43,1,1
E6041,Ultrasound,4,3.58,2025-06-12 17:52:38.904066,0,0.34,36.81,1,0
E6042,Ultrasound,8,19.72,2024-09-07 17:52:38.904066,0,0.67,45.22,2,1
E6043,ECG,11,18.73,2025-05-27 17:52:38.904066,1,0.44,30.69,1,1
E6044,ECG,8,1.09,2025-07-27 17:52:38.904066,1,0.5,47.55,2,0
E6045,MRI,0,0.35,2025-02-08 17:52:38.904066,0,0.44,20.29,0,0
E6046,Ventilator,7,13.93,2025-06-06 17:52:38.904066,0,0.25,50.93,1,0
E6047,MRI,6,13.08,2024-11-04 17:52:38.904066,0,0.17,62.34,0,1
E6048,ECG,10,7.55,2025-05-03 17:52:38.904066,0,0.38,26.44,1,1
E6049,ECG,0,13.8,2025-03-03 17:52:38.904066,0,0.05,35.58,3,0
E6050,MRI,3,1.91,2024-11-12 17:52:38.904066,0,0.22,41.06,2,1
E6051,MRI,4,15.91,2025-05-26 17:52:38.904066,0,0.8,51.14,3,1
E6052,Ventilator,0,10.65,2025-04-09 17:52:38.904066,2,0.3,52.79,0,0
E6053,Ventilator,6,19.17,2025-03-14 17:52:38.904066,1,0.62,54.31,3,1
E6054,MRI,4,8.33,2025-04-24 17:52:38.904066,1,0.31,58.91,0,0
E6055,Ultrasound,7,1.67,2025-01-12 17:52:38.904066,1,0.3,25.63,3,1
E6056,Ultrasound,7,8.38,2024-10-11 17:52:38.904066,1,0.52,69.08,0,1
E6057,Ventilator,7,8.35,2024-08-09 17:52:38.904066,1,0.69,61.58,5,1
E6058,Ventilator,4,4.87,2024-10-23 17:52:38.904066,0,0.35,28.98,0,1
E6059,ECG,9,12.26,2025-02-26 17:52:38.904066,0,0.52,22.02,1,1
E6060,Ultrasound,4,13.75,2025-07-18 17:52:38.904066,0,0.65,65.9,3,1
E6061,Ventilator,9,15.01,2024-11-25 17:52:38.904066,0,0.35,35.14,0,1
E6062,MRI,14,10.23,2025-07-27 17:52:38.904066,1,0.1,62.75,2,1
E6063,MRI,3,11.76,2024-11-09 17:52:38.904066,2,0.59,51.01,3,1
E6064,Ultrasound,4,15.41,2025-03-03 17:52:38.904066,1,0.26,29.44,1,0
E6065,ECG,1,1.42,2025-02-02 17:52:38.904066,0,0.13,47.66,3,1
E6066,Ultrasound,9,6.25,2024-12-10 17:52:38.904066,0,0.39,21.64,2,1
E6067,MRI,8,11.79,2025-03-20 17:52:38.904066,0,0.0,22.24,2,0
E6068,MRI,9,13.42,2024-11-28 17:52:38.904066,0,0.66,56.22,2,1
E6069,MRI,3,10.23,2025-05-24 17:52:38.904066,0,0.12,31.0,2,0
E6070,Ventilator,8,2.04,2024-09-10 17:52:38.904066,0,0.23,31.13,4,1
E6071,Ultrasound,5,17.38,2024-09-16 17:52:38.904066,0,0.46,36.22,0,1
E6072,Ultrasound,2,7.68,2024-08-11 17:52:38.904066,1,0.33,36.08,2,1
E6073,ECG,5,8.58,2025-02-27 17:52:38.904066,0,0.42,41.5,3,0
E6074,ECG,0,9.57,2024-12-14 17:52:38.904066,1,0.51,46.23,1,1
E6075,Ultrasound,12,0.41,2025-01-24 17:52:38.904066,1,0.33,32.4,4,1
E6076,Ventilator,7,7.34,2024-08-29 17:52:38.904066,0,0.12,27.96,4,1
E6077,Ventilator,13,16.03,2025-03-10 17:52:38.904066,2,0.62,64.99,1,1
E6078,ECG,4,8.4,2025-03-12 17:52:38.904066,1,0.27,59.19,2,0
E6079,MRI,2,16.82,2024-08-15 17:52:38.904066,2,0.46,47.82,1,1
E6080,Ultrasound,5,4.72,2025-04-21 17:52:38.904066,1,0.28,58.22,1,0
E6081,MRI,6,13.22,2025-07-11 17:52:38.904066,2,0.24,59.93,2,0
E6082,Ventilator,6,2.95,2024-08-25 17:52:38.904066,3,0.72,32.35,1,1
E6083,Ventilator,0,14.82,2025-05-15 17:52:38.904066,0,0.3,62.82,3,1
E6084,Ultrasound,0,15.27,2025-06-04 17:52:38.904066,1,0.1,55.81,2,0
E6085,ECG,2,0.02,2024-08-24 17:52:38.904066,0,0.44,68.98,2,1
E6086,Ultrasound,5,18.75,2025-05-15 17:52:38.904066,0,0.11,63.79,1,1
E6087,Ventilator,0,14.77,2024-08-31 17:52:38.904066,2,0.31,55.76,4,1
E6088,ECG,9,9.48,2024-12-11 17:52:38.904066,0,0.69,21.69,1,1
E6089,Ultrasound,10,12.29,2024-12-13 17:52:38.904066,0,0.78,68.67,1,1
E6090,Ventilator,5,3.86,2025-05-26 17:52:38.904066,0,0.48,29.48,3,0
E6091,MRI,0,4.07,2025-06-23 17:52:38.904066,1,0.75,42.49,0,1
E6092,MRI,0,13.68,2025-01-31 17:52:38.904066,1,0.72,24.0,0,1
E6093,Ventilator,8,9.29,2024-12-25 17:52:38.904066,0,0.72,48.98,0,1
E6094,Ventilator,0,17.62,2025-05-28 17:52:38.904066,0,0.29,25.97,2,1
E6095,Ventilator,1,8.59,2025-05-14 17:52:38.904066,1,0.04,47.8,0,0
E6096,ECG,9,6.97,2025-02-24 17:52:38.904066,1,0.75,64.91,0,1
E6097,Ventilator,0,0.28,2024-12-15 17:52:38.904066,2,0.73,24.99,0,1
E6098,MRI,1,11.84,2025-06-10 17:52:38.904066,0,0.18,47.53,1,0
E6099,MRI,0,12.68,2025-06-23 17:52:38.904066,0,0.06,62.36,0,1
E6100,MRI,8,10.89,2024-08-19 17:52:38.904066,0,0.57,44.21,2,1
E6101,Ventilator,0,19.12,2025-04-01 17:52:38.904066,3,0.1,48.36,1,1
E6102,ECG,10,19.51,2025-06-17 17:52:38.904066,3,0.36,25.72,1,1
E6103,Ultrasound,1,15.67,2024-09-10 17:52:38.904066,1,0.24,32.12,3,1
E6104,MRI,8,7.61,2025-07-20 17:52:38.904066,0,0.14,30.26,2,0
E6105,MRI,10,10.31,2024-10-12 17:52:38.904066,0,0.62,63.61,0,1
E6106,MRI,9,11.53,2024-10-08 17:52:38.904066,1,0.29,21.23,2,1
E6107,ECG,14,17.77,2024-10-15 17:52:38.904066,1,0.27,50.11,2,1
E6108,Ultrasound,0,7.13,2025-04-21 17:52:38.904066,0,0.75,53.66,2,1
E6109,MRI,5,9.46,2024-10-02 17:52:38.904066,2,0.48,48.78,0,1
E6110,Ultrasound,3,10.49,2025-01-21 17:52:38.904066,1,0.54,22.35,1,1
E6111,Ultrasound,2,12.62,2025-07-20 17:52:38.904066,0,0.5,47.11,2,0
E6112,Ventilator,0,9.74,2025-05-24 17:52:38.904066,1,0.36,30.28,2,0
E6113,Ventilator,4,6.94,2024-09-19 17:52:38.904066,2,0.47,65.92,1,1
E6114,ECG,1,5.5,2025-06-24 17:52:38.904066,0,0.52,27.72,1,0
E6115,ECG,5,11.64,2025-01-06 17:52:38.904066,0,0.16,54.56,3,1
E6116,MRI,0,18.47,2025-06-11 17:52:38.904066,1,0.36,53.7,1,1
E6117,Ventilator,5,5.25,2025-04-07 17:52:38.904066,2,0.57,65.95,1,1
E6118,ECG,1,4.05,2024-11-21 17:52:38.904066,1,0.73,25.32,3,1
E6119,Ultrasound,9,3.95,2025-03-01 17:52:38.904066,0,0.31,26.33,1,1
E6120,MRI,10,14.77,2025-07-06 17:52:38.904066,1,0.73,32.77,2,1
E6121,Ventilator,5,4.58,2024-09-06 17:52:38.904066,3,0.79,34.46,1,1
E6122,MRI,4,11.04,2025-06-03 17:52:38.904066,2,0.53,29.91,1,0
E6123,ECG,1,5.63,2024-08-23 17:52:38.904066,0,0.64,28.05,2,1
E6124,Ventilator,10,12.48,2024-10-05 17:52:38.904066,2,0.61,30.61,1,1
E6125,Ventilator,6,10.89,2024-12-21 17:52:38.904066,1,0.53,65.32,0,1
E6126,ECG,5,5.22,2025-04-04 17:52:38.904066,1,0.23,59.95,1,0
E6127,MRI,5,11.67,2025-04-01 17:52:38.904066,1,0.51,64.37,0,1
E6128,ECG,6,10.61,2024-11-09 17:52:38.904066,0,0.22,22.42,2,1
E6129,MRI,0,11.79,2025-07-07 17:52:38.904066,1,0.06,67.93,4,1
E6130,Ventilator,6,9.77,2025-04-25 17:52:38.904066,0,0.0,56.03,3,0
E6131,Ultrasound,5,17.91,2025-01-29 17:52:38.904066,2,0.5,68.34,0,1
E6132,Ventilator,1,3.55,2025-01-18 17:52:38.904066,0,0.6,55.29,0,1
E6133,ECG,6,10.7,2025-01-23 17:52:38.904066,0,0.76,39.42,1,1
E6134,Ventilator,2,18.22,2024-11-09 17:52:38.904066,0,0.09,65.53,2,1
E6135,MRI,5,0.74,2025-07-18 17:52:38.904066,1,0.4,47.66,0,0
E6136,Ultrasound,6,1.47,2024-09-07 17:52:38.904066,2,0.1,66.47,2,1
E6137,MRI,4,7.91,2025-02-26 17:52:38.904066,0,0.79,32.74,1,1
E6138,Ultrasound,6,14.2,2025-05-02 17:52:38.904066,0,0.01,51.5,1,0
E6139,Ultrasound,5,11.91,2024-11-11 17:52:38.904066,3,0.66,40.03,1,1
E6140,Ventilator,5,16.84,2025-02-24 17:52:38.904066,0,0.73,55.62,1,1
E6141,ECG,3,19.6,2025-07-13 17:52:38.904066,1,0.46,52.15,0,1
E6142,Ventilator,0,10.74,2025-03-03 17:52:38.904066,1,0.48,63.55,1,1
E6143,Ventilator,14,17.14,2025-02-05 17:52:38.904066,1,0.48,42.09,1,1
E6144,Ultrasound,9,8.2,2024-08-21 17:52:38.904066,2,0.24,60.36,1,1
E6145,MRI,0,9.46,2024-12-10 17:52:38.904066,1,0.22,60.69,2,1
E6146,Ultrasound,7,7.25,2024-11-27 17:52:38.904066,2,0.63,45.53,0,1
E6147,ECG,4,9.67,2025-07-19 17:52:38.904066,3,0.6,44.52,0,1
E6148,MRI,6,19.94,2025-02-10 17:52:38.904066,0,0.15,65.72,3,1
E6149,MRI,7,7.81,2024-09-14 17:52:38.904066,0,0.2,37.06,0,1
E6150,ECG,1,8.86,2024-10-15 17:52:38.904066,0,0.7,53.4,1,1
E6151,ECG,8,16.65,2025-01-31 17:52:38.904066,1,0.71,37.42,2,1
E6152,Ventilator,6,13.52,2024-09-03 17:52:38.904066,0,0.72,22.21,0,1
E6153,Ventilator,1,8.07,2024-09-04 17:52:38.904066,0,0.54,55.64,1,1
E6154,MRI,15,14.55,2024-09-29 17:52:38.904066,0,0.38,54.35,3,1
E6155,ECG,6,8.65,2025-07-21 17:52:38.904066,0,0.65,49.91,3,1
E6156,Ultrasound,2,19.1,2025-01-04 17:52:38.904066,0,0.41,31.33,0,1
E6157,ECG,8,6.54,2024-08-24 17:52:38.904066,0,0.13,36.61,3,1
E6158,ECG,9,2.96,2025-01-18 17:52:38.904066,1,0.69,35.26,1,1
E6159,Ventilator,2,16.22,2024-10-07 17:52:38.904066,2,0.43,56.85,1,1
E6160,MRI,6,9.65,2024-09-05 17:52:38.904066,3,0.78,34.77,3,1
E6161,Ventilator,2,12.67,2025-04-19 17:52:38.904066,0,0.22,55.22,1,0
E6162,ECG,9,8.17,2024-12-02 17:52:38.904066,0,0.52,28.53,0,1
E6163,MRI,9,4.17,2024-10-12 17:52:38.904066,0,0.6,43.89,4,1
E6164,Ultrasound,8,2.17,2025-06-17 17:52:38.904066,0,0.51,65.92,3,1
E6165,ECG,7,5.43,2025-05-30 17:52:38.904066,0,0.79,25.87,2,1
E6166,ECG,3,12.71,2024-12-07 17:52:38.904066,0,0.05,68.3,0,1
E6167,Ventilator,5,15.17,2024-10-10 17:52:38.904066,0,0.14,58.3,0,1
E6168,ECG,4,19.53,2025-04-01 17:52:38.904066,0,0.08,23.19,0,1
E6169,Ventilator,11,14.29,2024-10-07 17:52:38.904066,0,0.66,37.85,3,1
E6170,ECG,0,17.2,2025-07-05 17:52:38.904066,1,0.36,58.52,1,1
E6171,ECG,8,11.64,2025-01-30 17:52:38.904066,0,0.71,57.45,2,1
E6172,MRI,7,19.6,2025-05-12 17:52:38.904066,1,0.21,39.89,4,1
E6173,MRI,2,3.72,2024-11-11 17:52:38.904066,0,0.38,69.66,0,1
E6174,ECG,5,19.98,2025-01-11 17:52:38.904066,0,0.13,61.38,2,1
E6175,MRI,12,14.05,2024-11-28 17:52:38.904066,0,0.66,42.37,3,1
E6176,MRI,15,11.53,2025-02-18 17:52:38.904066,1,0.64,69.45,0,1
E6177,MRI,5,2.91,2024-08-06 17:52:38.904066,1,0.49,51.79,2,1
E6178,Ventilator,0,10.03,2024-09-15 17:52:38.904066,1,0.74,39.66,0,1
E6179,ECG,5,7.35,2024-11-28 17:52:38.904066,0,0.09,34.75,0,1
E6180,MRI,6,14.77,2024-09-10 17:52:38.904066,0,0.65,29.22,2,1
E6181,MRI,0,16.82,2024-08-17 17:52:38.904066,1,0.07,30.74,2,1
E6182,ECG,11,14.27,2024-10-01 17:52:38.904066,1,0.1,47.86,1,1
E6183,ECG,2,3.77,2024-10-04 17:52:38.904066,0,0.36,65.72,1,1
E6184,ECG,11,19.48,2025-07-20 17:52:38.904066,3,0.69,25.52,0,1
E6185,Ventilator,0,2.78,2025-07-21 17:52:38.904066,1,0.67,43.13,2,1
E6186,MRI,0,1.3,2024-12-28 17:52:38.904066,0,0.18,20.28,1,1
E6187,Ultrasound,7,2.02,2024-10-02 17:52:38.904066,0,0.58,59.01,4,1
E6188,Ultrasound,0,17.82,2025-04-21 17:52:38.904066,1,0.27,21.15,2,1
E6189,Ventilator,2,13.51,2025-07-31 17:52:38.904066,1,0.49,32.54,1,0
E6190,Ventilator,9,11.9,2025-04-11 17:52:38.904066,0,0.77,21.04,1,1
E6191,Ultrasound,10,14.33,2024-11-13 17:52:38.904066,1,0.16,61.6,4,1
E6192,MRI,4,13.14,2025-02-22 17:52:38.904066,1,0.62,28.38,3,1
E6193,ECG,8,9.44,2025-04-23 17:52:38.904066,0,0.35,47.82,1,0
E6194,MRI,1,13.12,2024-12-23 17:52:38.904066,0,0.06,43.49,0,1
E6195,ECG,3,12.34,2025-04-02 17:52:38.904066,2,0.54,22.08,1,0
E6196,Ultrasound,0,5.87,2024-10-08 17:52:38.904066,0,0.4,39.72,0,1
E6197,Ventilator,0,4.5,2025-03-30 17:52:38.904066,0,0.18,42.04,3,0
E6198,Ultrasound,2,5.11,2024-11-15 17:52:38.904066,1,0.4,55.07,0,1
E6199,Ultrasound,12,9.31,2025-07-11 17:52:38.904066,1,0.09,61.46,0,1
E6200,Ventilator,0,16.56,2024-08-11 17:52:38.904066,2,0.64,22.53,1,1
E6201,ECG,0,9.8,2025-01-15 17:52:38.904066,0,0.17,30.24,2,1
E6202,MRI,4,17.36,2025-03-02 17:52:38.904066,1,0.53,64.86,1,1
E6203,Ventilator,2,16.32,2024-08-27 17:52:38.904066,0,0.53,56.12,2,1
E6204,MRI,5,10.99,2024-10-12 17:52:38.904066,3,0.2,40.44,4,1
E6205,MRI,2,3.87,2025-05-17 17:52:38.904066,1,0.18,64.52,1,1
E6206,Ultrasound,9,5.06,2024-10-26 17:52:38.904066,0,0.41,20.33,2,1
E6207,Ultrasound,10,11.76,2024-08-13 17:52:38.904066,0,0.74,53.8,0,1
E6208,Ultrasound,10,6.88,2024-12-28 17:52:38.904066,1,0.14,28.88,1,1
E6209,ECG,6,5.77,2025-01-16 17:52:38.904066,0,0.25,35.35,2,1
E6210,Ventilator,2,8.11,2025-04-07 17:52:38.904066,1,0.13,39.2,0,0
E6211,ECG,5,19.24,2025-03-31 17:52:38.904066,1,0.12,62.04,1,1
E6212,ECG,2,8.28,2025-04-22 17:52:38.904066,1,0.79,46.41,1,1
E6213,ECG,0,5.92,2024-10-27 17:52:38.904066,1,0.04,36.52,0,1
E6214,ECG,5,5.75,2025-03-18 17:52:38.904066,1,0.73,47.51,0,1
E6215,MRI,1,18.73,2025-01-31 17:52:38.904066,1,0.42,64.24,0,1
E6216,Ultrasound,9,5.65,2024-10-04 17:52:38.904066,1,0.17,42.7,0,1
E6217,ECG,0,15.37,2024-11-11 17:52:38.904066,1,0.74,43.81,2,1
E6218,MRI,4,5.89,2025-07-28 17:52:38.904066,0,0.19,41.51,2,0
E6219,MRI,0,8.62,2025-05-25 17:52:38.904066,1,0.71,30.2,3,1
E6220,MRI,8,4.82,2024-10-08 17:52:38.904066,1,0.68,61.05,1,1
E6221,Ventilator,8,17.83,2024-09-29 17:52:38.904066,0,0.32,56.03,0,1
E6222,MRI,6,8.29,2025-05-05 17:52:38.904066,2,0.79,37.32,1,1
E6223,MRI,8,9.39,2024-09-10 17:52:38.904066,0,0.07,61.7,3,1
E6224,ECG,4,3.96,2024-09-22 17:52:38.904066,2,0.61,22.43,3,1
E6225,MRI,3,15.86,2025-03-21 17:52:38.904066,1,0.69,30.34,1,1
E6226,ECG,10,13.73,2024-11-14 17:52:38.904066,0,0.52,61.9,0,1
E6227,MRI,0,7.78,2025-01-25 17:52:38.904066,1,0.23,30.38,1,1
E6228,ECG,3,7.94,2024-12-04 17:52:38.904066,0,0.74,61.62,1,1
E6229,ECG,6,6.99,2025-04-29 17:52:38.904066,0,0.37,32.56,1,0
E6230,Ultrasound,7,10.28,2024-10-11 17:52:38.904066,0,0.44,51.79,0,1
E6231,MRI,1,3.73,2025-07-08 17:52:38.904066,0,0.26,22.46,1,0
E6232,Ventilator,13,15.82,2024-09-10 17:52:38.904066,0,0.75,55.1,1,1
E6233,MRI,4,18.22,2025-07-03 17:52:38.904066,0,0.76,69.15,0,1
E6234,MRI,7,6.03,2024-12-08 17:52:38.904066,1,0.39,67.43,1,1
E6235,Ventilator,3,12.37,2025-05-11 17:52:38.904066,0,0.19,24.87,1,0
E6236,MRI,6,8.9,2024-10-16 17:52:38.904066,3,0.45,41.87,2,1
E6237,Ultrasound,10,19.85,2025-02-10 17:52:38.904066,1,0.59,50.8,2,1
E6238,Ultrasound,11,5.15,2024-08-24 17:52:38.904066,5,0.03,63.9,1,1
E6239,Ventilator,8,1.77,2025-01-28 17:52:38.904066,0,0.3,29.91,4,1
E6240,Ventilator,8,12.69,2025-05-19 17:52:38.904066,2,0.0,46.28,2,0
E6241,ECG,6,19.54,2024-09-03 17:52:38.904066,2,0.69,40.05,2,1
E6242,ECG,5,3.17,2024-10-02 17:52:38.904066,0,0.04,32.06,1,1
E6243,Ventilator,6,19.08,2025-01-19 17:52:38.904066,0,0.11,66.59,2,1
E6244,Ultrasound,10,18.79,2025-02-25 17:52:38.904066,1,0.74,40.38,3,1
E6245,ECG,7,12.85,2025-02-24 17:52:38.904066,1,0.39,54.4,3,0
E6246,Ultrasound,6,18.22,2025-04-18 17:52:38.904066,1,0.49,40.35,0,1
E6247,MRI,10,19.12,2025-01-06 17:52:38.904066,0,0.37,29.18,1,1
E6248,ECG,1,7.54,2024-11-05 17:52:38.904066,0,0.18,49.31,2,1
E6249,Ultrasound,10,16.38,2025-03-11 17:52:38.904066,0,0.67,68.83,2,1
E6250,Ventilator,14,7.23,2024-12-26 17:52:38.904066,0,0.03,21.42,0,1
E6251,ECG,6,4.33,2024-11-28 17:52:38.904066,1,0.42,38.93,2,1
E6252,Ultrasound,1,3.19,2025-08-02 17:52:38.904066,0,0.37,55.92,2,0
E6253,ECG,5,9.54,2024-10-30 17:52:38.904066,0,0.09,28.82,1,1
E6254,Ventilator,10,0.46,2025-01-04 17:52:38.904066,1,0.28,32.55,0,1
E6255,ECG,4,2.27,2025-06-15 17:52:38.904066,0,0.63,37.74,1,1
E6256,Ultrasound,8,1.4,2025-07-18 17:52:38.904066,0,0.06,58.42,0,0
E6257,ECG,2,0.87,2025-02-06 17:52:38.904066,1,0.64,49.13,1,1
E6258,Ventilator,8,11.58,2025-04-01 17:52:38.904066,0,0.41,61.39,1,1
E6259,ECG,2,16.04,2024-10-02 17:52:38.904066,0,0.22,20.54,1,1
E6260,ECG,13,19.71,2025-06-04 17:52:38.904066,0,0.12,61.35,1,1
E6261,Ventilator,6,7.5,2025-02-13 17:52:38.904066,0,0.34,59.35,2,0
E6262,MRI,6,5.7,2025-03-11 17:52:38.904066,1,0.34,55.52,2,0
E6263,ECG,8,8.9,2024-12-16 17:52:38.904066,1,0.75,50.38,3,1
E6264,Ultrasound,9,10.52,2025-07-07 17:52:38.904066,1,0.05,36.8,1,1
E6265,ECG,11,17.96,2025-05-22 17:52:38.904066,3,0.24,55.09,1,1
E6266,Ultrasound,5,6.37,2024-11-04 17:52:38.904066,1,0.58,64.06,2,1
E6267,Ventilator,5,13.03,2024-11-24 17:52:38.904066,0,0.62,21.88,0,1
E6268,Ultrasound,6,0.53,2025-06-02 17:52:38.904066,1,0.69,33.04,2,1
E6269,MRI,0,11.54,2025-01-21 17:52:38.904066,0,0.73,21.57,1,1
E6270,Ventilator,5,14.69,2025-05-20 17:52:38.904066,1,0.56,47.18,1,0
E6271,ECG,3,9.82,2024-12-17 17:52:38.904066,0,0.08,66.64,2,1
E6272,Ventilator,3,0.97,2025-03-28 17:52:38.904066,1,0.13,47.97,2,0
E6273,MRI,7,12.4,2025-07-23 17:52:38.904066,0,0.53,61.11,3,1
E6274,Ultrasound,6,13.33,2024-09-18 17:52:38.904066,3,0.36,38.37,1,1
E6275,Ultrasound,0,6.81,2025-04-05 17:52:38.904066,1,0.79,59.02,1,1
E6276,Ventilator,9,13.41,2024-11-04 17:52:38.904066,1,0.3,40.53,4,1
E6277,Ventilator,5,5.17,2024-08-10 17:52:38.904066,4,0.02,39.93,0,1
E6278,ECG,2,18.03,2025-01-10 17:52:38.904066,2,0.01,40.65,1,1
E6279,Ventilator,0,19.45,2025-01-29 17:52:38.904066,2,0.48,68.65,1,1
E6280,MRI,2,7.2,2024-11-25 17:52:38.904066,0,0.77,48.55,2,1
E6281,Ventilator,6,12.62,2024-10-20 17:52:38.904066,0,0.0,27.47,0,1
E6282,Ventilator,6,11.5,2025-07-10 17:52:38.904066,1,0.05,42.78,2,0
E6283,ECG,6,6.72,2024-10-08 17:52:38.904066,1,0.06,39.04,1,1
E6284,ECG,5,5.64,2024-12-25 17:52:38.904066,2,0.38,61.4,1,1
E6285,Ultrasound,15,9.75,2025-05-17 17:52:38.904066,0,0.4,53.59,4,1
E6286,MRI,2,16.69,2025-05-24 17:52:38.904066,1,0.66,64.42,3,1
E6287,Ventilator,7,5.11,2025-05-10 17:52:38.904066,4,0.39,29.94,2,1
E6288,Ultrasound,1,15.71,2025-06-27 17:52:38.904066,0,0.44,55.87,1,0
E6289,ECG,4,0.35,2025-06-21 17:52:38.904066,2,0.66,33.13,0,1
E6290,Ultrasound,3,13.73,2024-10-18 17:52:38.904066,0,0.64,68.16,0,1
E6291,MRI,0,4.31,2025-03-23 17:52:38.904066,1,0.62,63.81,2,1
E6292,ECG,11,14.98,2025-02-22 17:52:38.904066,0,0.41,33.87,4,1
E6293,Ventilator,7,16.97,2024-10-10 17:52:38.904066,1,0.49,31.21,2,1
E6294,Ventilator,4,3.5,2025-01-06 17:52:38.904066,1,0.76,30.52,0,1
E6295,Ultrasound,8,3.63,2025-02-20 17:52:38.904066,1,0.73,66.68,2,1
E6296,MRI,3,3.72,2025-05-28 17:52:38.904066,0,0.44,25.76,1,0
E6297,Ventilator,3,14.12,2025-04-08 17:52:38.904066,1,0.66,24.65,0,1
E6298,Ultrasound,7,12.02,2024-11-12 17:52:38.904066,0,0.43,55.13,2,1
E6299,Ventilator,2,8.07,2025-04-23 17:52:38.904066,1,0.79,24.96,0,1
E6300,ECG,5,13.09,2025-05-21 17:52:38.904066,2,0.29,47.63,0,0
E6301,Ventilator,3,1.43,2025-07-23 17:52:38.904066,0,0.17,53.06,2,0
E6302,MRI,0,4.86,2024-10-28 17:52:38.904066,1,0.72,33.06,2,1
E6303,MRI,6,9.21,2024-12-17 17:52:38.904066,0,0.28,41.83,2,1
E6304,MRI,8,0.43,2025-03-16 17:52:38.904066,1,0.1,48.38,3,0
E6305,Ventilator,0,19.22,2024-12-28 17:52:38.904066,1,0.55,23.49,0,1
E6306,Ultrasound,4,14.57,2025-03-16 17:52:38.904066,0,0.09,66.97,2,1
E6307,ECG,7,9.89,2025-01-15 17:52:38.904066,1,0.15,65.67,2,1
E6308,ECG,14,11.3,2024-11-17 17:52:38.904066,0,0.36,35.43,3,1
E6309,Ventilator,4,6.44,2024-11-19 17:52:38.904066,1,0.76,65.96,0,1
E6310,MRI,0,9.23,2025-07-18 17:52:38.904066,1,0.41,23.51,3,0
E6311,MRI,4,13.0,2025-04-08 17:52:38.904066,1,0.38,34.81,1,0
E6312,ECG,8,7.49,2025-02-25 17:52:38.904066,1,0.47,65.65,1,1
E6313,ECG,3,3.84,2024-11-23 17:52:38.904066,0,0.43,40.5,1,1
E6314,MRI,0,2.72,2025-06-06 17:52:38.904066,0,0.26,23.77,1,0
E6315,ECG,8,0.17,2025-06-30 17:52:38.904066,0,0.04,24.81,1,0
E6316,Ultrasound,8,19.66,2024-12-12 17:52:38.904066,0,0.25,20.27,2,1
E6317,ECG,8,2.16,2025-01-23 17:52:38.904066,0,0.69,22.08,2,1
E6318,ECG,10,10.05,2025-05-28 17:52:38.904066,3,0.09,67.72,0,1
E6319,Ultrasound,4,8.11,2025-03-07 17:52:38.904066,0,0.68,50.29,3,1
E6320,Ultrasound,5,0.88,2024-11-25 17:52:38.904066,0,0.05,36.58,0,1
E6321,Ultrasound,10,6.44,2025-06-30 17:52:38.904066,0,0.33,22.45,2,1
E6322,Ventilator,10,8.33,2024-09-26 17:52:38.904066,1,0.68,54.19,0,1
E6323,MRI,6,12.2,2025-01-01 17:52:38.904066,1,0.27,33.13,0,1
E6324,ECG,3,6.62,2024-09-17 17:52:38.904066,0,0.14,52.43,0,1
E6325,ECG,6,9.48,2024-12-10 17:52:38.904066,0,0.54,47.59,2,1
E6326,MRI,0,10.41,2025-01-06 17:52:38.904066,0,0.12,57.22,1,1
E6327,Ventilator,8,1.71,2025-06-04 17:52:38.904066,1,0.7,24.16,0,1
E6328,Ultrasound,1,0.69,2024-09-29 17:52:38.904066,0,0.2,20.97,1,1
E6329,Ventilator,2,6.46,2025-07-20 17:52:38.904066,0,0.52,40.75,3,0
E6330,Ventilator,2,6.77,2025-05-07 17:52:38.904066,1,0.78,45.1,0,1
E6331,ECG,6,17.15,2025-04-07 17:52:38.904066,0,0.34,63.57,2,1
E6332,MRI,3,3.15,2024-12-20 17:52:38.904066,0,0.39,48.87,2,1
E6333,ECG,6,15.7,2024-08-22 17:52:38.904066,1,0.51,35.21,2,1
E6334,Ultrasound,0,4.16,2024-08-31 17:52:38.904066,1,0.56,41.47,2,1
E6335,ECG,15,16.41,2024-08-12 17:52:38.904066,1,0.54,21.11,4,1
E6336,ECG,5,10.86,2025-03-05 17:52:38.904066,1,0.33,41.34,0,0
E6337,ECG,0,8.15,2025-07-25 17:52:38.904066,1,0.65,42.4,2,1
E6338,Ultrasound,7,16.07,2025-01-29 17:52:38.904066,0,0.76,30.1,2,1
E6339,Ventilator,1,6.31,2024-10-13 17:52:38.904066,2,0.55,67.85,5,1
E6340,ECG,0,0.1,2025-05-05 17:52:38.904066,1,0.25,49.18,0,0
E6341,Ventilator,10,10.75,2024-10-16 17:52:38.904066,1,0.43,48.58,4,1
E6342,Ventilator,4,14.64,2025-05-20 17:52:38.904066,0,0.62,22.18,2,1
E6343,Ultrasound,9,5.8,2025-07-03 17:52:38.904066,1,0.7,67.33,2,1
E6344,Ventilator,4,3.64,2024-11-22 17:52:38.904066,0,0.59,20.89,1,1
E6345,Ultrasound,1,14.04,2024-11-11 17:52:38.904066,1,0.78,30.08,2,1
E6346,Ventilator,3,14.36,2024-11-02 17:52:38.904066,0,0.75,33.74,1,1
E6347,Ventilator,6,15.01,2024-10-26 17:52:38.904066,1,0.35,53.29,2,1
E6348,Ventilator,7,12.2,2025-08-04 17:52:38.904066,1,0.73,28.49,0,1
E6349,ECG,12,9.05,2025-05-15 17:52:38.904066,1,0.06,34.04,3,1
E6350,Ventilator,10,3.7,2025-04-18 17:52:38.904066,3,0.57,48.37,3,1
E6351,Ultrasound,12,13.22,2025-03-12 17:52:38.904066,2,0.33,55.51,0,1
E6352,Ultrasound,10,11.52,2024-12-12 17:52:38.904066,0,0.42,21.33,0,1
E6353,Ultrasound,3,2.98,2025-03-31 17:52:38.904066,0,0.77,38.63,1,1
E6354,MRI,2,17.36,2025-03-05 17:52:38.904066,2,0.46,64.11,1,1
E6355,MRI,3,11.81,2025-07-08 17:52:38.904066,3,0.48,45.3,0,1
E6356,Ultrasound,8,10.79,2025-03-19 17:52:38.904066,0,0.38,42.29,0,0
E6357,MRI,5,8.77,2025-01-11 17:52:38.904066,2,0.37,60.78,1,1
E6358,MRI,7,2.22,2025-03-12 17:52:38.904066,0,0.42,51.25,0,0
E6359,MRI,3,4.47,2025-03-11 17:52:38.904066,0,0.47,28.9,0,0
E6360,Ventilator,4,12.94,2024-12-10 17:52:38.904066,1,0.43,63.33,0,1
E6361,Ventilator,6,3.23,2025-08-02 17:52:38.904066,1,0.49,26.03,2,0
E6362,Ultrasound,9,9.16,2024-12-03 17:52:38.904066,0,0.09,55.71,2,1
E6363,ECG,2,13.41,2024-09-11 17:52:38.904066,0,0.48,56.0,0,1
E6364,Ultrasound,11,5.49,2025-05-17 17:52:38.904066,1,0.49,39.15,1,1
E6365,Ventilator,4,11.58,2024-11-01 17:52:38.904066,0,0.09,27.75,1,1
E6366,Ultrasound,4,3.36,2025-01-23 17:52:38.904066,0,0.44,35.89,1,1
E6367,ECG,4,13.58,2025-05-20 17:52:38.904066,1,0.08,46.26,2,0
E6368,ECG,6,1.53,2025-03-09 17:52:38.904066,0,0.77,52.73,2,1
E6369,ECG,9,13.11,2025-06-15 17:52:38.904066,1,0.45,67.04,3,1
E6370,MRI,0,0.96,2024-12-15 17:52:38.904066,1,0.53,39.04,0,1
E6371,MRI,5,15.8,2025-06-14 17:52:38.904066,0,0.61,44.48,1,1
E6372,Ventilator,1,9.24,2025-07-04 17:52:38.904066,2,0.64,60.61,0,1
E6373,Ultrasound,5,10.63,2024-12-28 17:52:38.904066,1,0.17,32.26,4,1
E6374,MRI,10,14.27,2025-01-31 17:52:38.904066,0,0.39,22.93,0,1
E6375,MRI,0,8.25,2025-05-24 17:52:38.904066,0,0.7,34.1,0,1
E6376,Ultrasound,0,2.24,2025-02-09 17:52:38.904066,2,0.71,64.01,2,1
E6377,ECG,0,3.73,2024-11-05 17:52:38.904066,2,0.34,26.86,1,1
E6378,ECG,0,1.12,2024-09-15 17:52:38.904066,0,0.17,35.42,0,1
E6379,MRI,1,3.43,2024-11-29 17:52:38.904066,0,0.27,61.36,4,1
E6380,Ultrasound,4,14.5,2025-07-01 17:52:38.904066,1,0.04,25.49,1,0
E6381,Ultrasound,7,12.95,2025-01-06 17:52:38.904066,2,0.42,49.89,0,1
E6382,MRI,5,18.0,2024-10-13 17:52:38.904066,1,0.3,62.04,1,1
E6383,Ultrasound,5,8.51,2025-05-10 17:52:38.904066,1,0.53,59.25,2,0
E6384,Ventilator,2,6.15,2025-02-24 17:52:38.904066,1,0.43,26.57,1,0
E6385,Ultrasound,8,16.39,2025-01-29 17:52:38.904066,2,0.62,51.42,3,1
E6386,Ventilator,14,5.96,2025-07-23 17:52:38.904066,0,0.09,53.44,2,1
E6387,ECG,4,7.89,2024-09-30 17:52:38.904066,2,0.03,40.81,2,1
E6388,Ultrasound,14,11.91,2025-05-30 17:52:38.904066,2,0.59,39.95,2,1
E6389,Ventilator,4,3.95,2025-03-13 17:52:38.904066,0,0.61,49.88,1,1
E6390,ECG,1,8.34,2025-02-09 17:52:38.904066,0,0.0,48.51,5,1
E6391,MRI,10,13.17,2024-09-04 17:52:38.904066,2,0.09,27.55,1,1
E6392,Ultrasound,4,3.09,2024-10-22 17:52:38.904066,2,0.68,41.37,3,1
E6393,MRI,13,7.06,2025-06-21 17:52:38.904066,0,0.62,64.83,1,1
E6394,ECG,3,18.59,2025-05-31 17:52:38.904066,1,0.11,26.72,1,1
E6395,ECG,2,19.17,2025-07-03 17:52:38.904066,0,0.13,35.11,1,1
E6396,MRI,0,18.58,2025-06-20 17:52:38.904066,3,0.18,67.21,0,1
E6397,ECG,7,11.17,2024-11-02 17:52:38.904066,0,0.58,24.46,0,1
E6398,Ventilator,0,9.26,2024-11-08 17:52:38.904066,2,0.25,28.54,3,1
E6399,ECG,5,10.5,2024-12-29 17:52:38.904066,1,0.11,46.09,1,1
E6400,ECG,8,17.33,2024-10-17 17:52:38.904066,1,0.71,49.87,2,1
E6401,Ultrasound,0,7.06,2025-07-08 17:52:38.904066,2,0.03,24.17,3,0
E6402,Ventilator,0,13.91,2025-05-01 17:52:38.904066,2,0.55,52.76,2,0
E6403,Ultrasound,3,19.01,2025-07-15 17:52:38.904066,1,0.62,68.01,2,1
E6404,MRI,8,17.7,2025-04-22 17:52:38.904066,0,0.33,56.86,0,1
E6405,ECG,4,13.36,2025-04-15 17:52:38.904066,2,0.77,46.22,0,1
E6406,Ultrasound,15,19.42,2024-11-04 17:52:38.904066,2,0.1,48.25,2,1
E6407,Ultrasound,6,19.4,2024-11-25 17:52:38.904066,1,0.3,40.71,3,1
E6408,Ultrasound,4,4.78,2025-05-30 17:52:38.904066,2,0.51,30.35,1,0
E6409,Ventilator,5,10.31,2024-10-04 17:52:38.904066,2,0.17,53.91,2,1
E6410,Ventilator,3,16.32,2025-02-02 17:52:38.904066,3,0.53,32.56,2,1
E6411,ECG,3,0.19,2025-01-04 17:52:38.904066,2,0.02,54.73,2,1
E6412,Ultrasound,1,11.97,2024-11-03 17:52:38.904066,4,0.26,59.19,1,1
E6413,ECG,3,13.59,2024-10-18 17:52:38.904066,0,0.33,51.86,0,1
E6414,Ventilator,10,4.47,2025-06-08 17:52:38.904066,1,0.72,36.03,0,1
E6415,MRI,0,16.18,2025-01-15 17:52:38.904066,0,0.17,57.85,0,1
E6416,ECG,5,16.2,2025-03-14 17:52:38.904066,0,0.32,64.35,3,1
E6417,ECG,10,7.0,2024-11-17 17:52:38.904066,1,0.18,66.32,2,1
E6418,MRI,2,14.5,2024-12-25 17:52:38.904066,1,0.47,46.39,1,1
E6419,Ventilator,6,10.83,2025-03-21 17:52:38.904066,1,0.2,69.31,2,1
E6420,MRI,2,9.2,2025-03-11 17:52:38.904066,0,0.79,22.77,1,1
E6421,Ultrasound,3,10.64,2024-08-16 17:52:38.904066,0,0.2,63.37,1,1
E6422,Ultrasound,5,15.07,2025-06-05 17:52:38.904066,1,0.75,54.74,3,1
E6423,MRI,10,13.95,2024-12-26 17:52:38.904066,1,0.66,56.41,4,1
E6424,Ventilator,7,9.98,2025-04-13 17:52:38.904066,0,0.12,47.39,3,0
E6425,Ventilator,2,16.38,2024-09-08 17:52:38.904066,1,0.68,20.05,1,1
E6426,Ultrasound,4,19.3,2025-05-14 17:52:38.904066,0,0.78,23.92,2,1
E6427,ECG,3,6.53,2024-09-08 17:52:38.904066,0,0.4,69.23,0,1
E6428,MRI,9,17.6,2024-11-29 17:52:38.904066,0,0.43,51.45,2,1
E6429,ECG,1,19.11,2025-07-28 17:52:38.904066,1,0.08,56.7,0,1
E6430,MRI,5,16.11,2024-09-30 17:52:38.904066,0,0.32,32.4,1,1
E6431,Ultrasound,9,8.74,2025-01-11 17:52:38.904066,1,0.23,59.11,1,1
E6432,ECG,5,12.12,2024-12-22 17:52:38.904066,0,0.31,58.95,1,1
E6433,ECG,10,3.12,2024-08-23 17:52:38.904066,0,0.77,20.02,1,1
E6434,ECG,5,18.74,2024-10-26 17:52:38.904066,1,0.21,20.24,0,1
E6435,Ventilator,2,8.44,2024-12-11 17:52:38.904066,2,0.13,40.74,4,1
E6436,MRI,0,6.41,2024-12-23 17:52:38.904066,1,0.65,26.36,1,1
E6437,MRI,7,17.42,2025-06-19 17:52:38.904066,0,0.14,31.96,0,1
E6438,MRI,2,7.67,2024-08-29 17:52:38.904066,0,0.18,49.48,0,1
E6439,ECG,0,13.08,2025-01-24 17:52:38.904066,0,0.33,26.04,1,1
E6440,ECG,2,16.78,2025-03-20 17:52:38.904066,3,0.63,38.67,3,1
E6441,Ventilator,0,8.2,2025-02-10 17:52:38.904066,0,0.8,31.23,2,1
E6442,Ventilator,12,16.53,2024-09-20 17:52:38.904066,1,0.69,67.93,2,1
E6443,Ultrasound,12,3.46,2025-01-26 17:52:38.904066,0,0.22,48.2,0,1
E6444,Ultrasound,4,17.89,2025-03-31 17:52:38.904066,0,0.46,29.36,1,1
E6445,Ultrasound,6,15.37,2025-04-23 17:52:38.904066,1,0.16,23.82,2,0
E6446,MRI,9,18.02,2025-03-18 17:52:38.904066,2,0.34,33.0,2,1
E6447,Ultrasound,9,11.61,2024-11-04 17:52:38.904066,0,0.65,22.88,1,1
E6448,ECG,9,5.84,2024-12-04 17:52:38.904066,2,0.67,47.72,1,1
E6449,Ultrasound,8,4.18,2025-05-17 17:52:38.904066,0,0.4,67.56,0,1
E6450,ECG,5,18.79,2025-01-13 17:52:38.904066,0,0.33,59.83,3,1
E6451,MRI,10,6.49,2024-10-11 17:52:38.904066,0,0.76,41.13,0,1
E6452,Ventilator,9,4.39,2025-07-29 17:52:38.904066,0,0.1,54.2,2,1
E6453,Ultrasound,6,12.31,2025-05-26 17:52:38.904066,0,0.79,24.12,2,1
E6454,Ultrasound,3,11.64,2024-12-01 17:52:38.904066,1,0.72,61.01,1,1
E6455,Ultrasound,7,7.07,2024-10-12 17:52:38.904066,0,0.48,50.76,0,1
E6456,Ultrasound,4,3.48,2025-01-28 17:52:38.904066,1,0.4,29.65,5,1
E6457,ECG,5,8.75,2024-12-03 17:52:38.904066,1,0.59,66.65,3,1
E6458,MRI,0,4.82,2024-11-25 17:52:38.904066,0,0.24,68.84,0,1
E6459,Ventilator,4,11.06,2025-04-16 17:52:38.904066,0,0.27,69.49,4,1
E6460,ECG,5,9.15,2025-06-18 17:52:38.904066,1,0.04,45.6,0,0
E6461,MRI,4,7.04,2025-04-29 17:52:38.904066,0,0.49,38.06,4,1
E6462,Ventilator,2,10.76,2025-04-02 17:52:38.904066,1,0.77,68.29,2,1
E6463,Ventilator,14,14.11,2025-06-17 17:52:38.904066,0,0.77,47.01,4,1
E6464,Ventilator,0,15.99,2024-09-05 17:52:38.904066,0,0.31,66.84,2,1
E6465,ECG,2,10.12,2024-12-17 17:52:38.904066,1,0.14,32.07,1,1
E6466,Ultrasound,8,5.12,2024-12-09 17:52:38.904066,0,0.54,68.6,1,1
E6467,Ultrasound,6,16.24,2025-06-09 17:52:38.904066,1,0.73,40.41,1,1
E6468,Ultrasound,8,15.17,2025-01-03 17:52:38.904066,2,0.26,42.15,2,1
E6469,Ventilator,5,5.13,2025-07-21 17:52:38.904066,0,0.31,68.02,1,1
E6470,MRI,11,0.91,2025-05-10 17:52:38.904066,0,0.65,24.98,3,1
E6471,Ventilator,7,10.24,2024-10-30 17:52:38.904066,0,0.08,57.63,1,1
E6472,Ultrasound,3,0.5,2024-11-04 17:52:38.904066,0,0.0,65.79,3,1
E6473,Ventilator,7,4.55,2024-12-28 17:52:38.904066,0,0.47,36.23,1,1
E6474,ECG,5,19.31,2024-09-23 17:52:38.904066,1,0.46,33.3,2,1
E6475,Ultrasound,0,11.14,2025-04-21 17:52:38.904066,0,0.07,37.54,2,0
E6476,Ventilator,4,17.27,2025-05-13 17:52:38.904066,2,0.75,32.89,1,1
E6477,Ventilator,5,6.88,2024-11-13 17:52:38.904066,1,0.8,57.84,2,1
E6478,Ultrasound,1,3.96,2025-04-17 17:52:38.904066,1,0.13,60.98,0,1
E6479,Ultrasound,8,18.72,2024-08-23 17:52:38.904066,0,0.73,40.88,0,1
E6480,ECG,2,10.58,2024-08-21 17:52:38.904066,0,0.68,32.66,2,1
E6481,Ventilator,9,2.46,2024-08-23 17:52:38.904066,0,0.56,47.84,1,1
E6482,Ultrasound,3,3.92,2024-12-28 17:52:38.904066,3,0.59,24.13,0,1
E6483,MRI,7,10.91,2024-12-01 17:52:38.904066,1,0.05,32.56,3,1
E6484,Ventilator,8,5.82,2024-12-22 17:52:38.904066,1,0.0,66.13,2,1
E6485,Ventilator,0,15.7,2024-12-10 17:52:38.904066,3,0.16,44.52,2,1
E6486,MRI,1,14.29,2025-02-16 17:52:38.904066,0,0.45,54.7,0,0
E6487,MRI,4,19.53,2024-12-11 17:52:38.904066,0,0.74,54.08,2,1
E6488,ECG,6,1.43,2025-03-30 17:52:38.904066,1,0.63,23.65,0,1
E6489,MRI,3,11.58,2024-09-17 17:52:38.904066,1,0.01,22.05,1,1
E6490,ECG,3,7.31,2024-10-06 17:52:38.904066,2,0.67,49.31,0,1
E6491,MRI,7,0.99,2025-02-13 17:52:38.904066,2,0.27,52.5,1,0
E6492,MRI,1,1.07,2024-09-24 17:52:38.904066,3,0.12,29.71,2,1
E6493,ECG,6,2.37,2024-08-17 17:52:38.904066,0,0.43,35.11,1,1
E6494,MRI,10,19.19,2024-10-10 17:52:38.904066,0,0.61,55.79,1,1
E6495,Ventilator,5,13.64,2024-11-28 17:52:38.904066,1,0.55,29.56,1,1
E6496,MRI,3,9.74,2025-04-13 17:52:38.904066,1,0.03,32.77,1,0
E6497,Ventilator,8,9.69,2025-01-23 17:52:38.904066,0,0.14,51.13,1,1
E6498,Ultrasound,6,6.24,2025-04-09 17:52:38.904066,1,0.63,40.03,0,1
E6499,MRI,2,11.38,2025-01-05 17:52:38.904066,2,0.4,28.59,0,1
E6500,ECG,0,15.5,2025-03-21 17:52:38.904066,1,0.71,56.63,0,1
E6501,MRI,1,19.48,2025-06-18 17:52:38.904066,2,0.49,21.39,3,1
E6502,Ultrasound,12,2.77,2025-02-14 17:52:38.904066,0,0.5,46.6,3,1
E6503,Ultrasound,9,10.92,2024-12-03 17:52:38.904066,1,0.77,39.98,2,1
E6504,ECG,3,1.85,2024-09-22 17:52:38.904066,2,0.4,35.93,0,1
E6505,Ventilator,5,3.61,2024-08-08 17:52:38.904066,0,0.24,69.43,2,1
E6506,Ventilator,3,17.4,2024-11-19 17:52:38.904066,0,0.34,52.0,1,1
E6507,Ventilator,8,3.07,2024-12-21 17:52:38.904066,1,0.38,57.1,4,1
E6508,Ventilator,3,11.19,2024-11-07 17:52:38.904066,2,0.18,38.93,0,1
E6509,ECG,8,7.89,2025-04-30 17:52:38.904066,1,0.8,58.53,3,1
E6510,Ultrasound,2,9.2,2024-11-07 17:52:38.904066,2,0.16,33.0,1,1
E6511,MRI,1,6.6,2025-04-15 17:52:38.904066,0,0.05,22.47,2,0
E6512,ECG,6,15.57,2024-12-12 17:52:38.904066,2,0.33,69.62,4,1
E6513,MRI,7,9.56,2024-08-25 17:52:38.904066,0,0.31,41.6,2,1
E6514,MRI,11,12.06,2024-12-16 17:52:38.904066,0,0.61,30.05,0,1
E6515,Ultrasound,1,6.28,2025-01-25 17:52:38.904066,1,0.18,66.65,3,1
E6516,Ventilator,2,19.85,2024-10-19 17:52:38.904066,1,0.49,47.64,3,1
E6517,Ventilator,0,5.47,2025-02-13 17:52:38.904066,1,0.23,58.52,3,0
E6518,MRI,5,11.86,2025-01-05 17:52:38.904066,2,0.31,66.35,3,1
E6519,Ventilator,3,0.91,2025-05-15 17:52:38.904066,0,0.35,37.85,3,0
E6520,Ultrasound,10,2.96,2025-04-19 17:52:38.904066,3,0.3,59.84,1,1
E6521,Ultrasound,13,1.5,2024-10-23 17:52:38.904066,1,0.32,27.27,2,1
E6522,Ultrasound,1,5.52,2024-11-08 17:52:38.904066,1,0.41,33.48,2,1
E6523,MRI,3,10.78,2025-01-09 17:52:38.904066,1,0.29,58.08,1,1
E6524,Ventilator,6,3.02,2025-07-04 17:52:38.904066,0,0.53,24.13,0,0
E6525,Ultrasound,12,11.87,2025-04-28 17:52:38.904066,0,0.37,38.46,0,1
E6526,Ventilator,4,2.2,2025-01-29 17:52:38.904066,1,0.65,65.86,0,1
E6527,Ventilator,6,19.39,2025-06-19 17:52:38.904066,0,0.49,58.89,2,1
E6528,Ultrasound,7,1.99,2024-10-16 17:52:38.904066,1,0.61,31.7,4,1
E6529,MRI,3,1.84,2024-10-31 17:52:38.904066,0,0.66,45.67,1,1
E6530,Ultrasound,4,7.05,2024-08-21 17:52:38.904066,1,0.46,32.95,2,1
E6531,ECG,5,19.69,2025-06-14 17:52:38.904066,1,0.01,64.37,1,1
E6532,ECG,4,13.42,2025-05-04 17:52:38.904066,1,0.77,36.92,1,1
E6533,Ventilator,11,2.58,2025-07-10 17:52:38.904066,1,0.27,21.6,4,1
E6534,MRI,6,9.3,2025-03-28 17:52:38.904066,3,0.02,20.92,0,1
E6535,ECG,6,5.19,2025-01-20 17:52:38.904066,1,0.55,22.69,2,1
E6536,MRI,4,7.31,2025-05-21 17:52:38.904066,2,0.29,47.53,3,0
E6537,ECG,15,9.34,2024-10-12 17:52:38.904066,1,0.6,65.41,1,1
E6538,Ventilator,10,5.93,2025-01-23 17:52:38.904066,2,0.61,55.28,1,1
E6539,Ventilator,9,6.35,2025-05-20 17:52:38.904066,0,0.55,29.04,0,1
E6540,Ultrasound,0,9.12,2024-08-31 17:52:38.904066,0,0.01,56.87,3,1
E6541,ECG,3,19.81,2024-11-15 17:52:38.904066,0,0.54,43.24,1,1
E6542,Ventilator,12,18.13,2024-10-05 17:52:38.904066,2,0.37,67.02,1,1
E6543,Ultrasound,4,8.59,2025-05-17 17:52:38.904066,1,0.8,29.29,1,1
E6544,MRI,8,11.16,2025-03-30 17:52:38.904066,0,0.77,40.03,1,1
E6545,ECG,8,15.84,2025-02-16 17:52:38.904066,0,0.64,51.91,1,1
E6546,Ventilator,4,8.54,2025-02-24 17:52:38.904066,2,0.69,47.65,1,1
E6547,Ultrasound,11,10.38,2024-08-11 17:52:38.904066,0,0.7,62.81,1,1
E6548,Ultrasound,4,12.08,2024-09-21 17:52:38.904066,1,0.48,53.02,1,1
E6549,Ultrasound,14,11.42,2024-10-25 17:52:38.904066,2,0.45,49.74,2,1
E6550,Ventilator,2,9.47,2025-02-23 17:52:38.904066,2,0.41,26.48,2,0
E6551,Ultrasound,0,12.87,2025-04-22 17:52:38.904066,3,0.71,31.87,1,1
E6552,MRI,8,18.25,2024-10-12 17:52:38.904066,0,0.56,59.0,0,1
E6553,Ventilator,3,12.98,2024-09-22 17:52:38.904066,2,0.47,49.39,0,1
E6554,Ultrasound,6,13.2,2025-06-07 17:52:38.904066,1,0.51,57.76,3,0
E6555,MRI,7,3.16,2024-10-26 17:52:38.904066,1,0.29,30.62,0,1
E6556,Ventilator,2,8.76,2024-12-28 17:52:38.904066,2,0.14,58.87,0,1
E6557,Ultrasound,10,4.83,2025-01-04 17:52:38.904066,0,0.31,49.2,1,1
E6558,MRI,5,13.31,2025-05-14 17:52:38.904066,1,0.13,54.3,3,0
E6559,MRI,2,2.74,2025-01-19 17:52:38.904066,1,0.31,22.46,1,1
E6560,Ultrasound,0,1.39,2025-07-11 17:52:38.904066,1,0.69,32.99,0,1
E6561,Ventilator,4,1.84,2024-11-25 17:52:38.904066,3,0.7,36.67,4,1
E6562,Ultrasound,1,1.06,2024-11-06 17:52:38.904066,1,0.51,69.91,1,1
E6563,Ventilator,1,7.25,2025-01-21 17:52:38.904066,1,0.18,60.78,2,1
E6564,Ventilator,0,15.71,2024-11-04 17:52:38.904066,0,0.21,34.71,2,1
E6565,ECG,0,6.14,2025-01-31 17:52:38.904066,2,0.42,57.49,2,1
E6566,Ventilator,6,6.17,2025-05-13 17:52:38.904066,0,0.4,26.89,1,0
E6567,MRI,3,2.91,2024-09-13 17:52:38.904066,0,0.38,62.31,0,1
E6568,MRI,4,13.26,2025-02-07 17:52:38.904066,0,0.25,36.32,2,0
E6569,Ultrasound,0,4.54,2025-06-11 17:52:38.904066,0,0.11,24.99,2,0
E6570,MRI,9,1.47,2024-12-03 17:52:38.904066,2,0.45,46.54,0,1
E6571,Ultrasound,4,3.02,2025-02-04 17:52:38.904066,0,0.67,67.38,0,1
E6572,Ventilator,7,14.49,2025-02-01 17:52:38.904066,0,0.57,32.78,0,1
E6573,MRI,0,16.8,2025-02-06 17:52:38.904066,1,0.36,46.33,0,1
E6574,Ultrasound,14,6.88,2025-04-08 17:52:38.904066,2,0.11,40.07,1,1
E6575,ECG,5,12.82,2024-11-09 17:52:38.904066,0,0.03,56.61,2,1
E6576,ECG,6,17.6,2024-12-30 17:52:38.904066,1,0.18,54.42,3,1
E6577,Ventilator,5,6.24,2025-06-29 17:52:38.904066,3,0.06,47.27,4,1
E6578,ECG,8,6.12,2025-03-04 17:52:38.904066,1,0.58,33.55,2,0
E6579,Ultrasound,3,18.88,2025-06-10 17:52:38.904066,0,0.69,47.82,0,1
E6580,MRI,11,2.27,2024-12-08 17:52:38.904066,2,0.13,46.72,2,1
E6581,ECG,5,8.34,2025-02-21 17:52:38.904066,1,0.28,48.45,0,0
E6582,Ventilator,11,10.46,2024-09-30 17:52:38.904066,0,0.22,34.97,2,1
E6583,ECG,3,6.3,2024-11-26 17:52:38.904066,1,0.04,45.11,0,1
E6584,Ventilator,6,6.93,2025-01-15 17:52:38.904066,0,0.29,48.32,0,1
E6585,Ventilator,2,15.09,2025-03-05 17:52:38.904066,0,0.69,30.17,5,1
E6586,Ventilator,1,3.74,2025-05-14 17:52:38.904066,0,0.44,36.93,1,0
E6587,MRI,4,4.98,2025-03-28 17:52:38.904066,1,0.16,44.09,0,0
E6588,MRI,6,19.38,2024-10-19 17:52:38.904066,0,0.54,40.07,1,1
E6589,ECG,3,8.93,2025-07-01 17:52:38.904066,0,0.56,23.68,2,0
E6590,MRI,3,8.06,2024-09-10 17:52:38.904066,2,0.76,65.23,1,1
E6591,ECG,5,5.97,2025-03-27 17:52:38.904066,0,0.02,56.24,1,0
E6592,Ventilator,8,12.71,2024-08-11 17:52:38.904066,0,0.42,23.07,1,1
E6593,ECG,12,5.61,2025-06-15 17:52:38.904066,1,0.38,67.27,3,1
E6594,Ventilator,3,12.55,2025-07-25 17:52:38.904066,1,0.49,21.0,1,0
E6595,MRI,2,10.04,2025-05-08 17:52:38.904066,0,0.35,32.36,2,0
E6596,Ultrasound,5,1.65,2025-05-07 17:52:38.904066,2,0.41,60.8,1,1
E6597,Ventilator,0,13.23,2024-09-17 17:52:38.904066,0,0.72,45.35,0,1
E6598,Ultrasound,9,2.26,2025-05-06 17:52:38.904066,0,0.7,23.94,0,1
E6599,Ventilator,13,17.28,2025-01-22 17:52:38.904066,3,0.74,47.24,0,1
E6600,ECG,6,17.86,2025-06-12 17:52:38.904066,0,0.5,62.46,0,1
E6601,ECG,10,0.28,2024-10-18 17:52:38.904066,2,0.11,25.37,2,1
E6602,ECG,12,5.18,2025-05-15 17:52:38.904066,1,0.3,53.07,1,1
E6603,MRI,9,1.35,2025-02-12 17:52:38.904066,1,0.24,35.51,2,1
E6604,ECG,7,17.65,2025-07-21 17:52:38.904066,0,0.58,50.5,3,1
E6605,MRI,0,13.15,2024-11-04 17:52:38.904066,0,0.68,35.47,2,1
E6606,MRI,1,18.9,2024-12-03 17:52:38.904066,0,0.11,66.05,2,1
E6607,ECG,1,4.28,2025-07-16 17:52:38.904066,1,0.36,60.88,4,1
E6608,ECG,6,5.49,2024-12-05 17:52:38.904066,1,0.06,60.53,1,1
E6609,Ultrasound,0,10.17,2025-05-08 17:52:38.904066,0,0.78,29.28,0,1
E6610,Ventilator,0,6.4,2025-02-12 17:52:38.904066,1,0.62,35.34,0,1
E6611,Ultrasound,3,7.16,2024-09-14 17:52:38.904066,1,0.42,32.03,0,1
E6612,MRI,0,17.94,2025-07-20 17:52:38.904066,0,0.07,45.56,3,1
E6613,Ultrasound,13,13.88,2025-02-04 17:52:38.904066,2,0.73,32.68,3,1
E6614,Ventilator,3,5.52,2025-05-16 17:52:38.904066,0,0.0,61.8,0,1
E6615,Ultrasound,9,9.72,2024-09-24 17:52:38.904066,0,0.21,52.02,2,1
E6616,ECG,0,3.83,2025-06-10 17:52:38.904066,2,0.72,38.92,1,1
E6617,MRI,7,11.77,2025-02-02 17:52:38.904066,0,0.06,39.79,3,1
E6618,MRI,10,12.97,2025-04-23 17:52:38.904066,0,0.65,29.4,1,1
E6619,MRI,7,15.59,2025-06-10 17:52:38.904066,2,0.24,28.7,1,0
E6620,Ventilator,10,19.46,2024-09-29 17:52:38.904066,0,0.45,33.03,2,1
E6621,Ventilator,1,7.22,2024-12-12 17:52:38.904066,1,0.43,61.61,0,1
E6622,ECG,8,7.02,2024-08-21 17:52:38.904066,0,0.2,33.19,2,1
E6623,MRI,14,12.42,2024-11-12 17:52:38.904066,1,0.34,31.3,3,1
E6624,Ultrasound,2,13.96,2024-12-18 17:52:38.904066,1,0.16,33.5,2,1
E6625,Ultrasound,0,0.73,2024-12-11 17:52:38.904066,0,0.59,52.5,1,1
E6626,MRI,5,17.79,2025-06-14 17:52:38.904066,2,0.05,51.1,1,1
E6627,Ultrasound,8,17.66,2025-06-01 17:52:38.904066,0,0.64,55.4,2,1
E6628,MRI,13,5.01,2025-01-27 17:52:38.904066,2,0.37,25.51,3,1
E6629,Ultrasound,0,6.06,2024-10-05 17:52:38.904066,2,0.18,20.22,2,1
E6630,Ultrasound,3,16.61,2025-07-08 17:52:38.904066,1,0.57,54.2,1,1
E6631,ECG,6,17.9,2024-12-06 17:52:38.904066,2,0.41,57.53,3,1
E6632,ECG,12,0.47,2025-04-16 17:52:38.904066,2,0.78,25.5,0,1
E6633,MRI,7,2.98,2025-03-16 17:52:38.904066,2,0.71,56.28,2,1
E6634,Ultrasound,8,16.33,2024-11-01 17:52:38.904066,2,0.41,57.48,1,1
E6635,ECG,4,18.66,2025-05-13 17:52:38.904066,1,0.22,43.9,1,1
E6636,Ultrasound,3,3.2,2024-09-09 17:52:38.904066,2,0.59,21.6,2,1
E6637,ECG,2,12.44,2025-02-16 17:52:38.904066,0,0.37,41.59,2,0
E6638,MRI,7,8.67,2025-01-13 17:52:38.904066,0,0.29,39.34,2,1
E6639,MRI,5,1.2,2024-11-18 17:52:38.904066,2,0.27,64.69,1,1
E6640,Ultrasound,3,11.58,2025-07-11 17:52:38.904066,0,0.27,37.86,2,0
E6641,MRI,5,19.84,2024-09-08 17:52:38.904066,0,0.22,33.01,2,1
E6642,Ventilator,6,13.11,2025-03-03 17:52:38.904066,2,0.34,65.82,0,1
E6643,Ventilator,5,2.28,2025-01-03 17:52:38.904066,1,0.24,25.59,0,1
E6644,Ultrasound,6,0.77,2025-04-30 17:52:38.904066,0,0.05,61.41,2,1
E6645,MRI,15,12.75,2025-03-01 17:52:38.904066,1,0.02,66.34,0,1
E6646,Ultrasound,4,7.1,2024-09-22 17:52:38.904066,0,0.16,65.3,1,1
E6647,Ventilator,8,4.71,2024-09-23 17:52:38.904066,1,0.57,65.72,1,1
E6648,ECG,12,14.78,2025-05-04 17:52:38.904066,1,0.48,64.89,1,1
E6649,Ultrasound,4,10.29,2025-05-11 17:52:38.904066,1,0.6,31.42,0,0
E6650,Ventilator,7,11.5,2025-06-27 17:52:38.904066,0,0.58,41.93,3,0
E6651,MRI,7,11.15,2025-02-08 17:52:38.904066,0,0.79,27.53,0,1
E6652,Ventilator,7,12.25,2025-06-25 17:52:38.904066,0,0.51,34.82,0,0
E6653,ECG,0,4.11,2025-05-28 17:52:38.904066,0,0.68,67.13,2,1
E6654,Ultrasound,0,8.75,2025-04-01 17:52:38.904066,1,0.59,24.99,3,0
E6655,ECG,2,8.75,2025-04-09 17:52:38.904066,2,0.62,64.86,1,1
E6656,MRI,9,19.54,2025-03-08 17:52:38.904066,2,0.2,29.99,2,1
E6657,MRI,5,16.5,2024-09-14 17:52:38.904066,0,0.07,48.46,2,1
E6658,ECG,7,4.74,2025-05-07 17:52:38.904066,2,0.32,34.43,0,0
E6659,MRI,4,6.7,2024-12-06 17:52:38.904066,1,0.07,29.46,1,1
E6660,MRI,5,0.57,2025-07-05 17:52:38.904066,0,0.63,58.04,1,1
E6661,ECG,4,12.09,2025-05-18 17:52:38.904066,0,0.79,54.8,1,1
E6662,MRI,6,15.49,2025-05-30 17:52:38.904066,1,0.6,25.13,1,0
E6663,MRI,10,16.4,2025-07-20 17:52:38.904066,1,0.42,68.03,0,1
E6664,MRI,0,9.41,2024-12-24 17:52:38.904066,0,0.61,58.01,1,1
E6665,MRI,1,2.25,2025-01-11 17:52:38.904066,2,0.08,54.48,3,1
E6666,ECG,5,19.92,2024-08-10 17:52:38.904066,0,0.6,55.85,3,1
E6667,ECG,5,15.08,2025-02-24 17:52:38.904066,3,0.67,21.03,2,1
E6668,MRI,8,12.59,2024-11-06 17:52:38.904066,0,0.63,26.62,1,1
E6669,MRI,8,8.11,2024-12-19 17:52:38.904066,0,0.06,39.95,2,1
E6670,Ultrasound,0,12.68,2024-09-25 17:52:38.904066,2,0.47,41.05,1,1
E6671,Ultrasound,3,19.63,2024-10-09 17:52:38.904066,2,0.73,56.88,2,1
E6672,Ventilator,2,2.77,2024-11-18 17:52:38.904066,1,0.59,25.64,0,1
E6673,Ventilator,0,5.88,2024-11-07 17:52:38.904066,1,0.39,42.76,1,1
E6674,Ventilator,10,15.98,2025-03-08 17:52:38.904066,1,0.31,25.11,1,1
E6675,ECG,0,7.24,2025-06-20 17:52:38.904066,1,0.47,21.85,1,0
E6676,MRI,7,6.29,2025-05-19 17:52:38.904066,0,0.02,67.62,2,1
E6677,ECG,4,8.63,2025-01-09 17:52:38.904066,1,0.0,63.31,2,1
E6678,ECG,6,4.83,2025-05-29 17:52:38.904066,0,0.54,40.16,1,0
E6679,Ventilator,10,12.65,2024-08-08 17:52:38.904066,0,0.03,42.77,0,1
E6680,MRI,0,6.02,2025-04-24 17:52:38.904066,0,0.45,23.41,2,0
E6681,MRI,6,3.05,2025-03-02 17:52:38.904066,0,0.44,23.59,3,0
E6682,Ultrasound,6,17.72,2025-02-23 17:52:38.904066,2,0.11,51.91,1,1
E6683,Ventilator,0,2.37,2024-09-28 17:52:38.904066,1,0.22,45.39,2,1
E6684,MRI,5,19.98,2024-10-17 17:52:38.904066,0,0.76,59.93,2,1
E6685,ECG,15,18.02,2024-11-27 17:52:38.904066,1,0.24,33.72,0,1
E6686,Ventilator,1,6.94,2024-12-05 17:52:38.904066,0,0.47,22.55,0,1
E6687,Ultrasound,4,2.23,2024-09-04 17:52:38.904066,0,0.28,65.82,0,1
E6688,Ventilator,0,14.41,2024-10-03 17:52:38.904066,0,0.79,44.14,2,1
E6689,Ventilator,0,4.86,2025-07-21 17:52:38.904066,0,0.79,62.08,2,1
E6690,MRI,6,4.12,2025-02-14 17:52:38.904066,0,0.01,35.17,0,0
E6691,Ultrasound,5,7.83,2025-02-08 17:52:38.904066,2,0.66,50.06,1,1
E6692,MRI,0,7.88,2025-03-27 17:52:38.904066,0,0.17,26.01,0,0
E6693,Ultrasound,0,17.48,2024-10-14 17:52:38.904066,1,0.44,61.6,1,1
E6694,Ventilator,4,6.0,2025-03-18 17:52:38.904066,1,0.36,35.93,0,0
E6695,Ventilator,7,7.88,2024-10-28 17:52:38.904066,2,0.15,51.94,1,1
E6696,Ultrasound,7,3.78,2025-02-19 17:52:38.904066,1,0.26,54.55,2,0
E6697,Ventilator,8,0.14,2024-09-21 17:52:38.904066,2,0.4,48.45,1,1
E6698,ECG,6,10.82,2025-06-07 17:52:38.904066,0,0.24,43.59,4,1
E6699,MRI,5,0.31,2025-04-09 17:52:38.904066,0,0.1,52.66,3,0
E6700,Ultrasound,2,7.28,2024-09-04 17:52:38.904066,0,0.6,31.42,0,1
E6701,Ultrasound,1,13.99,2025-01-16 17:52:38.904066,0,0.43,32.07,2,1
E6702,MRI,13,4.16,2024-11-19 17:52:38.904066,0,0.71,26.65,2,1
E6703,Ventilator,0,18.89,2024-09-28 17:52:38.904066,2,0.79,27.74,2,1
E6704,Ultrasound,7,0.49,2025-07-11 17:52:38.904066,0,0.06,34.75,2,0
E6705,Ultrasound,0,8.32,2025-07-02 17:52:38.904066,0,0.38,35.9,1,0
E6706,MRI,5,0.16,2024-10-17 17:52:38.904066,3,0.03,24.54,2,1
E6707,MRI,6,8.51,2025-05-25 17:52:38.904066,0,0.18,27.59,1,0
E6708,Ultrasound,11,11.28,2025-01-18 17:52:38.904066,2,0.68,34.64,0,1
E6709,Ultrasound,6,11.56,2025-03-04 17:52:38.904066,1,0.55,24.89,5,1
E6710,Ventilator,7,9.24,2025-03-22 17:52:38.904066,1,0.59,63.27,6,1
E6711,ECG,0,15.7,2025-02-15 17:52:38.904066,1,0.0,52.4,1,0
E6712,MRI,0,0.08,2025-04-21 17:52:38.904066,0,0.21,27.17,2,0
E6713,ECG,2,19.66,2025-07-02 17:52:38.904066,1,0.13,41.61,2,1
E6714,Ultrasound,5,3.57,2024-09-21 17:52:38.904066,1,0.21,21.37,0,1
E6715,MRI,3,7.54,2024-11-15 17:52:38.904066,1,0.58,65.16,1,1
E6716,Ultrasound,7,17.83,2024-09-10 17:52:38.904066,2,0.7,43.09,1,1
E6717,Ventilator,0,9.92,2024-11-20 17:52:38.904066,0,0.36,62.77,0,1
E6718,ECG,5,3.66,2024-08-14 17:52:38.904066,2,0.49,37.97,2,1
E6719,MRI,3,12.72,2025-01-10 17:52:38.904066,1,0.0,54.37,2,1
E6720,ECG,6,18.41,2025-03-12 17:52:38.904066,0,0.55,20.7,2,1
E6721,ECG,4,14.45,2025-03-29 17:52:38.904066,0,0.67,30.06,1,1
E6722,MRI,10,7.21,2025-03-08 17:52:38.904066,2,0.65,64.36,3,1
E6723,Ultrasound,2,15.96,2025-02-09 17:52:38.904066,0,0.79,52.36,3,1
E6724,MRI,5,18.09,2025-04-15 17:52:38.904066,1,0.59,63.98,1,1
E6725,Ventilator,1,14.93,2025-01-14 17:52:38.904066,1,0.34,49.04,3,1
E6726,Ultrasound,14,19.41,2025-03-08 17:52:38.904066,1,0.59,63.58,2,1
E6727,MRI,7,7.4,2025-01-13 17:52:38.904066,1,0.73,24.97,0,1
E6728,MRI,5,12.99,2024-08-14 17:52:38.904066,1,0.29,27.01,0,1
E6729,Ultrasound,0,18.36,2025-07-05 17:52:38.904066,0,0.46,61.92,0,1
E6730,ECG,5,0.91,2025-01-02 17:52:38.904066,1,0.73,30.32,0,1
E6731,ECG,3,6.57,2024-10-31 17:52:38.904066,1,0.76,55.94,1,1
E6732,MRI,11,6.3,2024-11-10 17:52:38.904066,0,0.3,38.06,2,1
E6733,ECG,4,10.35,2024-11-01 17:52:38.904066,0,0.69,62.9,0,1
E6734,Ventilator,0,6.36,2024-08-29 17:52:38.904066,0,0.18,24.71,0,1
E6735,Ventilator,9,3.2,2024-08-10 17:52:38.904066,0,0.46,62.34,0,1
E6736,ECG,5,1.01,2025-02-05 17:52:38.904066,1,0.23,44.54,1,1
E6737,MRI,0,7.3,2025-01-10 17:52:38.904066,1,0.65,55.6,2,1
E6738,Ventilator,8,8.58,2025-06-20 17:52:38.904066,1,0.5,20.06,2,0
E6739,Ventilator,8,15.58,2025-01-14 17:52:38.904066,2,0.51,40.6,1,1
E6740,Ventilator,7,19.61,2025-06-24 17:52:38.904066,0,0.54,65.7,1,1
E6741,MRI,7,2.17,2024-11-16 17:52:38.904066,0,0.27,22.44,3,1
E6742,Ultrasound,2,15.29,2025-01-18 17:52:38.904066,0,0.06,64.67,3,1
E6743,MRI,8,1.7,2024-10-02 17:52:38.904066,1,0.49,21.31,2,1
E6744,Ventilator,15,10.89,2024-10-05 17:52:38.904066,0,0.08,44.71,1,1
E6745,Ultrasound,4,2.7,2025-03-31 17:52:38.904066,0,0.58,40.11,3,0
E6746,MRI,0,4.84,2025-02-24 17:52:38.904066,0,0.78,62.84,1,1
E6747,Ultrasound,3,11.4,2025-05-12 17:52:38.904066,1,0.56,48.32,0,0
E6748,ECG,5,13.89,2024-11-19 17:52:38.904066,0,0.15,66.65,1,1
E6749,MRI,4,3.76,2024-11-11 17:52:38.904066,0,0.22,35.73,2,1
E6750,Ultrasound,4,8.26,2025-01-15 17:52:38.904066,1,0.53,36.29,0,1
E6751,ECG,5,12.43,2025-03-16 17:52:38.904066,0,0.79,44.02,0,1
E6752,Ventilator,11,0.58,2025-03-19 17:52:38.904066,1,0.28,21.45,1,1
E6753,MRI,0,6.49,2024-09-27 17:52:38.904066,1,0.32,36.97,1,1
E6754,MRI,9,12.83,2025-06-07 17:52:38.904066,2,0.67,37.07,1,1
E6755,Ultrasound,0,2.31,2024-11-14 17:52:38.904066,0,0.24,41.43,0,1
E6756,Ventilator,10,2.14,2024-09-19 17:52:38.904066,1,0.24,47.53,2,1
E6757,MRI,4,2.21,2025-07-11 17:52:38.904066,0,0.21,28.56,1,0
E6758,Ventilator,3,13.56,2024-10-21 17:52:38.904066,2,0.37,54.11,2,1
E6759,ECG,0,12.32,2025-06-21 17:52:38.904066,0,0.64,28.98,1,1
E6760,Ventilator,6,9.58,2024-09-09 17:52:38.904066,0,0.79,59.7,2,1
E6761,Ultrasound,8,13.82,2024-11-01 17:52:38.904066,0,0.67,51.53,1,1
E6762,MRI,7,18.91,2025-06-20 17:52:38.904066,2,0.8,49.91,3,1
E6763,Ultrasound,2,9.79,2025-06-29 17:52:38.904066,0,0.15,54.42,0,0
E6764,Ventilator,4,13.77,2024-11-28 17:52:38.904066,0,0.59,63.47,2,1
E6765,Ventilator,3,16.18,2025-05-18 17:52:38.904066,0,0.28,32.94,1,1
E6766,Ventilator,9,0.19,2025-02-06 17:52:38.904066,4,0.69,45.47,1,1
E6767,ECG,11,14.37,2024-12-17 17:52:38.904066,1,0.55,36.01,1,1
E6768,ECG,9,7.94,2024-10-05 17:52:38.904066,1,0.71,60.55,2,1
E6769,ECG,2,8.13,2025-05-10 17:52:38.904066,0,0.13,23.65,2,0
E6770,MRI,7,5.03,2025-02-08 17:52:38.904066,1,0.7,21.91,1,1
E6771,MRI,0,4.93,2024-10-03 17:52:38.904066,1,0.47,53.73,2,1
E6772,Ultrasound,7,18.19,2024-10-25 17:52:38.904066,0,0.74,27.89,2,1
E6773,MRI,11,10.97,2024-09-03 17:52:38.904066,0,0.32,44.54,1,1
E6774,ECG,6,10.5,2024-10-03 17:52:38.904066,4,0.33,37.53,2,1
E6775,Ventilator,4,10.37,2025-07-12 17:52:38.904066,2,0.13,61.07,3,1
E6776,MRI,4,1.56,2025-01-11 17:52:38.904066,1,0.3,41.52,1,1
E6777,ECG,4,19.48,2024-09-03 17:52:38.904066,3,0.15,56.94,2,1
E6778,Ultrasound,8,18.62,2025-05-15 17:52:38.904066,0,0.7,23.7,1,1
E6779,Ventilator,2,7.03,2025-06-07 17:52:38.904066,0,0.12,28.05,2,0
E6780,Ultrasound,7,17.46,2025-01-27 17:52:38.904066,1,0.4,38.29,2,1
E6781,Ventilator,8,3.38,2025-06-04 17:52:38.904066,1,0.41,69.36,0,1
E6782,Ultrasound,9,13.58,2025-01-12 17:52:38.904066,0,0.02,24.42,1,1
E6783,MRI,7,14.35,2025-01-05 17:52:38.904066,1,0.03,48.66,0,1
E6784,MRI,0,5.54,2024-10-19 17:52:38.904066,0,0.12,54.18,0,1
E6785,Ventilator,5,8.38,2024-08-14 17:52:38.904066,1,0.24,25.48,0,1
E6786,Ventilator,6,3.63,2025-01-07 17:52:38.904066,1,0.03,65.01,0,1
E6787,Ultrasound,11,14.15,2025-01-25 17:52:38.904066,1,0.38,40.45,0,1
E6788,Ventilator,10,9.9,2025-03-09 17:52:38.904066,0,0.61,24.96,2,1
E6789,MRI,6,19.7,2025-03-27 17:52:38.904066,1,0.79,25.29,3,1
E6790,Ventilator,1,4.09,2025-05-13 17:52:38.904066,0,0.24,38.45,2,0
E6791,ECG,12,16.04,2025-05-12 17:52:38.904066,0,0.54,24.8,1,1
E6792,Ultrasound,3,2.93,2025-07-24 17:52:38.904066,0,0.52,51.62,1,0
E6793,Ventilator,2,2.93,2025-01-13 17:52:38.904066,0,0.45,47.8,4,1
E6794,ECG,4,3.78,2025-06-03 17:52:38.904066,0,0.78,25.44,1,1
E6795,ECG,4,4.98,2024-11-15 17:52:38.904066,0,0.55,44.22,1,1
E6796,Ventilator,5,8.94,2024-08-10 17:52:38.904066,2,0.61,44.99,1,1
E6797,MRI,3,1.07,2024-08-24 17:52:38.904066,0,0.18,49.74,2,1
E6798,MRI,9,16.29,2025-01-23 17:52:38.904066,0,0.41,38.98,1,1
E6799,MRI,2,8.22,2025-02-11 17:52:38.904066,1,0.76,60.58,0,1
E6800,MRI,4,15.36,2024-12-12 17:52:38.904066,0,0.25,44.06,1,1
E6801,MRI,1,16.89,2024-12-31 17:52:38.904066,0,0.68,27.54,3,1
E6802,ECG,3,5.04,2024-08-25 17:52:38.904066,2,0.66,52.43,4,1
E6803,ECG,9,5.85,2024-10-22 17:52:38.904066,0,0.67,46.06,2,1
E6804,ECG,3,4.45,2024-12-16 17:52:38.904066,0,0.51,52.18,0,1
E6805,ECG,1,9.85,2025-05-15 17:52:38.904066,1,0.14,28.1,0,0
E6806,Ventilator,4,9.93,2025-01-17 17:52:38.904066,1,0.72,37.78,1,1
E6807,MRI,7,5.25,2025-03-22 17:52:38.904066,1,0.16,25.35,2,0
E6808,MRI,9,17.59,2025-03-27 17:52:38.904066,0,0.41,62.44,0,1
E6809,MRI,9,12.06,2025-04-23 17:52:38.904066,1,0.09,62.41,2,1
E6810,ECG,4,2.97,2024-10-26 17:52:38.904066,0,0.37,40.97,0,1
E6811,Ultrasound,2,11.83,2024-11-24 17:52:38.904066,0,0.12,69.97,0,1
E6812,Ultrasound,8,16.14,2024-08-16 17:52:38.904066,0,0.06,52.12,0,1
E6813,Ventilator,5,18.89,2024-09-02 17:52:38.904066,1,0.78,44.03,2,1
E6814,Ventilator,7,17.94,2025-03-25 17:52:38.904066,0,0.41,41.58,1,1
E6815,MRI,3,1.67,2025-07-28 17:52:38.904066,2,0.57,62.16,0,1
E6816,Ventilator,10,1.59,2024-08-24 17:52:38.904066,0,0.06,50.03,2,1
E6817,Ultrasound,5,4.32,2025-06-03 17:52:38.904066,0,0.18,65.1,2,1
E6818,MRI,1,14.34,2024-08-07 17:52:38.904066,0,0.47,56.66,1,1
E6819,ECG,0,14.36,2024-11-30 17:52:38.904066,0,0.01,39.4,4,1
E6820,ECG,8,17.96,2025-03-07 17:52:38.904066,2,0.74,22.16,0,1
E6821,MRI,5,15.47,2024-12-11 17:52:38.904066,0,0.24,34.97,1,1
E6822,Ventilator,1,16.68,2025-02-25 17:52:38.904066,1,0.38,22.7,1,1
E6823,Ventilator,6,3.68,2024-10-31 17:52:38.904066,0,0.15,43.35,4,1
E6824,MRI,8,8.86,2025-04-16 17:52:38.904066,2,0.58,35.55,1,0
E6825,Ultrasound,3,3.65,2025-06-06 17:52:38.904066,0,0.47,28.74,0,0
E6826,ECG,10,11.57,2025-05-04 17:52:38.904066,1,0.41,63.92,3,1
E6827,ECG,4,0.35,2025-07-02 17:52:38.904066,2,0.18,68.65,1,1
E6828,MRI,10,3.21,2024-11-01 17:52:38.904066,1,0.2,44.32,2,1
E6829,MRI,7,17.82,2025-04-06 17:52:38.904066,1,0.06,69.92,1,1
E6830,Ventilator,6,6.23,2025-05-19 17:52:38.904066,0,0.21,53.22,0,0
E6831,MRI,1,18.98,2024-12-16 17:52:38.904066,0,0.53,45.2,1,1
E6832,ECG,7,10.4,2025-01-28 17:52:38.904066,0,0.45,40.0,2,1
E6833,Ultrasound,8,11.32,2025-05-18 17:52:38.904066,0,0.21,49.01,2,0
E6834,ECG,0,11.63,2024-09-25 17:52:38.904066,0,0.22,53.93,0,1
E6835,Ultrasound,8,17.45,2025-02-13 17:52:38.904066,0,0.59,42.62,0,1
E6836,MRI,8,19.56,2025-05-15 17:52:38.904066,1,0.47,61.99,0,1
E6837,Ventilator,9,9.23,2024-10-03 17:52:38.904066,0,0.68,60.17,1,1
E6838,Ultrasound,2,16.48,2024-10-03 17:52:38.904066,1,0.79,48.14,3,1
E6839,ECG,6,17.02,2025-06-21 17:52:38.904066,1,0.24,57.15,4,1
E6840,Ultrasound,8,15.39,2025-06-08 17:52:38.904066,2,0.08,39.46,3,0
E6841,Ventilator,6,11.1,2025-06-23 17:52:38.904066,3,0.23,33.25,2,1
E6842,Ventilator,8,1.19,2024-10-19 17:52:38.904066,2,0.48,49.5,1,1
E6843,ECG,6,5.08,2024-09-28 17:52:38.904066,1,0.06,68.65,0,1
E6844,Ultrasound,2,19.88,2024-09-26 17:52:38.904066,2,0.7,39.93,2,1
E6845,ECG,1,5.13,2025-02-04 17:52:38.904066,1,0.42,47.72,3,1
E6846,MRI,3,6.85,2025-02-04 17:52:38.904066,1,0.73,43.01,0,1
E6847,ECG,4,16.61,2025-05-31 17:52:38.904066,0,0.48,47.32,0,1
E6848,MRI,13,19.37,2025-05-24 17:52:38.904066,2,0.16,45.31,2,1
E6849,MRI,0,10.5,2024-11-02 17:52:38.904066,0,0.65,43.41,4,1
E6850,Ventilator,4,6.79,2024-08-25 17:52:38.904066,1,0.64,60.88,0,1
E6851,Ultrasound,4,9.29,2025-07-20 17:52:38.904066,1,0.43,66.57,1,1
E6852,ECG,5,16.66,2025-06-18 17:52:38.904066,3,0.66,64.93,2,1
E6853,ECG,10,17.85,2025-01-11 17:52:38.904066,0,0.39,60.86,1,1
E6854,ECG,4,6.61,2025-02-02 17:52:38.904066,0,0.56,58.44,1,1
E6855,ECG,3,12.38,2024-10-06 17:52:38.904066,0,0.72,51.68,2,1
E6856,MRI,5,10.09,2024-10-09 17:52:38.904066,2,0.61,62.5,1,1
E6857,Ultrasound,10,8.79,2024-10-10 17:52:38.904066,2,0.73,58.67,2,1
E6858,MRI,11,6.0,2025-04-07 17:52:38.904066,1,0.38,42.35,0,1
E6859,Ventilator,3,1.41,2024-11-27 17:52:38.904066,0,0.3,48.1,3,1
E6860,Ultrasound,3,19.82,2024-11-17 17:52:38.904066,2,0.79,67.33,4,1
E6861,Ultrasound,0,19.36,2024-11-19 17:52:38.904066,0,0.52,45.25,0,1
E6862,MRI,8,18.22,2024-08-22 17:52:38.904066,0,0.17,58.49,1,1
E6863,ECG,6,19.77,2024-09-04 17:52:38.904066,1,0.16,61.66,0,1
E6864,Ventilator,0,1.01,2025-03-15 17:52:38.904066,1,0.22,47.56,1,0
E6865,Ultrasound,6,7.35,2025-01-19 17:52:38.904066,0,0.22,66.68,1,1
E6866,Ventilator,14,7.44,2024-10-16 17:52:38.904066,0,0.67,22.64,0,1
E6867,Ventilator,7,13.54,2025-06-07 17:52:38.904066,2,0.32,44.28,0,0
E6868,Ultrasound,5,12.24,2024-09-14 17:52:38.904066,0,0.49,69.64,0,1
E6869,Ventilator,0,7.48,2024-08-29 17:52:38.904066,1,0.4,67.89,1,1
E6870,Ultrasound,11,18.06,2024-10-07 17:52:38.904066,2,0.34,30.54,0,1
E6871,ECG,4,2.27,2024-09-19 17:52:38.904066,2,0.64,52.23,3,1
E6872,ECG,5,2.54,2025-01-05 17:52:38.904066,1,0.12,63.55,2,1
E6873,MRI,3,11.8,2025-04-11 17:52:38.904066,2,0.52,41.25,1,0
E6874,MRI,13,10.54,2025-07-30 17:52:38.904066,2,0.6,20.43,0,1
E6875,ECG,4,7.05,2025-02-04 17:52:38.904066,0,0.08,47.39,2,1
E6876,MRI,4,11.58,2025-03-20 17:52:38.904066,0,0.0,46.9,2,0
E6877,MRI,10,14.8,2024-10-23 17:52:38.904066,3,0.39,66.82,2,1
E6878,ECG,6,14.15,2025-06-08 17:52:38.904066,0,0.15,68.68,1,1
E6879,Ultrasound,10,16.85,2025-05-12 17:52:38.904066,1,0.4,23.55,3,1
E6880,Ventilator,12,14.09,2025-02-07 17:52:38.904066,0,0.47,51.2,0,1
E6881,ECG,9,18.32,2025-05-19 17:52:38.904066,0,0.67,24.37,0,1
E6882,ECG,0,2.02,2025-07-28 17:52:38.904066,0,0.71,46.7,0,1
E6883,Ultrasound,4,10.99,2025-04-19 17:52:38.904066,0,0.22,52.15,4,1
E6884,Ultrasound,7,10.67,2025-02-27 17:52:38.904066,0,0.16,35.65,2,0
E6885,Ventilator,5,14.19,2025-03-15 17:52:38.904066,3,0.66,36.2,2,1
E6886,ECG,10,19.9,2025-05-05 17:52:38.904066,1,0.16,67.41,0,1
E6887,Ventilator,11,0.52,2025-03-18 17:52:38.904066,1,0.22,28.12,3,1
E6888,ECG,5,9.59,2024-10-12 17:52:38.904066,2,0.39,32.74,2,1
E6889,MRI,3,10.92,2025-06-28 17:52:38.904066,1,0.08,27.7,2,0
E6890,Ventilator,7,16.47,2025-01-07 17:52:38.904066,0,0.27,42.79,3,1
E6891,Ventilator,0,0.19,2024-09-22 17:52:38.904066,3,0.4,47.73,2,1
E6892,ECG,2,7.36,2024-11-04 17:52:38.904066,1,0.32,38.72,0,1
E6893,MRI,0,10.7,2024-09-16 17:52:38.904066,0,0.73,24.78,1,1
E6894,MRI,5,17.17,2025-05-13 17:52:38.904066,1,0.59,69.42,3,1
E6895,ECG,0,14.16,2024-11-29 17:52:38.904066,2,0.07,52.72,1,1
E6896,ECG,0,5.43,2025-04-12 17:52:38.904066,1,0.61,21.63,1,1
E6897,Ultrasound,2,0.99,2025-05-10 17:52:38.904066,1,0.16,42.66,1,0
E6898,MRI,2,3.33,2024-09-28 17:52:38.904066,0,0.59,55.78,1,1
E6899,Ventilator,8,18.07,2025-01-11 17:52:38.904066,2,0.71,62.01,3,1
E6900,MRI,5,17.93,2025-04-11 17:52:38.904066,0,0.67,28.92,1,1
E6901,ECG,11,15.28,2025-06-25 17:52:38.904066,2,0.72,27.75,1,1
E6902,MRI,5,12.55,2024-10-30 17:52:38.904066,1,0.51,66.12,1,1
E6903,ECG,5,9.53,2024-09-02 17:52:38.904066,0,0.69,69.33,2,1
E6904,MRI,15,14.5,2024-08-12 17:52:38.904066,1,0.37,59.73,2,1
E6905,MRI,2,11.57,2025-05-12 17:52:38.904066,0,0.14,24.85,0,0
E6906,Ventilator,0,15.12,2024-09-30 17:52:38.904066,1,0.17,65.84,1,1
E6907,Ventilator,1,6.96,2025-02-21 17:52:38.904066,2,0.24,50.47,3,0
E6908,Ultrasound,0,11.6,2024-09-05 17:52:38.904066,0,0.0,60.12,1,1
E6909,MRI,0,4.87,2025-01-20 17:52:38.904066,0,0.65,52.82,2,1
E6910,Ultrasound,5,13.84,2025-06-08 17:52:38.904066,1,0.05,45.03,3,0
E6911,MRI,0,13.26,2025-06-16 17:52:38.904066,0,0.35,37.06,3,0
E6912,MRI,4,0.83,2024-12-05 17:52:38.904066,0,0.05,20.95,0,1
E6913,Ultrasound,5,8.85,2024-11-09 17:52:38.904066,0,0.2,35.09,0,1
E6914,Ventilator,2,12.76,2025-04-07 17:52:38.904066,2,0.28,39.16,1,0
E6915,MRI,6,19.71,2024-11-10 17:52:38.904066,1,0.42,32.37,2,1
E6916,Ultrasound,0,17.19,2024-12-27 17:52:38.904066,3,0.55,27.38,0,1
E6917,MRI,1,2.63,2024-11-25 17:52:38.904066,1,0.51,25.27,4,1
E6918,ECG,1,6.35,2024-09-07 17:52:38.904066,3,0.17,46.92,1,1
E6919,MRI,2,6.5,2025-03-17 17:52:38.904066,2,0.19,42.2,2,0
E6920,ECG,5,2.92,2024-08-26 17:52:38.904066,1,0.16,52.94,0,1
E6921,MRI,0,7.73,2025-03-01 17:52:38.904066,1,0.2,25.35,2,0
E6922,MRI,3,9.78,2025-05-21 17:52:38.904066,0,0.23,54.34,2,0
E6923,Ventilator,8,19.14,2025-07-13 17:52:38.904066,0,0.28,61.87,4,1
E6924,Ventilator,5,8.25,2024-12-30 17:52:38.904066,0,0.47,41.2,1,1
E6925,Ultrasound,2,19.31,2024-12-14 17:52:38.904066,0,0.51,68.98,2,1
E6926,Ventilator,8,16.48,2025-04-17 17:52:38.904066,0,0.08,31.76,0,1
E6927,MRI,5,3.4,2025-05-20 17:52:38.904066,0,0.29,64.44,2,1
E6928,ECG,8,9.02,2024-10-29 17:52:38.904066,0,0.38,20.34,1,1
E6929,Ultrasound,3,19.3,2025-07-30 17:52:38.904066,0,0.3,51.83,0,1
E6930,Ventilator,11,13.97,2025-05-14 17:52:38.904066,2,0.52,32.16,1,1
E6931,ECG,2,3.19,2025-08-04 17:52:38.904066,2,0.63,45.44,0,1
E6932,MRI,6,7.02,2024-10-26 17:52:38.904066,2,0.3,60.94,1,1
E6933,Ventilator,3,11.82,2025-05-05 17:52:38.904066,1,0.32,45.02,1,0
E6934,Ventilator,0,1.81,2024-11-20 17:52:38.904066,1,0.56,60.19,1,1
E6935,MRI,11,2.5,2025-05-04 17:52:38.904066,1,0.62,51.41,2,1
E6936,Ultrasound,0,7.7,2024-10-20 17:52:38.904066,1,0.61,28.32,4,1
E6937,MRI,1,8.67,2025-06-03 17:52:38.904066,0,0.03,48.97,2,0
E6938,Ventilator,0,15.8,2024-09-19 17:52:38.904066,2,0.4,46.2,1,1
E6939,ECG,1,7.77,2025-02-14 17:52:38.904066,3,0.16,61.0,2,1
E6940,Ventilator,3,5.54,2025-04-16 17:52:38.904066,1,0.17,35.14,0,0
E6941,Ultrasound,6,19.44,2025-03-03 17:52:38.904066,0,0.41,22.58,2,1
E6942,MRI,4,15.37,2024-11-18 17:52:38.904066,0,0.4,25.45,1,1
E6943,MRI,4,12.11,2025-03-13 17:52:38.904066,1,0.23,56.11,4,1
E6944,Ultrasound,7,1.17,2025-05-20 17:52:38.904066,0,0.3,33.39,2,0
E6945,Ultrasound,0,12.54,2025-05-22 17:52:38.904066,1,0.56,48.93,3,0
E6946,Ultrasound,5,16.41,2025-03-31 17:52:38.904066,1,0.08,51.22,2,1
E6947,Ventilator,7,10.0,2024-12-17 17:52:38.904066,1,0.06,48.71,4,1
E6948,MRI,6,12.76,2025-07-28 17:52:38.904066,3,0.31,33.41,0,1
E6949,Ultrasound,3,0.86,2024-12-26 17:52:38.904066,1,0.19,55.12,0,1
E6950,MRI,4,2.18,2025-07-19 17:52:38.904066,0,0.55,46.13,4,1
E6951,Ventilator,5,10.77,2024-11-13 17:52:38.904066,1,0.08,29.6,2,1
E6952,Ultrasound,10,11.1,2024-10-12 17:52:38.904066,2,0.08,51.25,0,1
E6953,Ventilator,8,17.21,2025-04-06 17:52:38.904066,1,0.16,24.98,1,1
E6954,ECG,2,10.39,2024-09-19 17:52:38.904066,0,0.57,52.91,1,1
E6955,Ultrasound,6,2.99,2024-09-21 17:52:38.904066,1,0.15,68.82,3,1
E6956,Ventilator,0,15.43,2024-09-01 17:52:38.904066,1,0.06,38.36,2,1
E6957,Ultrasound,4,14.3,2025-04-11 17:52:38.904066,1,0.31,27.91,3,0
E6958,Ultrasound,6,1.22,2025-03-01 17:52:38.904066,0,0.12,62.76,0,1
E6959,MRI,3,6.88,2025-02-06 17:52:38.904066,1,0.23,20.41,0,1
E6960,MRI,3,16.56,2024-11-18 17:52:38.904066,0,0.79,51.43,1,1
E6961,MRI,3,9.46,2025-07-25 17:52:38.904066,1,0.26,37.56,0,0
E6962,Ultrasound,0,9.95,2024-12-09 17:52:38.904066,1,0.17,31.52,1,1
E6963,Ventilator,0,12.58,2025-06-21 17:52:38.904066,0,0.45,31.83,1,0
E6964,Ventilator,7,16.64,2024-11-16 17:52:38.904066,0,0.25,40.24,1,1
E6965,MRI,4,5.57,2025-05-06 17:52:38.904066,1,0.49,37.26,1,0
E6966,ECG,9,14.19,2025-06-08 17:52:38.904066,1,0.01,59.66,2,1
E6967,Ventilator,0,15.33,2024-09-03 17:52:38.904066,2,0.38,69.79,2,1
E6968,ECG,7,13.07,2025-05-19 17:52:38.904066,1,0.59,32.08,1,0
E6969,ECG,0,2.94,2025-02-18 17:52:38.904066,0,0.29,27.05,2,0
E6970,Ventilator,6,0.75,2025-04-09 17:52:38.904066,0,0.59,46.5,3,0
E6971,Ventilator,3,16.26,2025-03-13 17:52:38.904066,1,0.17,45.5,0,1
E6972,ECG,6,9.34,2025-04-09 17:52:38.904066,2,0.68,26.35,4,1
E6973,MRI,7,9.43,2025-05-30 17:52:38.904066,1,0.65,58.31,1,1
E6974,ECG,3,4.85,2024-08-26 17:52:38.904066,3,0.26,20.69,2,1
E6975,Ultrasound,2,8.74,2024-11-09 17:52:38.904066,2,0.72,69.49,1,1
E6976,Ventilator,6,11.56,2024-10-01 17:52:38.904066,0,0.67,44.36,2,1
E6977,ECG,8,6.67,2024-08-16 17:52:38.904066,2,0.01,46.27,2,1
E6978,MRI,2,6.64,2024-12-06 17:52:38.904066,1,0.56,37.14,0,1
E6979,MRI,1,7.17,2025-01-28 17:52:38.904066,0,0.04,26.61,1,1
E6980,ECG,15,14.49,2024-09-16 17:52:38.904066,1,0.29,35.45,2,1
E6981,MRI,9,14.07,2025-06-28 17:52:38.904066,0,0.52,40.33,0,1
E6982,Ventilator,0,4.16,2025-02-22 17:52:38.904066,0,0.09,27.37,2,0
E6983,Ventilator,9,8.75,2025-07-14 17:52:38.904066,0,0.64,42.44,2,1
E6984,Ultrasound,4,4.44,2024-11-25 17:52:38.904066,2,0.04,59.78,3,1
E6985,Ventilator,5,3.13,2024-09-17 17:52:38.904066,0,0.59,48.07,3,1
E6986,ECG,9,1.74,2025-04-24 17:52:38.904066,0,0.06,49.77,3,1
E6987,MRI,2,4.81,2025-05-02 17:52:38.904066,1,0.22,66.23,0,1
E6988,Ventilator,5,4.53,2025-02-12 17:52:38.904066,0,0.18,44.84,0,0
E6989,ECG,5,0.59,2024-10-08 17:52:38.904066,1,0.48,65.86,2,1
E6990,MRI,10,6.2,2025-01-18 17:52:38.904066,1,0.33,44.18,1,1
E6991,MRI,3,16.36,2024-08-17 17:52:38.904066,0,0.02,23.78,1,1
E6992,ECG,5,14.68,2025-07-26 17:52:38.904066,0,0.32,54.02,0,0
E6993,Ultrasound,7,6.77,2024-12-31 17:52:38.904066,1,0.03,59.85,1,1
E6994,Ventilator,9,7.76,2024-10-10 17:52:38.904066,0,0.13,56.59,0,1
E6995,Ventilator,11,6.69,2025-06-18 17:52:38.904066,0,0.58,31.32,1,1
E6996,Ultrasound,7,15.95,2025-07-15 17:52:38.904066,0,0.63,60.53,2,1
E6997,Ultrasound,2,12.59,2024-11-10 17:52:38.904066,0,0.68,41.4,1,1
E6998,MRI,7,10.15,2025-07-01 17:52:38.904066,2,0.52,45.25,1,0
E6999,Ventilator,7,4.49,2025-07-17 17:52:38.904066,1,0.07,62.48,1,1
E7000,ECG,13,14.56,2024-11-21 17:52:38.904066,1,0.68,64.61,1,1
E7001,Ventilator,9,1.62,2025-01-23 17:52:38.904066,1,0.27,34.78,1,1
E7002,ECG,4,2.66,2024-10-12 17:52:38.904066,0,0.16,46.9,3,1
E7003,Ultrasound,4,10.87,2025-06-13 17:52:38.904066,2,0.33,25.26,1,0
E7004,Ultrasound,15,6.43,2024-12-24 17:52:38.904066,1,0.04,46.55,1,1
E7005,Ultrasound,0,12.56,2024-11-12 17:52:38.904066,2,0.74,34.53,2,1
E7006,ECG,4,0.98,2025-05-04 17:52:38.904066,3,0.15,43.4,1,1
E7007,MRI,7,6.92,2025-02-08 17:52:38.904066,0,0.46,26.25,1,0
E7008,Ultrasound,7,0.73,2025-05-02 17:52:38.904066,0,0.28,36.57,0,0
E7009,Ventilator,6,10.32,2024-12-30 17:52:38.904066,1,0.58,53.16,0,1
E7010,Ventilator,7,13.35,2024-12-27 17:52:38.904066,0,0.2,29.78,0,1
E7011,Ultrasound,3,9.39,2025-03-19 17:52:38.904066,0,0.62,24.92,0,1
E7012,Ultrasound,15,0.45,2024-09-08 17:52:38.904066,1,0.63,35.26,2,1
E7013,Ultrasound,0,12.77,2025-06-28 17:52:38.904066,1,0.47,26.9,3,0
E7014,MRI,0,0.32,2024-09-19 17:52:38.904066,1,0.79,54.91,5,1
E7015,ECG,4,10.9,2024-11-12 17:52:38.904066,1,0.11,31.91,4,1
E7016,MRI,10,3.27,2025-05-30 17:52:38.904066,0,0.07,49.29,1,1
E7017,ECG,0,12.14,2024-08-22 17:52:38.904066,1,0.55,22.71,1,1
E7018,MRI,0,7.75,2024-11-04 17:52:38.904066,2,0.08,62.4,3,1
E7019,Ventilator,4,18.35,2024-08-07 17:52:38.904066,1,0.63,54.68,1,1
E7020,ECG,6,11.47,2025-05-20 17:52:38.904066,2,0.73,64.22,2,1
E7021,Ventilator,4,12.79,2025-03-27 17:52:38.904066,0,0.26,47.82,6,1
E7022,ECG,0,12.86,2024-12-12 17:52:38.904066,1,0.33,39.26,2,1
E7023,ECG,3,13.59,2024-08-12 17:52:38.904066,0,0.04,47.39,1,1
E7024,Ultrasound,7,2.39,2025-03-22 17:52:38.904066,0,0.35,59.26,3,0
E7025,Ultrasound,0,11.3,2025-06-19 17:52:38.904066,0,0.34,49.49,3,0
E7026,Ultrasound,0,10.88,2024-08-28 17:52:38.904066,0,0.56,37.67,0,1
E7027,Ultrasound,0,10.43,2025-05-26 17:52:38.904066,1,0.43,53.88,0,0
E7028,ECG,2,15.49,2025-04-01 17:52:38.904066,1,0.23,26.68,1,0
E7029,ECG,4,7.08,2024-12-21 17:52:38.904066,2,0.6,50.37,2,1
E7030,MRI,2,0.32,2024-09-28 17:52:38.904066,1,0.03,62.48,0,1
E7031,MRI,10,18.29,2025-08-05 17:52:38.904066,0,0.47,36.15,1,1
E7032,Ventilator,12,5.38,2024-10-17 17:52:38.904066,1,0.35,66.07,1,1
E7033,Ultrasound,2,9.62,2024-11-10 17:52:38.904066,0,0.69,29.26,0,1
E7034,MRI,13,15.51,2025-02-01 17:52:38.904066,0,0.67,48.74,1,1
E7035,Ultrasound,3,7.5,2025-01-28 17:52:38.904066,1,0.63,60.96,1,1
E7036,Ultrasound,6,5.87,2025-06-16 17:52:38.904066,1,0.25,62.48,2,1
E7037,Ultrasound,4,7.84,2025-05-24 17:52:38.904066,1,0.17,21.55,0,0
E7038,ECG,1,10.56,2025-01-31 17:52:38.904066,1,0.32,57.34,4,1
E7039,ECG,1,18.14,2025-05-20 17:52:38.904066,2,0.65,57.08,3,1
E7040,MRI,3,14.2,2024-09-29 17:52:38.904066,0,0.36,29.08,0,1
E7041,Ventilator,3,3.76,2025-05-09 17:52:38.904066,0,0.3,45.84,0,0
E7042,Ultrasound,1,3.3,2025-07-13 17:52:38.904066,0,0.18,59.33,2,0
E7043,ECG,4,18.08,2025-05-02 17:52:38.904066,0,0.34,25.08,0,1
E7044,MRI,5,0.72,2025-02-25 17:52:38.904066,1,0.65,68.66,4,1
E7045,ECG,11,0.26,2024-11-04 17:52:38.904066,1,0.79,38.24,1,1
E7046,ECG,0,19.83,2024-08-09 17:52:38.904066,0,0.54,55.43,1,1
E7047,MRI,14,10.46,2024-12-14 17:52:38.904066,3,0.63,63.34,1,1
E7048,ECG,9,10.27,2025-03-24 17:52:38.904066,0,0.56,44.46,1,1
E7049,MRI,6,4.46,2024-09-04 17:52:38.904066,1,0.6,45.65,2,1
E7050,ECG,4,13.05,2024-12-29 17:52:38.904066,2,0.22,65.65,3,1
E7051,Ventilator,3,6.7,2024-08-26 17:52:38.904066,0,0.79,61.17,1,1
E7052,Ventilator,4,6.22,2025-07-10 17:52:38.904066,1,0.25,44.92,1,0
E7053,Ultrasound,10,1.53,2025-05-22 17:52:38.904066,2,0.73,57.51,0,1
E7054,MRI,9,1.01,2024-10-31 17:52:38.904066,0,0.44,21.63,1,1
E7055,MRI,8,1.2,2025-07-22 17:52:38.904066,0,0.6,25.08,0,0
E7056,Ultrasound,3,13.58,2024-11-11 17:52:38.904066,0,0.69,34.38,1,1
E7057,MRI,9,16.56,2025-05-29 17:52:38.904066,3,0.07,28.12,2,1
E7058,Ultrasound,5,0.57,2024-11-30 17:52:38.904066,1,0.36,59.31,1,1
E7059,Ultrasound,0,16.27,2025-06-05 17:52:38.904066,1,0.31,63.37,2,1
E7060,Ultrasound,0,0.52,2024-11-27 17:52:38.904066,0,0.69,21.16,1,1
E7061,MRI,5,8.57,2025-03-10 17:52:38.904066,2,0.25,44.23,1,0
E7062,MRI,5,12.01,2025-02-28 17:52:38.904066,2,0.29,69.32,1,1
E7063,Ultrasound,0,4.66,2025-05-25 17:52:38.904066,1,0.11,48.99,4,1
E7064,ECG,6,3.48,2025-03-27 17:52:38.904066,1,0.37,59.35,1,0
E7065,ECG,0,3.34,2024-12-20 17:52:38.904066,1,0.05,57.58,1,1
E7066,Ultrasound,6,9.34,2025-05-19 17:52:38.904066,1,0.59,27.06,0,0
E7067,Ventilator,3,8.69,2025-05-08 17:52:38.904066,0,0.36,32.42,2,0
E7068,Ultrasound,0,4.26,2024-08-26 17:52:38.904066,0,0.4,38.82,0,1
E7069,Ultrasound,7,8.03,2025-03-16 17:52:38.904066,1,0.02,67.03,3,1
E7070,Ventilator,7,15.8,2025-01-13 17:52:38.904066,0,0.64,45.74,3,1
E7071,Ventilator,10,2.98,2025-03-09 17:52:38.904066,0,0.2,42.2,1,1
E7072,MRI,11,7.07,2024-09-02 17:52:38.904066,1,0.4,49.42,0,1
E7073,ECG,7,1.58,2025-04-09 17:52:38.904066,1,0.13,37.03,0,0
E7074,ECG,10,5.6,2025-02-14 17:52:38.904066,0,0.04,49.92,1,1
E7075,ECG,13,9.96,2025-02-08 17:52:38.904066,2,0.76,54.72,1,1
E7076,Ultrasound,0,8.96,2024-08-24 17:52:38.904066,0,0.3,68.28,4,1
E7077,MRI,11,19.7,2025-01-16 17:52:38.904066,1,0.68,44.05,1,1
E7078,Ventilator,5,5.81,2025-05-19 17:52:38.904066,0,0.51,44.8,3,0
E7079,MRI,6,2.72,2025-06-23 17:52:38.904066,1,0.77,29.33,1,1
E7080,ECG,6,14.89,2025-06-29 17:52:38.904066,0,0.64,20.99,0,1
E7081,ECG,6,9.22,2025-07-12 17:52:38.904066,0,0.04,61.47,0,1
E7082,ECG,8,10.43,2025-06-04 17:52:38.904066,1,0.31,28.52,1,0
E7083,ECG,7,11.46,2025-03-01 17:52:38.904066,1,0.44,43.3,2,0
E7084,Ventilator,0,0.14,2025-02-18 17:52:38.904066,1,0.33,30.69,4,1
E7085,ECG,9,10.45,2025-02-04 17:52:38.904066,1,0.44,46.77,2,1
E7086,Ventilator,5,2.19,2025-02-05 17:52:38.904066,2,0.77,24.31,2,1
E7087,ECG,9,8.06,2025-04-23 17:52:38.904066,0,0.64,24.33,0,1
E7088,ECG,0,3.9,2025-01-06 17:52:38.904066,0,0.66,51.7,1,1
E7089,ECG,3,12.68,2025-03-25 17:52:38.904066,1,0.35,26.31,1,0
E7090,Ventilator,7,19.63,2025-04-11 17:52:38.904066,1,0.16,61.53,0,1
E7091,ECG,10,4.11,2024-10-23 17:52:38.904066,1,0.01,51.21,4,1
E7092,Ventilator,0,0.24,2025-02-24 17:52:38.904066,1,0.26,55.24,1,0
E7093,MRI,2,2.19,2024-09-15 17:52:38.904066,0,0.79,42.36,2,1
E7094,ECG,0,7.55,2025-06-15 17:52:38.904066,1,0.09,65.73,1,1
E7095,MRI,5,17.33,2024-08-10 17:52:38.904066,0,0.79,63.37,2,1
E7096,MRI,6,2.61,2024-08-20 17:52:38.904066,1,0.18,68.04,0,1
E7097,Ventilator,1,11.86,2025-01-09 17:52:38.904066,1,0.47,65.51,4,1
E7098,Ultrasound,7,2.87,2025-05-21 17:52:38.904066,1,0.01,24.56,2,0
E7099,Ventilator,6,18.32,2024-10-09 17:52:38.904066,1,0.37,62.74,1,1
E7100,Ultrasound,3,16.54,2024-11-26 17:52:38.904066,2,0.48,57.6,2,1
E7101,Ventilator,3,15.99,2025-02-05 17:52:38.904066,1,0.2,44.57,1,1
E7102,Ventilator,7,7.45,2024-11-23 17:52:38.904066,2,0.15,27.99,3,1
E7103,Ventilator,10,11.73,2025-01-31 17:52:38.904066,0,0.75,68.59,1,1
E7104,Ventilator,3,3.84,2025-05-29 17:52:38.904066,1,0.44,54.05,2,0
E7105,MRI,1,2.01,2024-12-03 17:52:38.904066,0,0.21,49.08,2,1
E7106,ECG,6,0.38,2024-08-14 17:52:38.904066,0,0.41,60.19,3,1
E7107,ECG,5,2.57,2024-08-17 17:52:38.904066,2,0.19,22.29,3,1
E7108,Ventilator,3,3.19,2025-06-03 17:52:38.904066,1,0.69,55.38,2,1
E7109,Ventilator,8,4.8,2024-09-30 17:52:38.904066,3,0.59,22.54,1,1
E7110,Ventilator,10,0.65,2025-05-21 17:52:38.904066,0,0.19,41.98,3,1
E7111,Ventilator,9,0.98,2024-08-30 17:52:38.904066,0,0.33,28.87,2,1
E7112,MRI,1,2.52,2024-08-20 17:52:38.904066,0,0.46,41.11,2,1
E7113,ECG,1,9.58,2025-03-26 17:52:38.904066,0,0.25,50.42,0,0
E7114,Ultrasound,12,14.55,2024-12-12 17:52:38.904066,1,0.54,28.54,2,1
E7115,MRI,9,15.49,2025-04-30 17:52:38.904066,0,0.13,54.77,2,1
E7116,ECG,4,1.71,2024-12-02 17:52:38.904066,0,0.29,67.74,0,1
E7117,Ultrasound,9,10.41,2025-05-27 17:52:38.904066,3,0.25,36.96,0,1
E7118,MRI,3,13.75,2025-05-19 17:52:38.904066,2,0.35,46.17,4,1
E7119,ECG,8,6.14,2025-03-05 17:52:38.904066,1,0.07,33.41,2,0
E7120,Ultrasound,4,11.79,2024-08-25 17:52:38.904066,0,0.38,59.18,2,1
E7121,Ultrasound,6,14.47,2024-12-11 17:52:38.904066,0,0.53,35.88,2,1
E7122,MRI,6,2.72,2025-06-24 17:52:38.904066,0,0.04,44.81,2,0
E7123,ECG,7,8.64,2025-03-11 17:52:38.904066,0,0.05,36.08,2,0
E7124,MRI,5,12.0,2024-10-17 17:52:38.904066,0,0.67,60.32,1,1
E7125,Ultrasound,4,5.79,2025-01-09 17:52:38.904066,0,0.55,20.97,0,1
E7126,Ventilator,7,6.72,2024-12-14 17:52:38.904066,0,0.8,51.35,2,1
E7127,MRI,0,16.0,2024-09-19 17:52:38.904066,1,0.44,56.5,0,1
E7128,Ultrasound,2,2.97,2025-05-03 17:52:38.904066,2,0.7,42.94,2,1
E7129,Ventilator,6,0.93,2025-06-16 17:52:38.904066,1,0.31,28.22,1,0
E7130,Ventilator,5,2.82,2025-05-22 17:52:38.904066,1,0.0,66.78,1,1
E7131,ECG,8,1.94,2025-03-07 17:52:38.904066,1,0.14,21.08,3,0
E7132,ECG,0,13.52,2025-01-24 17:52:38.904066,2,0.67,47.2,5,1
E7133,MRI,3,0.77,2024-11-05 17:52:38.904066,1,0.09,65.29,3,1
E7134,Ventilator,5,10.48,2025-04-26 17:52:38.904066,0,0.74,49.68,2,1
E7135,Ultrasound,5,10.58,2025-06-11 17:52:38.904066,1,0.36,67.35,1,1
E7136,MRI,0,14.71,2024-10-24 17:52:38.904066,0,0.53,43.88,3,1
E7137,ECG,4,2.36,2024-10-15 17:52:38.904066,0,0.09,28.01,1,1
E7138,MRI,5,16.59,2024-09-18 17:52:38.904066,1,0.76,55.98,2,1
E7139,ECG,7,2.61,2024-08-16 17:52:38.904066,1,0.36,37.6,3,1
E7140,MRI,8,6.58,2024-12-15 17:52:38.904066,0,0.53,65.03,2,1
E7141,Ultrasound,3,17.7,2024-08-10 17:52:38.904066,1,0.26,29.45,2,1
E7142,Ventilator,0,15.94,2024-11-16 17:52:38.904066,1,0.42,51.76,2,1
E7143,Ventilator,6,6.02,2024-08-19 17:52:38.904066,0,0.34,58.17,1,1
E7144,MRI,1,0.59,2024-08-16 17:52:38.904066,0,0.11,21.64,3,1
E7145,Ultrasound,1,19.38,2024-09-04 17:52:38.904066,0,0.3,20.45,0,1
E7146,ECG,10,10.01,2024-10-27 17:52:38.904066,0,0.11,56.95,2,1
E7147,ECG,5,9.7,2024-10-17 17:52:38.904066,0,0.47,57.62,3,1
E7148,Ultrasound,6,1.86,2025-01-07 17:52:38.904066,0,0.29,57.79,4,1
E7149,Ventilator,4,7.33,2025-01-22 17:52:38.904066,1,0.3,29.21,2,1
E7150,MRI,2,4.94,2024-08-31 17:52:38.904066,0,0.24,29.89,3,1
E7151,Ultrasound,3,6.38,2025-01-03 17:52:38.904066,0,0.69,54.06,0,1
E7152,Ultrasound,1,9.97,2025-03-20 17:52:38.904066,0,0.02,53.14,0,0
E7153,Ventilator,7,10.86,2024-11-26 17:52:38.904066,0,0.76,69.72,0,1
E7154,MRI,6,12.46,2024-09-18 17:52:38.904066,0,0.64,42.0,1,1
E7155,Ventilator,9,8.02,2024-10-28 17:52:38.904066,0,0.54,52.96,2,1
E7156,MRI,10,19.65,2024-10-01 17:52:38.904066,1,0.37,46.19,1,1
E7157,ECG,4,14.24,2024-09-15 17:52:38.904066,1,0.61,62.09,1,1
E7158,MRI,5,15.87,2024-08-28 17:52:38.904066,0,0.32,49.91,1,1
E7159,Ventilator,6,17.25,2025-03-30 17:52:38.904066,0,0.24,21.93,2,1
E7160,ECG,3,10.34,2024-12-19 17:52:38.904066,2,0.39,60.99,1,1
E7161,ECG,10,14.3,2025-07-17 17:52:38.904066,1,0.1,57.23,1,1
E7162,Ultrasound,13,8.33,2025-02-03 17:52:38.904066,1,0.65,36.98,2,1
E7163,ECG,6,9.25,2025-06-08 17:52:38.904066,0,0.51,43.89,3,0
E7164,ECG,9,19.75,2025-07-02 17:52:38.904066,1,0.29,50.77,2,1
E7165,Ultrasound,0,13.65,2025-03-10 17:52:38.904066,0,0.71,24.29,2,1
E7166,Ultrasound,3,8.46,2024-12-04 17:52:38.904066,1,0.63,31.6,0,1
E7167,Ventilator,4,16.4,2025-02-21 17:52:38.904066,0,0.7,25.39,1,1
E7168,ECG,2,8.49,2025-03-19 17:52:38.904066,0,0.33,37.99,0,0
E7169,MRI,15,10.39,2025-06-29 17:52:38.904066,0,0.68,54.26,1,1
E7170,ECG,0,15.62,2025-07-19 17:52:38.904066,1,0.37,55.17,0,0
E7171,ECG,2,17.53,2024-11-02 17:52:38.904066,0,0.4,67.96,1,1
E7172,ECG,10,10.91,2025-06-10 17:52:38.904066,2,0.65,37.22,1,1
E7173,MRI,9,6.94,2025-05-16 17:52:38.904066,1,0.31,62.01,2,1
E7174,MRI,6,8.87,2025-03-21 17:52:38.904066,0,0.77,66.15,3,1
E7175,ECG,9,6.92,2025-07-15 17:52:38.904066,0,0.71,40.63,3,1
E7176,MRI,8,0.46,2024-10-18 17:52:38.904066,0,0.01,57.2,2,1
E7177,Ventilator,3,15.81,2024-12-17 17:52:38.904066,1,0.71,42.03,0,1
E7178,Ultrasound,7,13.08,2025-01-24 17:52:38.904066,1,0.2,40.18,3,1
E7179,Ultrasound,5,5.04,2024-10-11 17:52:38.904066,0,0.52,25.95,2,1
E7180,MRI,0,9.2,2025-06-02 17:52:38.904066,2,0.73,61.74,0,1
E7181,MRI,10,18.64,2025-04-19 17:52:38.904066,0,0.65,32.27,3,1
E7182,Ventilator,5,15.7,2025-02-01 17:52:38.904066,0,0.32,37.7,3,1
E7183,MRI,2,8.87,2025-04-03 17:52:38.904066,0,0.59,61.94,1,1
E7184,MRI,13,13.23,2024-10-09 17:52:38.904066,0,0.25,69.68,0,1
E7185,ECG,1,6.83,2024-11-27 17:52:38.904066,1,0.4,35.66,2,1
E7186,MRI,0,1.6,2024-11-24 17:52:38.904066,2,0.37,49.49,5,1
E7187,MRI,5,3.02,2024-08-25 17:52:38.904066,4,0.17,51.43,0,1
E7188,MRI,8,3.25,2024-10-27 17:52:38.904066,1,0.7,55.21,3,1
E7189,MRI,7,14.35,2025-01-30 17:52:38.904066,0,0.65,49.72,1,1
E7190,MRI,6,1.73,2025-07-19 17:52:38.904066,1,0.75,43.07,0,1
E7191,Ventilator,5,8.06,2024-12-27 17:52:38.904066,0,0.51,34.11,2,1
E7192,Ventilator,10,14.71,2025-07-21 17:52:38.904066,2,0.11,27.4,2,1
E7193,MRI,10,19.49,2024-12-18 17:52:38.904066,0,0.63,57.29,4,1
E7194,Ventilator,2,9.24,2024-09-23 17:52:38.904066,0,0.51,32.35,2,1
E7195,Ultrasound,9,5.88,2024-08-07 17:52:38.904066,0,0.21,51.02,1,1
E7196,ECG,3,10.19,2024-10-19 17:52:38.904066,0,0.41,66.2,1,1
E7197,Ultrasound,5,1.34,2025-04-04 17:52:38.904066,2,0.32,56.48,1,0
E7198,Ultrasound,7,3.35,2025-07-01 17:52:38.904066,0,0.15,57.09,0,0
E7199,Ventilator,0,7.28,2024-08-12 17:52:38.904066,1,0.64,68.0,2,1
E7200,Ultrasound,11,13.62,2025-01-07 17:52:38.904066,1,0.73,55.65,3,1
E7201,ECG,7,19.5,2024-10-23 17:52:38.904066,0,0.08,51.35,1,1
E7202,MRI,10,4.02,2025-03-05 17:52:38.904066,0,0.39,62.59,0,1
E7203,ECG,0,7.09,2025-04-15 17:52:38.904066,1,0.43,30.34,0,0
E7204,Ventilator,8,19.75,2025-01-25 17:52:38.904066,1,0.14,33.79,0,1
E7205,ECG,6,13.26,2025-01-09 17:52:38.904066,1,0.55,51.19,3,1
E7206,MRI,6,4.97,2024-09-02 17:52:38.904066,2,0.35,50.79,1,1
E7207,Ventilator,0,13.32,2024-09-24 17:52:38.904066,1,0.16,64.02,2,1
E7208,MRI,3,9.64,2025-04-03 17:52:38.904066,1,0.03,27.59,1,0
E7209,ECG,8,18.31,2025-07-10 17:52:38.904066,0,0.79,37.44,0,1
E7210,ECG,8,7.55,2025-04-09 17:52:38.904066,1,0.62,31.66,0,1
E7211,ECG,0,13.45,2024-10-10 17:52:38.904066,2,0.05,29.85,3,1
E7212,Ventilator,4,12.11,2024-12-24 17:52:38.904066,1,0.73,59.71,3,1
E7213,MRI,6,6.94,2025-03-11 17:52:38.904066,1,0.15,55.14,2,0
E7214,Ventilator,0,6.79,2025-05-26 17:52:38.904066,2,0.45,27.14,2,0
E7215,Ventilator,0,2.51,2024-12-29 17:52:38.904066,0,0.24,26.12,3,1
E7216,Ventilator,0,16.55,2025-03-08 17:52:38.904066,2,0.32,64.23,1,1
E7217,ECG,0,10.48,2025-02-25 17:52:38.904066,0,0.08,51.82,0,0
E7218,Ultrasound,9,18.07,2025-01-16 17:52:38.904066,1,0.32,35.57,2,1
E7219,ECG,3,12.44,2025-02-13 17:52:38.904066,2,0.53,61.77,1,1
E7220,Ventilator,12,16.51,2025-04-23 17:52:38.904066,0,0.57,48.34,1,1
E7221,Ultrasound,4,4.55,2025-04-05 17:52:38.904066,1,0.4,27.65,1,0
E7222,MRI,1,17.03,2024-10-25 17:52:38.904066,3,0.22,40.69,1,1
E7223,ECG,6,1.46,2024-10-29 17:52:38.904066,1,0.4,34.37,1,1
E7224,MRI,8,12.22,2024-12-04 17:52:38.904066,0,0.22,50.72,2,1
E7225,Ultrasound,8,1.49,2025-06-14 17:52:38.904066,1,0.42,66.86,3,1
E7226,Ultrasound,5,4.4,2024-12-10 17:52:38.904066,0,0.49,22.29,2,1
E7227,Ultrasound,0,17.66,2025-08-01 17:52:38.904066,1,0.23,62.5,0,1
E7228,Ventilator,2,6.43,2024-12-01 17:52:38.904066,0,0.07,67.99,2,1
E7229,Ventilator,5,19.53,2024-12-09 17:52:38.904066,3,0.58,45.43,1,1
E7230,MRI,3,10.58,2024-10-22 17:52:38.904066,0,0.54,58.19,5,1
E7231,Ventilator,0,3.48,2025-07-06 17:52:38.904066,0,0.62,26.07,2,1
E7232,Ventilator,6,15.06,2024-09-02 17:52:38.904066,1,0.3,38.95,1,1
E7233,Ultrasound,1,2.36,2025-04-05 17:52:38.904066,1,0.77,64.31,2,1
E7234,ECG,6,9.02,2024-10-09 17:52:38.904066,0,0.19,27.57,1,1
E7235,Ventilator,5,18.21,2025-05-07 17:52:38.904066,1,0.5,42.26,1,1
E7236,MRI,4,4.62,2024-10-04 17:52:38.904066,0,0.15,45.46,1,1
E7237,Ultrasound,10,12.21,2024-11-03 17:52:38.904066,1,0.62,62.01,5,1
E7238,Ultrasound,7,13.09,2024-11-12 17:52:38.904066,1,0.29,30.72,1,1
E7239,MRI,5,8.45,2025-06-25 17:52:38.904066,1,0.5,45.17,1,0
E7240,MRI,3,10.27,2025-06-17 17:52:38.904066,2,0.58,44.29,2,0
E7241,MRI,3,17.76,2025-03-03 17:52:38.904066,1,0.05,22.17,3,1
E7242,MRI,8,6.04,2025-01-31 17:52:38.904066,0,0.2,59.5,2,1
E7243,MRI,4,9.93,2024-12-11 17:52:38.904066,1,0.53,50.48,3,1
E7244,Ultrasound,1,9.52,2025-07-24 17:52:38.904066,0,0.16,65.35,1,1
E7245,Ventilator,7,0.97,2025-07-30 17:52:38.904066,2,0.69,65.65,2,1
E7246,Ventilator,5,5.62,2024-11-20 17:52:38.904066,1,0.6,29.95,2,1
E7247,ECG,1,10.35,2024-12-07 17:52:38.904066,0,0.28,64.82,0,1
E7248,MRI,1,3.75,2024-10-25 17:52:38.904066,2,0.7,53.27,2,1
E7249,Ultrasound,0,14.89,2025-02-15 17:52:38.904066,0,0.78,57.77,2,1
E7250,Ventilator,2,2.81,2025-03-14 17:52:38.904066,0,0.18,60.21,1,1
E7251,ECG,5,14.51,2025-01-07 17:52:38.904066,0,0.17,24.2,1,1
E7252,ECG,3,5.9,2025-02-16 17:52:38.904066,1,0.09,69.68,0,1
E7253,ECG,8,10.56,2025-02-18 17:52:38.904066,2,0.12,22.87,1,0
E7254,Ventilator,4,14.21,2024-12-06 17:52:38.904066,0,0.54,47.63,2,1
E7255,MRI,11,5.71,2025-05-25 17:52:38.904066,1,0.55,42.14,1,1
E7256,ECG,2,19.68,2025-01-07 17:52:38.904066,1,0.08,67.99,3,1
E7257,MRI,0,12.46,2024-11-11 17:52:38.904066,1,0.51,36.98,2,1
E7258,Ultrasound,3,13.21,2024-09-07 17:52:38.904066,1,0.77,69.52,2,1
E7259,Ventilator,11,10.98,2025-02-02 17:52:38.904066,0,0.38,31.07,3,1
E7260,Ventilator,4,5.65,2024-09-28 17:52:38.904066,1,0.59,38.25,1,1
E7261,Ventilator,0,3.12,2024-09-15 17:52:38.904066,0,0.09,22.32,3,1
E7262,Ventilator,0,12.98,2024-12-03 17:52:38.904066,1,0.05,31.18,0,1
E7263,Ultrasound,10,9.23,2024-08-20 17:52:38.904066,0,0.47,56.47,0,1
E7264,Ventilator,10,18.17,2025-03-27 17:52:38.904066,0,0.7,57.11,2,1
E7265,Ventilator,5,3.08,2025-01-27 17:52:38.904066,3,0.16,47.01,2,1
E7266,ECG,5,16.74,2025-03-25 17:52:38.904066,1,0.12,54.99,1,1
E7267,Ventilator,14,16.56,2025-03-09 17:52:38.904066,0,0.45,62.88,3,1
E7268,ECG,1,17.38,2025-03-28 17:52:38.904066,0,0.51,66.02,1,1
E7269,Ultrasound,2,6.29,2025-02-23 17:52:38.904066,0,0.21,29.12,0,0
E7270,ECG,13,1.24,2025-06-25 17:52:38.904066,2,0.79,20.81,0,1
E7271,MRI,4,7.57,2025-04-12 17:52:38.904066,0,0.45,21.96,1,0
E7272,Ventilator,0,16.29,2024-08-13 17:52:38.904066,0,0.21,31.34,2,1
E7273,MRI,5,17.2,2024-10-25 17:52:38.904066,3,0.45,23.31,0,1
E7274,ECG,5,11.36,2025-06-02 17:52:38.904066,0,0.51,40.77,1,0
E7275,MRI,13,4.9,2024-12-04 17:52:38.904066,0,0.45,65.56,1,1
E7276,ECG,1,11.86,2024-12-19 17:52:38.904066,1,0.22,49.75,3,1
E7277,Ventilator,3,15.41,2025-07-04 17:52:38.904066,1,0.29,56.64,0,0
E7278,ECG,0,15.85,2025-02-05 17:52:38.904066,1,0.1,35.72,2,1
E7279,Ventilator,6,6.33,2024-11-19 17:52:38.904066,1,0.46,59.2,1,1
E7280,MRI,6,9.79,2024-12-16 17:52:38.904066,0,0.38,22.02,2,1
E7281,MRI,10,4.8,2024-11-21 17:52:38.904066,2,0.51,33.21,1,1
E7282,Ultrasound,3,14.2,2025-07-29 17:52:38.904066,2,0.57,25.59,1,0
E7283,ECG,13,15.39,2025-01-26 17:52:38.904066,3,0.48,45.0,2,1
E7284,Ventilator,0,5.4,2024-11-10 17:52:38.904066,1,0.75,58.56,3,1
E7285,ECG,4,9.77,2025-05-29 17:52:38.904066,2,0.66,36.3,2,1
E7286,ECG,0,14.55,2025-05-12 17:52:38.904066,0,0.72,53.37,0,1
E7287,Ultrasound,10,0.17,2025-03-29 17:52:38.904066,3,0.3,40.31,2,1
E7288,Ventilator,3,1.57,2025-05-26 17:52:38.904066,4,0.46,46.86,0,1
E7289,Ultrasound,6,8.71,2024-10-23 17:52:38.904066,0,0.65,49.9,1,1
E7290,Ventilator,3,4.9,2025-05-22 17:52:38.904066,1,0.03,39.45,1,0
E7291,ECG,9,14.77,2025-07-22 17:52:38.904066,2,0.61,26.73,1,1
E7292,Ventilator,0,13.9,2025-07-25 17:52:38.904066,1,0.15,61.18,1,1
E7293,Ultrasound,2,13.93,2024-11-06 17:52:38.904066,0,0.57,25.04,2,1
E7294,MRI,4,19.25,2024-09-25 17:52:38.904066,1,0.18,62.49,1,1
E7295,ECG,7,0.96,2024-11-21 17:52:38.904066,0,0.34,52.35,2,1
E7296,MRI,3,16.55,2025-05-07 17:52:38.904066,0,0.16,32.59,1,1
E7297,MRI,6,16.12,2025-01-21 17:52:38.904066,1,0.27,42.66,3,1
E7298,Ultrasound,5,3.65,2025-05-07 17:52:38.904066,1,0.61,52.88,1,1
E7299,Ventilator,10,0.04,2025-01-30 17:52:38.904066,0,0.51,31.36,0,1
E7300,MRI,5,16.69,2024-08-09 17:52:38.904066,1,0.66,39.18,0,1
E7301,ECG,5,18.54,2025-07-17 17:52:38.904066,1,0.65,32.33,1,1
E7302,ECG,2,6.92,2025-06-01 17:52:38.904066,1,0.5,26.86,1,0
E7303,ECG,0,5.91,2025-02-20 17:52:38.904066,0,0.33,22.71,3,0
E7304,Ultrasound,6,19.83,2024-11-08 17:52:38.904066,0,0.56,65.86,2,1
E7305,Ventilator,8,2.7,2025-04-01 17:52:38.904066,0,0.44,59.82,0,0
E7306,MRI,4,8.6,2024-12-21 17:52:38.904066,1,0.11,53.8,1,1
E7307,ECG,0,14.96,2024-11-29 17:52:38.904066,0,0.53,40.24,0,1
E7308,Ventilator,4,16.99,2025-03-25 17:52:38.904066,1,0.34,20.85,1,1
E7309,Ventilator,10,2.09,2025-02-05 17:52:38.904066,0,0.74,56.76,4,1
E7310,ECG,5,14.51,2025-01-17 17:52:38.904066,1,0.45,55.77,4,1
E7311,ECG,11,13.8,2024-11-22 17:52:38.904066,2,0.72,52.06,1,1
E7312,ECG,7,5.59,2024-08-17 17:52:38.904066,1,0.07,67.53,3,1
E7313,Ventilator,1,0.04,2025-07-15 17:52:38.904066,1,0.36,57.75,3,0
E7314,Ventilator,1,4.28,2025-02-28 17:52:38.904066,1,0.42,43.25,1,0
E7315,ECG,1,13.58,2024-11-11 17:52:38.904066,2,0.0,61.64,0,1
E7316,Ultrasound,1,4.3,2024-08-24 17:52:38.904066,1,0.14,69.24,2,1
E7317,Ventilator,6,16.6,2024-11-27 17:52:38.904066,1,0.08,59.57,1,1
E7318,Ultrasound,1,9.75,2024-08-14 17:52:38.904066,1,0.17,64.98,2,1
E7319,Ultrasound,8,5.15,2025-03-11 17:52:38.904066,2,0.54,34.29,1,0
E7320,MRI,1,1.94,2024-08-20 17:52:38.904066,1,0.71,58.71,1,1
E7321,MRI,6,19.45,2025-04-18 17:52:38.904066,1,0.64,35.21,1,1
E7322,Ultrasound,3,15.71,2024-09-18 17:52:38.904066,1,0.7,25.03,3,1
E7323,Ventilator,9,9.31,2024-09-15 17:52:38.904066,0,0.2,28.63,0,1
E7324,Ventilator,0,13.22,2025-03-21 17:52:38.904066,1,0.51,34.0,1,0
E7325,Ultrasound,12,16.21,2025-01-30 17:52:38.904066,0,0.7,63.45,4,1
E7326,Ultrasound,11,9.11,2024-08-14 17:52:38.904066,2,0.62,69.3,3,1
E7327,Ultrasound,3,0.13,2024-10-15 17:52:38.904066,1,0.01,22.11,0,1
E7328,ECG,9,18.38,2025-05-27 17:52:38.904066,0,0.08,46.16,3,1
E7329,MRI,4,12.76,2025-03-17 17:52:38.904066,0,0.0,38.14,2,0
E7330,Ultrasound,1,16.97,2025-06-08 17:52:38.904066,0,0.08,52.63,2,1
E7331,Ultrasound,11,10.97,2025-03-20 17:52:38.904066,0,0.3,48.52,1,1
E7332,Ventilator,7,5.05,2025-06-27 17:52:38.904066,4,0.05,21.85,1,1
E7333,Ultrasound,2,3.94,2025-05-04 17:52:38.904066,2,0.2,27.69,1,0
E7334,ECG,5,18.21,2024-08-23 17:52:38.904066,0,0.27,32.36,1,1
E7335,Ventilator,11,9.88,2025-06-03 17:52:38.904066,0,0.28,40.28,3,1
E7336,MRI,0,1.75,2025-02-19 17:52:38.904066,2,0.61,66.72,0,1
E7337,MRI,5,19.36,2025-04-12 17:52:38.904066,0,0.79,30.23,2,1
E7338,Ultrasound,2,5.19,2025-03-13 17:52:38.904066,1,0.66,39.03,3,1
E7339,Ultrasound,6,14.76,2024-08-20 17:52:38.904066,1,0.05,36.92,3,1
E7340,Ventilator,13,18.38,2025-01-16 17:52:38.904066,0,0.22,52.22,1,1
E7341,MRI,5,6.08,2024-10-16 17:52:38.904066,0,0.77,46.92,2,1
E7342,Ultrasound,2,1.74,2024-12-27 17:52:38.904066,0,0.8,59.09,1,1
E7343,MRI,3,7.68,2024-11-17 17:52:38.904066,2,0.19,45.02,1,1
E7344,MRI,3,12.11,2025-04-17 17:52:38.904066,0,0.25,58.99,4,1
E7345,Ultrasound,0,0.56,2025-03-24 17:52:38.904066,1,0.76,38.98,3,1
E7346,MRI,12,19.01,2024-08-09 17:52:38.904066,2,0.52,55.67,4,1
E7347,Ultrasound,0,4.83,2024-10-24 17:52:38.904066,0,0.64,66.51,3,1
E7348,ECG,6,6.06,2025-06-13 17:52:38.904066,1,0.78,60.95,3,1
E7349,Ultrasound,2,9.39,2025-07-07 17:52:38.904066,1,0.01,23.8,0,0
E7350,MRI,15,16.49,2024-12-06 17:52:38.904066,2,0.35,47.88,4,1
E7351,MRI,10,19.21,2024-09-09 17:52:38.904066,1,0.71,20.72,0,1
E7352,ECG,5,11.63,2025-08-05 17:52:38.904066,0,0.63,32.65,1,1
E7353,Ventilator,6,17.16,2024-08-26 17:52:38.904066,1,0.49,34.12,1,1
E7354,MRI,5,11.48,2025-08-04 17:52:38.904066,1,0.44,36.88,3,0
E7355,MRI,7,11.62,2024-10-15 17:52:38.904066,0,0.08,55.71,2,1
E7356,Ultrasound,9,4.87,2024-12-04 17:52:38.904066,1,0.08,57.77,1,1
E7357,ECG,5,5.63,2024-10-31 17:52:38.904066,0,0.02,51.04,1,1
E7358,ECG,7,18.63,2025-05-13 17:52:38.904066,2,0.61,28.1,0,1
E7359,Ventilator,8,10.92,2025-01-22 17:52:38.904066,1,0.55,45.63,1,1
E7360,Ultrasound,0,18.14,2025-05-20 17:52:38.904066,0,0.57,46.6,3,1
E7361,ECG,4,12.88,2025-06-26 17:52:38.904066,0,0.11,28.45,1,0
E7362,MRI,3,5.34,2025-07-22 17:52:38.904066,1,0.7,37.78,0,1
E7363,MRI,2,1.31,2024-10-05 17:52:38.904066,0,0.24,37.61,1,1
E7364,MRI,1,16.23,2025-07-31 17:52:38.904066,1,0.1,55.78,4,1
E7365,Ultrasound,0,14.31,2024-09-06 17:52:38.904066,3,0.51,23.9,3,1
E7366,Ventilator,11,11.67,2025-03-12 17:52:38.904066,0,0.74,63.44,0,1
E7367,Ultrasound,5,0.32,2024-12-11 17:52:38.904066,1,0.48,64.45,3,1
E7368,Ultrasound,9,4.5,2024-10-19 17:52:38.904066,0,0.63,33.69,5,1
E7369,MRI,4,19.93,2024-09-09 17:52:38.904066,0,0.56,21.5,1,1
E7370,ECG,6,13.63,2024-12-12 17:52:38.904066,2,0.26,54.07,1,1
E7371,Ultrasound,7,2.56,2024-09-01 17:52:38.904066,1,0.14,37.38,0,1
E7372,Ultrasound,5,18.61,2025-03-06 17:52:38.904066,0,0.17,45.13,1,1
E7373,Ultrasound,0,8.52,2025-03-21 17:52:38.904066,0,0.47,53.96,2,0
E7374,Ultrasound,3,6.54,2025-03-25 17:52:38.904066,1,0.13,56.78,2,0
E7375,MRI,3,19.09,2025-01-09 17:52:38.904066,1,0.57,57.31,2,1
E7376,Ventilator,5,0.94,2025-01-02 17:52:38.904066,1,0.03,64.75,1,1
E7377,Ventilator,1,10.07,2024-08-08 17:52:38.904066,0,0.73,45.61,0,1
E7378,Ventilator,7,2.94,2024-11-18 17:52:38.904066,1,0.01,25.96,1,1
E7379,Ventilator,8,1.45,2025-03-27 17:52:38.904066,0,0.52,42.36,1,0
E7380,Ultrasound,2,3.05,2024-08-06 17:52:38.904066,1,0.48,25.42,1,1
E7381,Ultrasound,0,8.08,2024-09-27 17:52:38.904066,3,0.58,22.64,1,1
E7382,Ventilator,3,4.1,2024-08-13 17:52:38.904066,1,0.55,37.98,3,1
E7383,MRI,3,14.08,2025-04-18 17:52:38.904066,3,0.5,58.57,2,1
E7384,MRI,11,5.89,2025-02-22 17:52:38.904066,1,0.51,24.64,2,1
E7385,MRI,2,7.77,2024-09-17 17:52:38.904066,0,0.77,67.65,0,1
E7386,Ventilator,4,10.37,2024-08-12 17:52:38.904066,2,0.29,69.39,1,1
E7387,Ventilator,10,8.01,2025-05-21 17:52:38.904066,3,0.17,41.23,2,1
E7388,Ventilator,9,3.12,2025-04-01 17:52:38.904066,2,0.1,41.53,5,1
E7389,Ventilator,3,12.25,2025-02-05 17:52:38.904066,0,0.17,47.5,0,1
E7390,ECG,8,19.74,2025-01-21 17:52:38.904066,0,0.17,51.95,1,1
E7391,MRI,2,17.68,2025-05-30 17:52:38.904066,1,0.38,67.71,2,1
E7392,Ventilator,3,4.75,2025-07-04 17:52:38.904066,0,0.13,60.31,0,1
E7393,ECG,3,4.84,2024-10-05 17:52:38.904066,1,0.17,68.76,2,1
E7394,Ventilator,6,10.93,2025-03-22 17:52:38.904066,2,0.25,24.0,0,0
E7395,MRI,3,7.78,2024-10-25 17:52:38.904066,0,0.14,43.02,2,1
E7396,MRI,3,5.09,2025-04-25 17:52:38.904066,0,0.05,24.67,2,0
E7397,Ultrasound,8,0.01,2025-04-10 17:52:38.904066,0,0.78,58.87,1,1
E7398,MRI,7,2.08,2024-08-29 17:52:38.904066,1,0.06,69.95,1,1
E7399,Ultrasound,8,17.25,2025-05-11 17:52:38.904066,1,0.33,39.05,1,1
E7400,Ventilator,10,12.69,2024-08-13 17:52:38.904066,0,0.26,63.95,1,1
E7401,Ventilator,4,15.57,2025-05-01 17:52:38.904066,1,0.48,57.31,2,0
E7402,ECG,1,19.72,2025-02-02 17:52:38.904066,0,0.06,48.6,1,1
E7403,Ultrasound,2,10.41,2024-09-12 17:52:38.904066,2,0.73,37.1,2,1
E7404,ECG,10,14.19,2025-07-23 17:52:38.904066,1,0.06,31.44,1,1
E7405,ECG,3,17.53,2025-03-30 17:52:38.904066,2,0.38,36.18,1,1
E7406,Ultrasound,9,14.01,2025-03-20 17:52:38.904066,1,0.29,35.06,2,1
E7407,MRI,10,4.66,2024-08-31 17:52:38.904066,2,0.65,53.54,1,1
E7408,Ventilator,6,11.73,2025-04-18 17:52:38.904066,0,0.03,59.24,1,0
E7409,MRI,4,15.59,2024-10-10 17:52:38.904066,1,0.08,33.79,1,1
E7410,Ultrasound,10,13.05,2024-11-15 17:52:38.904066,0,0.78,69.05,1,1
E7411,Ventilator,4,17.79,2024-11-12 17:52:38.904066,0,0.12,54.28,1,1
E7412,MRI,0,5.89,2024-11-11 17:52:38.904066,0,0.29,50.87,2,1
E7413,MRI,6,14.78,2024-10-03 17:52:38.904066,0,0.14,58.28,1,1
E7414,ECG,0,0.5,2024-09-16 17:52:38.904066,2,0.35,49.97,1,1
E7415,ECG,1,5.42,2025-03-27 17:52:38.904066,2,0.31,57.12,1,0
E7416,Ultrasound,3,15.62,2025-07-16 17:52:38.904066,1,0.38,36.11,2,0
E7417,MRI,8,15.03,2025-03-04 17:52:38.904066,1,0.23,33.03,2,0
E7418,Ultrasound,5,1.43,2025-05-10 17:52:38.904066,1,0.35,55.86,1,0
E7419,ECG,11,3.87,2025-06-22 17:52:38.904066,2,0.4,56.99,3,1
E7420,MRI,5,17.51,2025-07-26 17:52:38.904066,0,0.18,21.53,1,1
E7421,Ultrasound,5,0.32,2025-07-23 17:52:38.904066,1,0.1,58.59,3,0
E7422,MRI,7,15.77,2025-01-30 17:52:38.904066,0,0.7,66.14,1,1
E7423,Ultrasound,4,14.69,2024-09-30 17:52:38.904066,0,0.63,60.3,1,1
E7424,Ultrasound,1,19.59,2025-03-19 17:52:38.904066,0,0.27,38.2,3,1
E7425,ECG,4,11.6,2024-10-12 17:52:38.904066,0,0.35,20.6,2,1
E7426,Ultrasound,9,10.85,2025-03-06 17:52:38.904066,0,0.68,68.15,2,1
E7427,MRI,6,9.34,2024-10-18 17:52:38.904066,1,0.59,64.55,0,1
E7428,MRI,2,5.14,2024-10-19 17:52:38.904066,1,0.47,55.39,2,1
E7429,Ultrasound,0,7.02,2025-06-13 17:52:38.904066,1,0.35,36.98,0,0
E7430,ECG,7,13.01,2025-04-15 17:52:38.904066,1,0.14,68.51,2,1
E7431,ECG,0,8.04,2025-04-02 17:52:38.904066,1,0.16,25.67,0,0
E7432,Ultrasound,13,19.9,2025-06-14 17:52:38.904066,0,0.57,41.5,0,1
E7433,ECG,7,1.09,2025-05-10 17:52:38.904066,0,0.1,57.97,1,0
E7434,ECG,2,7.33,2025-04-21 17:52:38.904066,0,0.24,20.41,0,0
E7435,Ventilator,4,2.69,2025-07-26 17:52:38.904066,0,0.62,35.23,1,1
E7436,MRI,2,1.24,2025-04-28 17:52:38.904066,2,0.79,65.87,0,1
E7437,Ultrasound,2,13.81,2024-12-25 17:52:38.904066,0,0.78,62.69,1,1
E7438,Ventilator,0,6.0,2024-10-07 17:52:38.904066,0,0.43,61.36,2,1
E7439,MRI,10,12.53,2024-11-14 17:52:38.904066,0,0.63,22.66,2,1
E7440,Ventilator,11,10.84,2025-03-18 17:52:38.904066,1,0.03,39.92,3,1
E7441,Ultrasound,6,4.68,2025-08-05 17:52:38.904066,0,0.04,62.41,2,1
E7442,Ventilator,2,16.11,2024-09-03 17:52:38.904066,0,0.52,53.75,2,1
E7443,MRI,2,1.54,2024-08-09 17:52:38.904066,1,0.52,69.4,1,1
E7444,Ventilator,9,0.23,2025-07-06 17:52:38.904066,0,0.27,56.44,2,1
E7445,Ventilator,0,16.74,2024-09-27 17:52:38.904066,0,0.46,60.33,2,1
E7446,ECG,0,3.04,2025-03-24 17:52:38.904066,1,0.13,34.33,1,0
E7447,MRI,6,13.88,2025-07-18 17:52:38.904066,0,0.74,48.39,3,1
E7448,Ventilator,2,16.15,2025-07-13 17:52:38.904066,1,0.76,52.44,1,1
E7449,ECG,3,3.62,2025-05-02 17:52:38.904066,3,0.42,68.66,2,1
E7450,ECG,5,15.16,2024-12-04 17:52:38.904066,0,0.12,65.87,1,1
E7451,ECG,8,8.36,2025-05-21 17:52:38.904066,1,0.07,25.59,0,0
E7452,MRI,2,7.31,2024-09-13 17:52:38.904066,2,0.52,27.17,0,1
E7453,ECG,0,9.74,2025-06-11 17:52:38.904066,1,0.42,55.71,1,0
E7454,Ultrasound,7,13.93,2024-12-14 17:52:38.904066,1,0.64,51.38,2,1
E7455,MRI,0,19.32,2025-01-27 17:52:38.904066,0,0.54,20.32,3,1
E7456,Ventilator,9,7.97,2025-07-10 17:52:38.904066,1,0.17,62.75,1,1
E7457,Ultrasound,3,13.65,2025-07-29 17:52:38.904066,0,0.29,22.25,0,0
E7458,Ventilator,3,13.67,2025-02-10 17:52:38.904066,1,0.07,59.28,1,0
E7459,Ultrasound,9,6.37,2025-01-26 17:52:38.904066,1,0.69,35.62,0,1
E7460,ECG,3,6.03,2025-03-05 17:52:38.904066,1,0.53,35.85,3,0
E7461,MRI,1,4.85,2025-05-22 17:52:38.904066,0,0.03,51.63,3,0
E7462,MRI,11,2.94,2025-02-21 17:52:38.904066,1,0.34,40.57,3,1
E7463,MRI,0,2.38,2024-11-11 17:52:38.904066,1,0.61,38.78,2,1
E7464,Ultrasound,4,9.75,2025-03-08 17:52:38.904066,0,0.31,44.17,0,0
E7465,ECG,10,10.81,2025-03-13 17:52:38.904066,0,0.32,31.34,2,1
E7466,ECG,8,2.69,2025-04-25 17:52:38.904066,0,0.25,48.7,0,0
E7467,MRI,2,15.88,2025-02-28 17:52:38.904066,2,0.57,50.99,2,0
E7468,ECG,5,7.45,2025-03-19 17:52:38.904066,1,0.49,59.45,0,0
E7469,Ventilator,3,14.83,2025-08-02 17:52:38.904066,0,0.24,59.39,1,0
E7470,Ventilator,5,16.53,2025-05-11 17:52:38.904066,1,0.02,33.2,4,1
E7471,Ultrasound,3,7.15,2025-07-05 17:52:38.904066,0,0.1,49.89,0,0
E7472,ECG,3,11.34,2024-09-22 17:52:38.904066,1,0.03,69.25,0,1
E7473,MRI,1,5.34,2025-07-17 17:52:38.904066,2,0.23,58.09,4,1
E7474,MRI,2,9.34,2025-01-05 17:52:38.904066,1,0.65,56.66,3,1
E7475,Ultrasound,9,19.67,2024-11-28 17:52:38.904066,1,0.1,22.18,5,1
E7476,Ultrasound,10,11.03,2025-06-09 17:52:38.904066,0,0.78,38.97,1,1
E7477,MRI,2,3.59,2025-03-02 17:52:38.904066,1,0.09,37.22,1,0
E7478,Ultrasound,9,11.26,2025-03-29 17:52:38.904066,1,0.7,20.96,1,1
E7479,Ventilator,3,2.61,2025-07-10 17:52:38.904066,0,0.35,25.57,4,1
E7480,ECG,1,17.98,2025-01-17 17:52:38.904066,0,0.77,37.06,3,1
E7481,MRI,3,7.71,2025-04-10 17:52:38.904066,0,0.77,22.52,4,1
E7482,Ultrasound,2,0.25,2025-07-11 17:52:38.904066,0,0.8,34.68,1,1
E7483,Ultrasound,0,9.07,2024-11-01 17:52:38.904066,1,0.37,36.1,5,1
E7484,Ventilator,10,7.43,2024-12-06 17:52:38.904066,0,0.16,56.37,0,1
E7485,Ventilator,10,9.56,2025-07-22 17:52:38.904066,0,0.16,23.21,3,1
E7486,Ultrasound,6,16.02,2025-07-10 17:52:38.904066,1,0.78,29.52,1,1
E7487,ECG,9,12.39,2025-05-14 17:52:38.904066,0,0.52,53.27,2,1
E7488,Ventilator,1,19.0,2025-01-07 17:52:38.904066,2,0.03,55.26,2,1
E7489,Ventilator,2,2.6,2025-06-20 17:52:38.904066,1,0.38,22.87,3,0
E7490,Ventilator,11,6.76,2024-12-03 17:52:38.904066,5,0.08,57.78,2,1
E7491,ECG,0,18.75,2025-03-13 17:52:38.904066,1,0.09,69.43,0,1
E7492,Ventilator,2,17.74,2024-12-30 17:52:38.904066,2,0.45,37.31,2,1
E7493,Ultrasound,0,13.06,2025-05-20 17:52:38.904066,1,0.45,59.99,1,0
E7494,Ventilator,10,19.48,2024-12-19 17:52:38.904066,0,0.49,31.8,0,1
E7495,Ventilator,0,9.4,2024-09-07 17:52:38.904066,0,0.77,52.37,1,1
E7496,Ventilator,8,15.92,2025-02-07 17:52:38.904066,1,0.1,33.04,2,0
E7497,MRI,0,9.91,2024-08-21 17:52:38.904066,1,0.37,62.7,4,1
E7498,MRI,4,8.04,2025-01-31 17:52:38.904066,0,0.15,60.12,1,1
E7499,MRI,9,0.72,2025-01-26 17:52:38.904066,1,0.34,45.93,1,1
E7500,ECG,7,5.54,2024-09-24 17:52:38.904066,0,0.05,34.42,1,1
E7501,ECG,4,4.87,2024-11-01 17:52:38.904066,2,0.1,37.66,3,1
E7502,ECG,1,7.44,2024-10-18 17:52:38.904066,2,0.5,41.12,4,1
E7503,MRI,10,8.65,2025-05-21 17:52:38.904066,1,0.13,37.38,0,1
E7504,Ventilator,7,7.58,2024-12-11 17:52:38.904066,1,0.23,48.49,1,1
E7505,Ultrasound,3,3.79,2025-06-26 17:52:38.904066,1,0.08,38.05,2,0
E7506,ECG,7,0.05,2024-08-12 17:52:38.904066,1,0.6,22.02,0,1
E7507,Ventilator,6,16.12,2025-06-10 17:52:38.904066,1,0.66,37.32,2,1
E7508,MRI,2,2.9,2024-11-27 17:52:38.904066,2,0.56,67.18,0,1
E7509,MRI,3,1.59,2025-05-16 17:52:38.904066,2,0.26,55.56,0,0
E7510,Ventilator,5,11.91,2025-06-23 17:52:38.904066,1,0.34,52.36,2,0
E7511,Ventilator,5,12.94,2025-07-23 17:52:38.904066,0,0.61,47.52,0,1
E7512,MRI,5,10.24,2024-10-18 17:52:38.904066,0,0.7,26.45,0,1
E7513,ECG,2,13.07,2025-07-15 17:52:38.904066,2,0.58,45.41,2,0
E7514,Ventilator,7,2.56,2025-06-22 17:52:38.904066,1,0.69,57.55,0,1
E7515,Ultrasound,10,8.89,2025-07-07 17:52:38.904066,0,0.36,45.07,0,1
E7516,MRI,6,11.78,2025-06-07 17:52:38.904066,0,0.58,47.6,1,0
E7517,Ventilator,6,7.46,2024-11-11 17:52:38.904066,2,0.65,41.33,2,1
E7518,Ultrasound,0,9.3,2025-04-01 17:52:38.904066,4,0.63,38.67,0,1
E7519,Ventilator,9,0.66,2025-06-06 17:52:38.904066,0,0.2,44.13,1,1
E7520,ECG,11,17.85,2025-05-26 17:52:38.904066,0,0.09,68.01,3,1
E7521,ECG,5,14.7,2024-10-05 17:52:38.904066,0,0.77,58.38,2,1
E7522,Ventilator,5,4.7,2025-01-25 17:52:38.904066,1,0.44,41.62,1,1
E7523,Ventilator,6,18.59,2025-01-15 17:52:38.904066,0,0.59,55.41,3,1
E7524,Ultrasound,1,14.77,2024-08-29 17:52:38.904066,0,0.23,24.36,3,1
E7525,Ventilator,4,0.95,2024-09-01 17:52:38.904066,1,0.43,49.87,1,1
E7526,Ventilator,8,13.16,2025-06-01 17:52:38.904066,0,0.29,30.95,1,0
E7527,MRI,5,13.38,2024-12-03 17:52:38.904066,1,0.59,21.14,3,1
E7528,MRI,6,3.12,2025-05-05 17:52:38.904066,0,0.11,30.4,2,0
E7529,Ventilator,6,11.85,2025-03-19 17:52:38.904066,0,0.65,42.59,1,1
E7530,MRI,7,4.26,2025-07-30 17:52:38.904066,1,0.61,35.38,2,1
E7531,Ultrasound,0,8.95,2024-11-04 17:52:38.904066,0,0.39,59.24,3,1
E7532,ECG,6,3.45,2025-01-09 17:52:38.904066,0,0.5,62.23,3,1
E7533,MRI,5,3.97,2025-02-06 17:52:38.904066,1,0.36,40.06,0,1
E7534,Ultrasound,4,2.86,2025-07-31 17:52:38.904066,2,0.7,65.55,1,1
E7535,MRI,7,19.57,2024-10-31 17:52:38.904066,2,0.65,34.59,0,1
E7536,MRI,9,17.73,2024-10-04 17:52:38.904066,1,0.51,61.92,2,1
E7537,MRI,5,14.06,2024-08-30 17:52:38.904066,2,0.57,40.06,1,1
E7538,Ultrasound,9,0.49,2025-05-31 17:52:38.904066,1,0.54,38.89,1,1
E7539,Ultrasound,8,9.71,2025-07-03 17:52:38.904066,0,0.37,42.19,3,0
E7540,Ventilator,3,15.16,2025-04-22 17:52:38.904066,1,0.49,51.24,1,0
E7541,MRI,3,16.69,2025-01-13 17:52:38.904066,0,0.13,47.1,1,1
E7542,ECG,8,15.8,2025-04-04 17:52:38.904066,0,0.4,44.53,0,0
E7543,ECG,4,9.83,2025-05-29 17:52:38.904066,1,0.32,34.14,0,0
E7544,MRI,4,15.96,2025-02-26 17:52:38.904066,1,0.27,29.61,0,0
E7545,Ventilator,2,16.16,2024-09-06 17:52:38.904066,0,0.19,67.79,2,1
E7546,ECG,8,19.83,2025-02-28 17:52:38.904066,1,0.18,24.68,0,1
E7547,Ventilator,2,3.41,2025-06-21 17:52:38.904066,2,0.7,63.33,0,1
E7548,Ventilator,0,2.56,2025-04-23 17:52:38.904066,1,0.49,40.35,0,0
E7549,Ventilator,2,12.44,2025-07-23 17:52:38.904066,0,0.28,59.35,0,0
E7550,Ventilator,0,9.79,2025-07-24 17:52:38.904066,1,0.11,60.25,3,1
E7551,Ventilator,5,0.08,2024-08-08 17:52:38.904066,0,0.65,26.28,0,1
E7552,MRI,4,16.05,2025-03-23 17:52:38.904066,1,0.32,69.64,0,1
E7553,ECG,0,5.69,2025-05-16 17:52:38.904066,2,0.75,64.78,3,1
E7554,ECG,6,3.15,2024-11-27 17:52:38.904066,1,0.11,60.34,2,1
E7555,Ventilator,3,14.05,2024-12-09 17:52:38.904066,2,0.05,32.43,3,1
E7556,ECG,0,4.29,2025-07-01 17:52:38.904066,2,0.35,44.47,4,1
E7557,MRI,7,4.25,2025-02-05 17:52:38.904066,0,0.68,30.78,0,1
E7558,Ultrasound,15,5.12,2025-01-23 17:52:38.904066,0,0.0,59.12,2,1
E7559,MRI,0,6.85,2024-10-30 17:52:38.904066,0,0.74,62.83,1,1
E7560,ECG,0,18.05,2024-11-30 17:52:38.904066,0,0.02,42.82,1,1
E7561,Ventilator,9,4.85,2024-08-21 17:52:38.904066,0,0.68,48.32,2,1
E7562,ECG,7,17.82,2024-12-26 17:52:38.904066,1,0.66,67.0,0,1
E7563,Ventilator,13,6.52,2025-07-14 17:52:38.904066,0,0.39,48.57,2,1
E7564,Ventilator,4,6.87,2024-10-29 17:52:38.904066,1,0.77,28.1,1,1
E7565,Ventilator,6,15.25,2024-10-30 17:52:38.904066,1,0.13,49.73,2,1
E7566,MRI,1,1.84,2025-05-31 17:52:38.904066,0,0.35,42.49,2,0
E7567,Ultrasound,0,8.3,2025-04-02 17:52:38.904066,0,0.53,45.6,1,0
E7568,ECG,8,9.21,2024-12-07 17:52:38.904066,0,0.65,61.6,3,1
E7569,ECG,4,9.43,2025-07-02 17:52:38.904066,1,0.45,31.12,2,0
E7570,Ultrasound,0,14.42,2024-11-18 17:52:38.904066,0,0.29,42.81,2,1
E7571,MRI,0,17.27,2024-08-26 17:52:38.904066,0,0.34,35.28,2,1
E7572,Ventilator,3,17.57,2025-03-31 17:52:38.904066,0,0.07,21.46,2,1
E7573,Ultrasound,2,4.67,2024-10-11 17:52:38.904066,1,0.34,40.75,4,1
E7574,Ultrasound,4,2.54,2025-04-13 17:52:38.904066,1,0.74,68.84,2,1
E7575,Ultrasound,8,13.67,2025-02-16 17:52:38.904066,1,0.52,56.18,1,0
E7576,ECG,12,6.92,2025-04-30 17:52:38.904066,2,0.21,45.23,2,1
E7577,MRI,5,11.94,2025-03-19 17:52:38.904066,2,0.28,66.63,1,1
E7578,MRI,4,2.73,2025-04-20 17:52:38.904066,2,0.45,42.92,3,0
E7579,MRI,1,0.53,2025-05-14 17:52:38.904066,1,0.18,45.05,0,0
E7580,Ultrasound,3,10.01,2024-10-27 17:52:38.904066,0,0.03,49.93,1,1
E7581,Ultrasound,2,11.06,2025-04-22 17:52:38.904066,2,0.48,45.86,2,0
E7582,Ventilator,5,6.23,2024-10-02 17:52:38.904066,2,0.17,33.13,2,1
E7583,Ultrasound,15,12.82,2024-08-07 17:52:38.904066,0,0.16,28.72,1,1
E7584,Ultrasound,0,6.58,2025-01-28 17:52:38.904066,1,0.06,56.37,1,1
E7585,Ultrasound,5,17.69,2025-02-24 17:52:38.904066,0,0.02,63.92,2,1
E7586,Ventilator,5,12.93,2024-12-18 17:52:38.904066,0,0.18,28.18,1,1
E7587,Ultrasound,7,5.28,2024-11-15 17:52:38.904066,1,0.75,66.63,0,1
E7588,Ventilator,8,11.74,2025-01-31 17:52:38.904066,1,0.21,61.13,1,1
E7589,MRI,6,13.13,2024-12-08 17:52:38.904066,1,0.3,33.42,1,1
E7590,MRI,2,13.4,2025-06-05 17:52:38.904066,0,0.22,23.42,2,0
E7591,Ventilator,0,16.64,2025-05-28 17:52:38.904066,2,0.21,62.35,0,1
E7592,MRI,2,12.02,2025-02-28 17:52:38.904066,2,0.76,24.4,1,1
E7593,Ultrasound,2,18.28,2025-04-07 17:52:38.904066,0,0.58,52.1,3,1
E7594,Ultrasound,5,1.53,2025-06-24 17:52:38.904066,0,0.58,60.96,1,1
E7595,MRI,2,16.63,2025-08-01 17:52:38.904066,0,0.66,50.07,4,1
E7596,Ventilator,0,8.75,2025-04-02 17:52:38.904066,0,0.44,54.37,2,0
E7597,MRI,11,8.77,2025-02-20 17:52:38.904066,1,0.03,54.58,1,1
E7598,MRI,2,0.93,2024-11-05 17:52:38.904066,0,0.38,33.64,0,1
E7599,Ultrasound,0,4.7,2025-03-30 17:52:38.904066,1,0.01,33.01,1,0
E7600,ECG,1,11.65,2024-09-18 17:52:38.904066,1,0.21,62.12,1,1
E7601,ECG,3,9.6,2024-10-27 17:52:38.904066,2,0.8,59.08,4,1
E7602,ECG,2,15.99,2025-05-30 17:52:38.904066,1,0.59,31.18,2,0
E7603,Ventilator,5,5.84,2024-11-23 17:52:38.904066,0,0.33,61.57,2,1
E7604,ECG,3,8.0,2025-01-21 17:52:38.904066,1,0.13,64.04,2,1
E7605,ECG,13,16.09,2025-03-20 17:52:38.904066,0,0.05,64.02,1,1
E7606,MRI,1,6.73,2025-05-31 17:52:38.904066,2,0.08,62.33,2,1
E7607,Ventilator,8,16.18,2025-03-07 17:52:38.904066,1,0.25,22.11,1,1
E7608,ECG,2,0.6,2025-01-20 17:52:38.904066,0,0.29,62.81,0,1
E7609,Ultrasound,1,19.19,2025-05-17 17:52:38.904066,0,0.32,53.06,2,1
E7610,MRI,0,18.56,2025-07-27 17:52:38.904066,0,0.45,23.35,3,1
E7611,Ultrasound,7,14.54,2024-09-15 17:52:38.904066,0,0.52,28.04,2,1
E7612,ECG,6,14.34,2025-01-29 17:52:38.904066,1,0.37,31.0,1,1
E7613,Ultrasound,4,19.81,2025-04-06 17:52:38.904066,0,0.5,31.92,0,1
E7614,MRI,3,6.28,2024-08-29 17:52:38.904066,0,0.31,32.25,1,1
E7615,MRI,9,14.82,2024-12-02 17:52:38.904066,2,0.66,50.48,1,1
E7616,ECG,4,13.13,2024-09-20 17:52:38.904066,1,0.33,42.22,1,1
E7617,Ventilator,1,4.64,2024-11-19 17:52:38.904066,0,0.45,29.37,2,1
E7618,Ventilator,7,4.33,2025-06-17 17:52:38.904066,0,0.43,48.88,1,0
E7619,ECG,0,8.69,2024-12-03 17:52:38.904066,2,0.8,57.24,2,1
E7620,Ultrasound,10,11.49,2024-11-28 17:52:38.904066,1,0.36,46.1,1,1
E7621,Ultrasound,4,1.45,2025-07-18 17:52:38.904066,2,0.29,43.86,1,0
E7622,MRI,0,6.13,2024-11-02 17:52:38.904066,2,0.78,60.79,2,1
E7623,Ventilator,11,8.34,2025-03-14 17:52:38.904066,0,0.78,58.35,2,1
E7624,Ventilator,11,5.21,2024-09-25 17:52:38.904066,0,0.69,69.42,2,1
E7625,ECG,7,12.03,2024-11-29 17:52:38.904066,0,0.31,40.3,1,1
E7626,ECG,12,9.29,2024-11-30 17:52:38.904066,1,0.37,67.56,1,1
E7627,Ventilator,6,11.93,2025-05-25 17:52:38.904066,0,0.29,29.9,2,0
E7628,MRI,1,8.77,2024-10-02 17:52:38.904066,2,0.2,48.76,1,1
E7629,ECG,5,7.28,2024-08-24 17:52:38.904066,0,0.63,51.05,1,1
E7630,ECG,2,6.99,2024-11-22 17:52:38.904066,0,0.72,57.27,2,1
E7631,Ultrasound,15,6.41,2025-03-04 17:52:38.904066,2,0.58,30.61,0,1
E7632,MRI,7,15.77,2025-03-16 17:52:38.904066,2,0.09,25.43,0,0
E7633,Ultrasound,5,18.74,2025-03-04 17:52:38.904066,0,0.36,35.74,1,1
E7634,MRI,5,0.52,2025-05-07 17:52:38.904066,2,0.65,33.92,1,1
E7635,ECG,6,9.47,2025-03-10 17:52:38.904066,1,0.79,45.92,2,1
E7636,ECG,4,4.11,2024-09-06 17:52:38.904066,0,0.17,68.89,3,1
E7637,ECG,3,18.37,2024-10-04 17:52:38.904066,3,0.41,60.66,2,1
E7638,MRI,0,13.9,2025-02-01 17:52:38.904066,0,0.57,22.16,0,1
E7639,MRI,6,2.69,2024-12-19 17:52:38.904066,0,0.05,51.34,1,1
E7640,ECG,4,11.93,2024-10-22 17:52:38.904066,0,0.32,58.23,1,1
E7641,MRI,9,13.66,2025-06-13 17:52:38.904066,2,0.47,69.46,0,1
E7642,ECG,7,11.18,2025-01-29 17:52:38.904066,1,0.11,31.17,2,1
E7643,ECG,1,16.93,2025-01-15 17:52:38.904066,0,0.19,26.73,1,1
E7644,Ultrasound,5,5.34,2025-01-24 17:52:38.904066,1,0.67,33.52,1,1
E7645,Ventilator,1,16.28,2025-02-18 17:52:38.904066,1,0.67,68.42,4,1
E7646,Ventilator,9,7.14,2024-10-27 17:52:38.904066,0,0.02,29.88,1,1
E7647,Ultrasound,1,5.69,2024-09-10 17:52:38.904066,1,0.32,55.91,2,1
E7648,ECG,11,14.02,2024-12-21 17:52:38.904066,0,0.6,46.67,1,1
E7649,MRI,3,6.47,2024-11-04 17:52:38.904066,1,0.31,59.4,0,1
E7650,Ventilator,8,8.87,2025-03-13 17:52:38.904066,2,0.22,28.99,2,0
E7651,MRI,11,15.03,2024-11-06 17:52:38.904066,0,0.33,54.28,1,1
E7652,Ultrasound,6,9.42,2024-08-25 17:52:38.904066,0,0.28,34.69,2,1
E7653,Ultrasound,8,12.49,2025-07-27 17:52:38.904066,0,0.24,23.55,1,0
E7654,Ultrasound,6,15.04,2025-03-20 17:52:38.904066,0,0.36,27.76,0,0
E7655,Ventilator,5,1.49,2024-12-06 17:52:38.904066,0,0.14,61.97,0,1
E7656,ECG,0,5.82,2025-05-07 17:52:38.904066,2,0.13,62.78,0,1
E7657,Ultrasound,9,18.74,2025-04-01 17:52:38.904066,1,0.14,33.12,4,1
E7658,Ultrasound,8,2.9,2024-10-27 17:52:38.904066,0,0.38,34.09,2,1
E7659,ECG,7,14.69,2025-05-13 17:52:38.904066,2,0.48,50.73,0,0
E7660,Ventilator,0,19.61,2025-05-08 17:52:38.904066,1,0.05,57.94,2,1
E7661,ECG,10,10.36,2024-12-02 17:52:38.904066,1,0.23,60.01,3,1
E7662,Ventilator,5,7.59,2024-11-12 17:52:38.904066,1,0.74,51.88,2,1
E7663,ECG,2,14.11,2025-06-04 17:52:38.904066,0,0.74,62.63,0,1
E7664,Ultrasound,6,16.16,2024-08-24 17:52:38.904066,1,0.67,37.12,2,1
E7665,ECG,3,4.36,2025-02-14 17:52:38.904066,0,0.03,37.35,2,0
E7666,ECG,4,18.55,2024-08-30 17:52:38.904066,0,0.74,20.43,1,1
E7667,MRI,7,0.64,2025-01-19 17:52:38.904066,1,0.22,29.3,2,1
E7668,MRI,4,16.96,2024-11-10 17:52:38.904066,0,0.38,59.06,0,1
E7669,Ventilator,3,2.67,2024-11-06 17:52:38.904066,0,0.25,37.27,1,1
E7670,Ultrasound,0,14.09,2025-05-22 17:52:38.904066,0,0.25,56.84,0,0
E7671,ECG,4,5.83,2025-02-04 17:52:38.904066,0,0.64,54.38,2,1
E7672,ECG,0,15.45,2024-11-26 17:52:38.904066,1,0.69,22.83,1,1
E7673,ECG,2,11.14,2025-04-19 17:52:38.904066,1,0.16,37.14,1,0
E7674,ECG,1,11.8,2024-09-26 17:52:38.904066,1,0.63,64.72,1,1
E7675,Ventilator,9,6.41,2024-12-24 17:52:38.904066,1,0.41,26.86,3,1
E7676,Ultrasound,4,3.61,2025-01-13 17:52:38.904066,0,0.06,23.78,3,1
E7677,MRI,3,5.3,2025-02-19 17:52:38.904066,0,0.42,58.9,5,1
E7678,MRI,12,7.71,2024-08-23 17:52:38.904066,0,0.45,64.93,1,1
E7679,MRI,1,19.37,2024-10-19 17:52:38.904066,1,0.66,44.14,2,1
E7680,ECG,4,11.09,2024-10-17 17:52:38.904066,2,0.51,57.97,1,1
E7681,MRI,3,16.23,2024-10-16 17:52:38.904066,1,0.52,40.27,0,1
E7682,Ultrasound,4,5.77,2025-06-16 17:52:38.904066,0,0.41,54.58,3,0
E7683,Ultrasound,8,9.6,2025-07-21 17:52:38.904066,0,0.64,66.13,2,1
E7684,Ultrasound,4,2.34,2024-10-11 17:52:38.904066,1,0.05,57.06,3,1
E7685,ECG,5,16.38,2025-03-18 17:52:38.904066,1,0.25,55.15,0,1
E7686,Ventilator,4,19.85,2024-09-03 17:52:38.904066,1,0.3,22.24,3,1
E7687,MRI,5,18.8,2024-09-10 17:52:38.904066,1,0.74,66.31,0,1
E7688,Ventilator,6,9.63,2025-01-12 17:52:38.904066,1,0.69,44.54,2,1
E7689,MRI,2,12.83,2024-08-19 17:52:38.904066,1,0.02,24.05,1,1
E7690,Ultrasound,3,3.27,2024-08-31 17:52:38.904066,0,0.66,53.72,2,1
E7691,ECG,2,1.14,2025-07-28 17:52:38.904066,2,0.25,45.52,1,0
E7692,Ventilator,5,12.85,2025-07-06 17:52:38.904066,3,0.63,35.6,1,1
E7693,ECG,3,3.26,2025-01-21 17:52:38.904066,0,0.78,48.44,1,1
E7694,Ventilator,8,16.74,2025-04-14 17:52:38.904066,2,0.16,43.58,2,1
E7695,Ultrasound,7,11.31,2025-02-03 17:52:38.904066,0,0.69,35.63,1,1
E7696,Ventilator,4,5.51,2024-09-02 17:52:38.904066,1,0.33,27.92,4,1
E7697,Ultrasound,0,2.79,2024-11-20 17:52:38.904066,0,0.49,45.55,1,1
E7698,Ventilator,0,8.81,2025-03-07 17:52:38.904066,1,0.55,44.18,2,0
E7699,Ventilator,0,7.26,2025-02-13 17:52:38.904066,0,0.12,27.06,0,0
E7700,Ultrasound,1,15.91,2025-05-04 17:52:38.904066,2,0.2,63.42,2,1
E7701,ECG,7,3.01,2024-10-25 17:52:38.904066,1,0.07,68.75,3,1
E7702,Ultrasound,3,4.63,2024-11-25 17:52:38.904066,1,0.64,53.69,1,1
E7703,ECG,9,1.63,2024-11-15 17:52:38.904066,0,0.74,67.98,0,1
E7704,ECG,2,14.25,2025-04-20 17:52:38.904066,1,0.61,31.61,2,1
E7705,Ventilator,2,6.64,2025-01-21 17:52:38.904066,0,0.14,20.78,2,1
E7706,MRI,9,12.94,2025-02-13 17:52:38.904066,2,0.01,64.39,2,1
E7707,ECG,11,5.22,2025-06-12 17:52:38.904066,2,0.12,21.78,1,1
E7708,ECG,5,12.82,2025-04-08 17:52:38.904066,0,0.13,44.56,4,1
E7709,Ventilator,11,14.31,2025-02-13 17:52:38.904066,0,0.16,35.17,2,1
E7710,MRI,3,8.09,2024-10-05 17:52:38.904066,0,0.7,60.48,3,1
E7711,Ultrasound,10,6.96,2025-07-02 17:52:38.904066,0,0.14,43.0,3,1
E7712,ECG,0,6.34,2025-04-25 17:52:38.904066,0,0.06,23.26,2,0
E7713,ECG,8,7.36,2024-12-29 17:52:38.904066,0,0.74,28.01,2,1
E7714,MRI,5,18.65,2025-06-09 17:52:38.904066,0,0.32,24.94,2,1
E7715,MRI,0,19.61,2024-09-23 17:52:38.904066,1,0.22,23.41,1,1
E7716,ECG,1,0.07,2025-02-10 17:52:38.904066,1,0.35,46.86,1,0
E7717,ECG,3,13.5,2025-06-03 17:52:38.904066,1,0.42,23.15,2,0
E7718,MRI,2,14.2,2024-12-20 17:52:38.904066,1,0.2,64.83,3,1
E7719,MRI,0,14.86,2025-04-14 17:52:38.904066,0,0.5,38.73,1,0
E7720,Ventilator,12,11.6,2025-02-25 17:52:38.904066,1,0.08,22.48,1,1
E7721,Ultrasound,0,4.52,2025-02-19 17:52:38.904066,3,0.21,25.45,4,1
E7722,Ventilator,13,16.43,2025-02-07 17:52:38.904066,0,0.05,32.51,1,1
E7723,Ultrasound,8,6.15,2024-11-29 17:52:38.904066,0,0.07,57.25,1,1
E7724,MRI,3,11.02,2024-10-21 17:52:38.904066,1,0.03,46.14,0,1
E7725,Ventilator,6,5.44,2024-11-13 17:52:38.904066,0,0.08,67.05,2,1
E7726,Ventilator,6,14.29,2025-05-18 17:52:38.904066,2,0.7,33.28,0,1
E7727,ECG,3,19.95,2025-02-18 17:52:38.904066,2,0.62,37.29,1,1
E7728,Ventilator,8,7.45,2024-12-24 17:52:38.904066,0,0.03,63.0,1,1
E7729,ECG,11,9.61,2025-02-11 17:52:38.904066,0,0.15,50.8,0,1
E7730,Ventilator,3,10.5,2024-10-12 17:52:38.904066,1,0.48,54.08,3,1
E7731,Ventilator,0,18.61,2024-11-01 17:52:38.904066,1,0.06,29.04,1,1
E7732,MRI,8,5.87,2024-09-07 17:52:38.904066,0,0.75,23.73,1,1
E7733,MRI,5,12.82,2025-02-02 17:52:38.904066,2,0.01,69.03,1,1
E7734,Ventilator,0,6.15,2025-01-17 17:52:38.904066,2,0.34,32.86,2,1
E7735,Ultrasound,8,8.09,2025-05-27 17:52:38.904066,2,0.01,60.56,2,1
E7736,ECG,8,5.15,2025-05-13 17:52:38.904066,0,0.23,44.44,1,0
E7737,Ventilator,4,6.69,2025-03-04 17:52:38.904066,0,0.8,26.47,1,1
E7738,Ventilator,6,15.01,2025-01-10 17:52:38.904066,0,0.5,37.0,1,1
E7739,ECG,2,3.19,2024-10-06 17:52:38.904066,0,0.19,32.31,1,1
E7740,Ultrasound,7,1.83,2025-01-29 17:52:38.904066,1,0.76,62.32,1,1
E7741,MRI,7,13.58,2025-04-09 17:52:38.904066,2,0.16,68.44,2,1
E7742,Ultrasound,0,14.73,2025-07-31 17:52:38.904066,3,0.61,38.54,0,1
E7743,ECG,9,1.55,2024-12-15 17:52:38.904066,0,0.54,39.85,0,1
E7744,ECG,12,1.6,2025-07-17 17:52:38.904066,0,0.39,26.15,3,1
E7745,Ventilator,5,3.64,2024-08-18 17:52:38.904066,1,0.77,69.72,2,1
E7746,ECG,3,9.41,2025-06-22 17:52:38.904066,2,0.74,37.34,5,1
E7747,ECG,2,17.47,2025-04-21 17:52:38.904066,0,0.4,35.11,0,1
E7748,Ventilator,14,6.19,2024-12-21 17:52:38.904066,0,0.52,57.1,0,1
E7749,ECG,2,15.3,2025-05-02 17:52:38.904066,1,0.46,45.23,2,0
E7750,Ultrasound,7,15.69,2024-12-19 17:52:38.904066,2,0.77,35.69,0,1
E7751,ECG,0,4.34,2025-02-09 17:52:38.904066,0,0.03,57.1,2,0
E7752,ECG,9,11.92,2024-08-22 17:52:38.904066,2,0.32,38.79,2,1
E7753,ECG,9,12.45,2024-11-19 17:52:38.904066,1,0.14,35.29,1,1
E7754,MRI,4,3.85,2024-11-18 17:52:38.904066,2,0.17,32.38,3,1
E7755,Ultrasound,5,14.97,2025-07-19 17:52:38.904066,0,0.05,30.72,3,0
E7756,Ventilator,10,17.63,2025-07-01 17:52:38.904066,2,0.75,58.15,0,1
E7757,MRI,0,5.82,2025-03-27 17:52:38.904066,0,0.6,58.85,2,0
E7758,Ultrasound,8,8.05,2025-05-20 17:52:38.904066,0,0.54,45.18,5,1
E7759,MRI,2,5.73,2025-03-30 17:52:38.904066,0,0.63,47.45,1,1
E7760,Ventilator,7,8.49,2025-03-03 17:52:38.904066,2,0.59,32.05,1,0
E7761,Ventilator,10,6.91,2025-03-20 17:52:38.904066,3,0.66,30.88,0,1
E7762,Ultrasound,0,1.73,2025-01-30 17:52:38.904066,1,0.17,57.36,1,1
E7763,Ultrasound,10,6.49,2025-06-15 17:52:38.904066,1,0.42,44.03,3,1
E7764,MRI,3,5.4,2024-08-16 17:52:38.904066,1,0.46,40.83,1,1
E7765,ECG,4,9.1,2024-10-25 17:52:38.904066,1,0.13,65.51,0,1
E7766,Ventilator,3,5.96,2024-11-08 17:52:38.904066,2,0.59,38.38,1,1
E7767,Ultrasound,8,19.27,2024-09-27 17:52:38.904066,0,0.77,38.98,0,1
E7768,ECG,0,16.67,2025-03-01 17:52:38.904066,0,0.28,30.31,2,1
E7769,Ventilator,5,15.26,2024-09-17 17:52:38.904066,1,0.02,32.64,1,1
E7770,MRI,1,18.03,2024-10-15 17:52:38.904066,0,0.67,38.63,1,1
E7771,ECG,8,6.5,2025-05-19 17:52:38.904066,1,0.44,43.92,1,0
E7772,Ultrasound,4,19.15,2025-04-01 17:52:38.904066,3,0.55,55.98,1,1
E7773,ECG,7,9.92,2024-11-16 17:52:38.904066,2,0.69,35.18,1,1
E7774,Ultrasound,3,5.81,2024-09-11 17:52:38.904066,0,0.75,32.11,0,1
E7775,ECG,10,1.97,2025-06-24 17:52:38.904066,0,0.31,32.5,1,1
E7776,Ventilator,4,14.62,2025-02-15 17:52:38.904066,0,0.32,67.38,3,1
E7777,MRI,8,5.94,2025-01-28 17:52:38.904066,2,0.62,55.26,1,1
E7778,ECG,0,5.35,2025-05-23 17:52:38.904066,0,0.67,45.94,2,1
E7779,ECG,0,0.23,2024-10-08 17:52:38.904066,0,0.4,47.77,0,1
E7780,MRI,10,11.55,2025-05-19 17:52:38.904066,1,0.31,44.51,0,1
E7781,ECG,8,1.88,2025-06-09 17:52:38.904066,1,0.8,39.47,3,1
E7782,ECG,6,8.14,2024-11-22 17:52:38.904066,2,0.62,51.93,2,1
E7783,MRI,1,13.97,2025-03-23 17:52:38.904066,0,0.21,59.75,1,0
E7784,ECG,6,18.92,2024-10-02 17:52:38.904066,1,0.8,66.86,0,1
E7785,MRI,7,9.63,2025-07-09 17:52:38.904066,0,0.6,57.41,3,0
E7786,ECG,2,9.23,2025-06-29 17:52:38.904066,2,0.06,63.57,2,1
E7787,ECG,4,8.85,2025-07-26 17:52:38.904066,1,0.11,62.24,0,1
E7788,ECG,0,8.99,2024-10-15 17:52:38.904066,2,0.39,52.19,0,1
E7789,Ventilator,12,2.25,2025-01-31 17:52:38.904066,0,0.34,51.5,1,1
E7790,Ventilator,2,13.95,2025-01-03 17:52:38.904066,0,0.8,63.04,1,1
E7791,Ventilator,0,15.82,2025-04-14 17:52:38.904066,1,0.37,63.69,2,1
E7792,MRI,14,11.08,2024-10-18 17:52:38.904066,0,0.28,66.25,1,1
E7793,ECG,5,9.58,2024-08-26 17:52:38.904066,1,0.12,39.18,4,1
E7794,Ventilator,0,17.76,2024-09-24 17:52:38.904066,1,0.46,42.98,1,1
E7795,Ventilator,0,19.57,2025-02-09 17:52:38.904066,0,0.69,33.14,4,1
E7796,MRI,13,12.06,2025-06-06 17:52:38.904066,0,0.37,49.44,0,1
E7797,ECG,5,6.16,2025-05-10 17:52:38.904066,0,0.29,22.6,0,0
E7798,Ventilator,2,11.86,2025-04-06 17:52:38.904066,2,0.54,54.19,2,0
E7799,Ultrasound,0,15.89,2024-08-09 17:52:38.904066,0,0.79,23.82,2,1
E7800,ECG,0,15.9,2025-02-15 17:52:38.904066,0,0.17,68.53,1,1
E7801,MRI,10,13.06,2025-04-24 17:52:38.904066,1,0.48,58.35,0,1
E7802,ECG,7,5.74,2025-04-29 17:52:38.904066,0,0.74,22.12,2,1
E7803,Ultrasound,5,13.21,2025-03-17 17:52:38.904066,1,0.68,45.16,1,1
E7804,MRI,4,3.56,2025-07-25 17:52:38.904066,0,0.52,39.96,0,0
E7805,Ultrasound,2,10.41,2024-12-22 17:52:38.904066,1,0.34,57.74,1,1
E7806,ECG,0,10.21,2024-10-03 17:52:38.904066,0,0.25,34.28,2,1
E7807,ECG,6,11.08,2024-08-06 17:52:38.904066,1,0.66,64.58,2,1
E7808,ECG,12,11.96,2025-03-10 17:52:38.904066,1,0.13,42.93,0,1
E7809,Ultrasound,8,13.8,2025-07-30 17:52:38.904066,1,0.75,45.09,1,1
E7810,ECG,10,18.68,2024-11-14 17:52:38.904066,2,0.49,59.76,0,1
E7811,Ventilator,8,4.05,2025-01-22 17:52:38.904066,1,0.69,34.14,1,1
E7812,ECG,5,14.49,2025-01-14 17:52:38.904066,2,0.57,69.57,2,1
E7813,ECG,6,15.34,2024-12-04 17:52:38.904066,1,0.01,40.81,2,1
E7814,ECG,6,16.73,2024-11-15 17:52:38.904066,0,0.07,37.15,3,1
E7815,MRI,8,15.85,2025-03-12 17:52:38.904066,1,0.31,58.53,0,0
E7816,Ultrasound,7,15.62,2024-10-08 17:52:38.904066,2,0.19,46.63,0,1
E7817,ECG,6,15.49,2025-04-30 17:52:38.904066,1,0.69,44.52,3,1
E7818,Ventilator,1,15.23,2025-02-03 17:52:38.904066,0,0.4,50.24,0,1
E7819,Ventilator,6,0.96,2025-08-01 17:52:38.904066,1,0.51,57.66,1,0
E7820,ECG,14,7.99,2025-02-04 17:52:38.904066,2,0.54,66.55,1,1
E7821,ECG,12,1.2,2024-08-18 17:52:38.904066,0,0.36,65.35,1,1
E7822,ECG,10,12.96,2024-11-22 17:52:38.904066,2,0.13,44.49,3,1
E7823,MRI,0,0.18,2025-04-11 17:52:38.904066,0,0.75,45.18,2,1
E7824,MRI,11,17.63,2024-09-26 17:52:38.904066,3,0.51,55.06,1,1
E7825,MRI,8,3.26,2025-03-14 17:52:38.904066,0,0.48,49.58,1,0
E7826,Ventilator,4,12.87,2024-12-06 17:52:38.904066,1,0.32,30.6,3,1
E7827,Ventilator,9,12.47,2025-02-11 17:52:38.904066,0,0.14,40.62,1,1
E7828,Ultrasound,9,15.03,2024-08-18 17:52:38.904066,1,0.65,35.97,0,1
E7829,ECG,6,2.16,2025-01-18 17:52:38.904066,1,0.19,36.92,0,1
E7830,Ultrasound,2,13.22,2024-09-14 17:52:38.904066,0,0.3,42.81,0,1
E7831,MRI,5,1.58,2025-04-15 17:52:38.904066,0,0.06,30.38,1,0
E7832,MRI,6,5.34,2025-06-28 17:52:38.904066,0,0.77,53.52,1,1
E7833,ECG,7,1.24,2025-01-09 17:52:38.904066,2,0.08,62.49,2,1
E7834,MRI,4,5.97,2024-08-28 17:52:38.904066,1,0.31,20.06,2,1
E7835,Ventilator,1,0.97,2024-08-22 17:52:38.904066,1,0.69,68.45,1,1
E7836,Ventilator,0,3.8,2025-04-15 17:52:38.904066,1,0.19,37.08,1,0
E7837,MRI,6,19.4,2025-03-16 17:52:38.904066,2,0.26,25.5,0,1
E7838,ECG,0,5.96,2025-07-27 17:52:38.904066,0,0.51,69.0,1,1
E7839,ECG,1,2.96,2025-03-04 17:52:38.904066,2,0.68,69.4,1,1
E7840,Ventilator,4,10.56,2025-03-15 17:52:38.904066,0,0.2,28.78,1,0
E7841,MRI,5,11.25,2025-03-13 17:52:38.904066,1,0.77,50.77,1,1
E7842,Ultrasound,4,16.89,2025-05-20 17:52:38.904066,1,0.52,57.17,1,1
E7843,Ultrasound,10,12.87,2025-04-13 17:52:38.904066,2,0.09,50.22,2,1
E7844,Ventilator,2,12.93,2024-11-07 17:52:38.904066,0,0.32,52.78,0,1
E7845,MRI,0,11.26,2024-09-21 17:52:38.904066,0,0.61,67.84,0,1
E7846,Ultrasound,9,15.91,2025-07-23 17:52:38.904066,2,0.65,42.5,0,1
E7847,MRI,0,12.34,2025-07-08 17:52:38.904066,1,0.69,32.17,1,1
E7848,MRI,0,8.83,2025-06-01 17:52:38.904066,1,0.1,20.77,3,0
E7849,Ventilator,8,1.26,2025-02-27 17:52:38.904066,0,0.37,60.69,2,1
E7850,ECG,2,17.94,2025-03-03 17:52:38.904066,2,0.77,34.43,3,1
E7851,Ultrasound,0,18.78,2024-12-12 17:52:38.904066,1,0.26,69.34,0,1
E7852,ECG,4,14.76,2024-11-03 17:52:38.904066,1,0.74,49.11,2,1
E7853,Ultrasound,8,6.93,2025-05-17 17:52:38.904066,2,0.08,23.2,0,0
E7854,Ventilator,4,17.35,2024-12-22 17:52:38.904066,1,0.15,49.92,0,1
E7855,MRI,1,16.92,2024-08-15 17:52:38.904066,0,0.79,63.74,1,1
E7856,ECG,7,11.81,2025-05-19 17:52:38.904066,0,0.52,33.96,0,0
E7857,Ultrasound,0,5.22,2024-09-18 17:52:38.904066,1,0.09,67.26,0,1
E7858,Ventilator,9,15.66,2025-04-28 17:52:38.904066,1,0.18,28.58,3,1
E7859,ECG,0,1.18,2025-02-13 17:52:38.904066,0,0.5,63.18,2,1
E7860,Ultrasound,7,17.11,2024-10-03 17:52:38.904066,0,0.12,50.84,0,1
E7861,MRI,3,12.21,2024-11-16 17:52:38.904066,1,0.17,62.27,1,1
E7862,ECG,0,8.19,2025-07-05 17:52:38.904066,1,0.48,60.86,3,1
E7863,Ultrasound,12,9.46,2025-06-07 17:52:38.904066,0,0.1,61.7,2,1
E7864,MRI,6,1.25,2025-05-18 17:52:38.904066,1,0.67,55.55,0,1
E7865,ECG,6,10.25,2024-11-04 17:52:38.904066,0,0.36,32.07,2,1
E7866,Ultrasound,2,4.16,2025-08-03 17:52:38.904066,1,0.1,26.5,1,0
E7867,Ventilator,8,14.58,2024-11-28 17:52:38.904066,0,0.47,35.06,4,1
E7868,Ventilator,11,7.29,2024-10-18 17:52:38.904066,0,0.36,30.67,2,1
E7869,Ventilator,6,11.81,2025-04-09 17:52:38.904066,2,0.73,36.39,3,1
E7870,MRI,7,5.16,2024-12-01 17:52:38.904066,1,0.07,29.35,1,1
E7871,Ventilator,5,9.9,2024-08-26 17:52:38.904066,3,0.57,35.4,3,1
E7872,ECG,3,7.82,2025-02-28 17:52:38.904066,1,0.57,29.51,3,0
E7873,MRI,5,1.65,2024-12-11 17:52:38.904066,1,0.42,34.44,1,1
E7874,Ultrasound,8,15.0,2025-03-27 17:52:38.904066,2,0.17,48.09,4,1
E7875,MRI,15,7.34,2025-03-23 17:52:38.904066,1,0.32,39.61,2,1
E7876,Ultrasound,8,8.68,2025-03-16 17:52:38.904066,0,0.31,50.95,2,0
E7877,Ultrasound,3,5.3,2024-11-08 17:52:38.904066,1,0.56,52.49,1,1
E7878,Ventilator,2,19.39,2025-02-06 17:52:38.904066,1,0.13,38.11,1,1
E7879,Ultrasound,0,8.57,2025-06-16 17:52:38.904066,0,0.46,32.86,4,1
E7880,MRI,5,9.35,2025-05-29 17:52:38.904066,3,0.22,25.27,0,1
E7881,Ultrasound,0,4.48,2025-06-01 17:52:38.904066,1,0.37,35.23,2,0
E7882,ECG,10,2.39,2025-07-25 17:52:38.904066,1,0.71,41.25,0,1
E7883,Ultrasound,0,14.55,2024-12-03 17:52:38.904066,1,0.33,28.45,0,1
E7884,MRI,3,8.85,2025-06-30 17:52:38.904066,0,0.67,42.35,1,1
E7885,Ventilator,3,3.79,2025-05-15 17:52:38.904066,3,0.1,40.67,1,1
E7886,ECG,6,15.66,2025-02-20 17:52:38.904066,1,0.42,66.59,1,1
E7887,Ventilator,9,5.86,2024-11-01 17:52:38.904066,1,0.5,56.12,0,1
E7888,Ultrasound,10,18.23,2024-12-07 17:52:38.904066,2,0.54,64.2,2,1
E7889,ECG,1,2.77,2025-05-16 17:52:38.904066,0,0.3,42.36,1,0
E7890,ECG,0,9.64,2024-10-03 17:52:38.904066,4,0.31,68.17,3,1
E7891,Ventilator,6,10.96,2025-03-14 17:52:38.904066,1,0.74,33.06,2,1
E7892,Ventilator,0,16.19,2025-05-26 17:52:38.904066,0,0.18,36.55,1,1
E7893,ECG,7,6.76,2024-10-08 17:52:38.904066,0,0.65,39.01,1,1
E7894,Ultrasound,2,12.06,2025-03-24 17:52:38.904066,1,0.21,56.18,1,0
E7895,MRI,2,11.71,2024-11-19 17:52:38.904066,1,0.79,63.4,1,1
E7896,Ventilator,5,18.45,2025-05-08 17:52:38.904066,1,0.08,59.19,1,1
E7897,MRI,6,4.32,2024-12-02 17:52:38.904066,0,0.41,25.98,5,1
E7898,Ultrasound,10,1.33,2024-11-10 17:52:38.904066,0,0.2,63.77,1,1
E7899,MRI,12,15.6,2025-03-10 17:52:38.904066,0,0.01,26.38,2,1
E7900,Ultrasound,4,17.02,2025-01-11 17:52:38.904066,0,0.53,52.21,2,1
E7901,ECG,3,19.84,2025-07-08 17:52:38.904066,0,0.28,32.88,1,1
E7902,MRI,7,11.37,2024-12-23 17:52:38.904066,2,0.79,26.45,2,1
E7903,Ultrasound,0,6.79,2024-11-08 17:52:38.904066,0,0.78,52.39,1,1
E7904,Ventilator,11,15.61,2025-03-11 17:52:38.904066,1,0.33,42.64,0,1
E7905,ECG,5,8.91,2024-12-30 17:52:38.904066,2,0.41,54.57,0,1
E7906,Ventilator,9,12.16,2025-06-26 17:52:38.904066,3,0.39,34.08,3,1
E7907,Ventilator,1,19.74,2024-11-24 17:52:38.904066,1,0.27,26.99,0,1
E7908,Ultrasound,8,8.35,2025-02-01 17:52:38.904066,1,0.17,42.23,2,1
E7909,ECG,3,8.38,2025-07-31 17:52:38.904066,0,0.09,26.43,3,0
E7910,Ultrasound,7,10.36,2024-12-17 17:52:38.904066,0,0.24,25.39,2,1
E7911,Ultrasound,1,15.13,2025-03-09 17:52:38.904066,0,0.17,63.38,1,1
E7912,Ventilator,2,5.33,2024-12-26 17:52:38.904066,1,0.23,49.34,1,1
E7913,Ultrasound,7,12.67,2025-05-14 17:52:38.904066,0,0.53,35.24,3,0
E7914,MRI,10,8.3,2025-03-07 17:52:38.904066,2,0.2,21.43,1,1
E7915,Ultrasound,0,5.74,2025-05-01 17:52:38.904066,2,0.12,67.35,2,1
E7916,MRI,1,6.95,2025-04-29 17:52:38.904066,0,0.6,28.3,1,0
E7917,ECG,5,10.1,2025-02-02 17:52:38.904066,0,0.72,67.43,4,1
E7918,MRI,6,11.15,2025-06-27 17:52:38.904066,1,0.63,25.87,3,1
E7919,Ultrasound,6,3.25,2025-06-02 17:52:38.904066,0,0.4,66.75,4,1
E7920,Ultrasound,11,12.86,2024-10-26 17:52:38.904066,0,0.51,45.89,2,1
E7921,MRI,5,19.68,2024-09-05 17:52:38.904066,0,0.24,53.69,0,1
E7922,ECG,10,4.88,2025-07-09 17:52:38.904066,0,0.57,24.0,1,1
E7923,ECG,6,9.59,2025-06-27 17:52:38.904066,1,0.62,54.95,1,1
E7924,Ultrasound,10,15.79,2024-09-29 17:52:38.904066,1,0.27,26.59,1,1
E7925,MRI,4,9.12,2024-11-25 17:52:38.904066,1,0.53,60.7,2,1
E7926,MRI,11,19.03,2025-04-28 17:52:38.904066,3,0.7,22.09,1,1
E7927,Ultrasound,2,3.24,2024-08-09 17:52:38.904066,0,0.52,32.92,0,1
E7928,Ventilator,6,16.7,2024-12-15 17:52:38.904066,0,0.15,25.24,0,1
E7929,Ultrasound,0,7.27,2024-10-12 17:52:38.904066,0,0.04,21.46,0,1
E7930,Ultrasound,8,5.94,2024-12-08 17:52:38.904066,0,0.45,20.44,4,1
E7931,ECG,2,19.16,2025-05-13 17:52:38.904066,0,0.72,29.41,2,1
E7932,MRI,5,18.67,2024-10-09 17:52:38.904066,0,0.7,26.77,2,1
E7933,ECG,7,12.63,2025-05-02 17:52:38.904066,1,0.31,25.33,0,0
E7934,Ultrasound,7,2.78,2025-07-22 17:52:38.904066,2,0.1,37.7,0,0
E7935,MRI,2,8.11,2024-12-03 17:52:38.904066,4,0.7,68.37,0,1
E7936,Ventilator,8,16.24,2024-08-23 17:52:38.904066,2,0.07,26.66,2,1
E7937,MRI,2,17.41,2025-05-15 17:52:38.904066,1,0.21,27.44,2,1
E7938,ECG,0,12.45,2024-11-12 17:52:38.904066,1,0.46,38.29,5,1
E7939,Ultrasound,1,17.11,2024-09-07 17:52:38.904066,1,0.45,40.08,1,1
E7940,Ventilator,8,2.9,2025-03-06 17:52:38.904066,2,0.74,21.96,1,1
E7941,ECG,7,17.69,2025-06-13 17:52:38.904066,0,0.28,40.42,1,1
E7942,MRI,8,9.16,2025-06-28 17:52:38.904066,3,0.25,39.79,0,1
E7943,ECG,6,1.44,2025-07-25 17:52:38.904066,1,0.4,60.38,3,1
E7944,ECG,5,19.02,2024-11-10 17:52:38.904066,2,0.08,59.71,2,1
E7945,MRI,8,13.34,2025-04-01 17:52:38.904066,1,0.14,23.18,0,0
E7946,MRI,10,9.01,2025-06-28 17:52:38.904066,0,0.59,27.53,2,1
E7947,MRI,8,7.86,2024-09-02 17:52:38.904066,0,0.78,21.28,0,1
E7948,MRI,0,14.02,2024-11-23 17:52:38.904066,0,0.73,44.71,1,1
E7949,MRI,0,5.74,2025-06-19 17:52:38.904066,1,0.26,67.37,2,1
E7950,ECG,5,17.69,2025-04-04 17:52:38.904066,0,0.5,37.69,2,1
E7951,MRI,7,15.43,2025-02-13 17:52:38.904066,1,0.09,68.91,2,1
E7952,MRI,1,4.85,2024-12-14 17:52:38.904066,2,0.27,40.17,1,1
E7953,Ventilator,8,16.35,2025-03-25 17:52:38.904066,1,0.46,36.97,2,1
E7954,ECG,3,17.75,2025-02-19 17:52:38.904066,0,0.01,68.52,0,1
E7955,ECG,10,4.56,2024-11-03 17:52:38.904066,1,0.03,45.41,3,1
E7956,ECG,4,5.13,2025-03-23 17:52:38.904066,0,0.53,59.88,2,0
E7957,Ventilator,3,7.72,2024-09-14 17:52:38.904066,0,0.7,31.41,0,1
E7958,Ultrasound,0,11.36,2025-05-20 17:52:38.904066,2,0.39,35.95,1,0
E7959,Ultrasound,4,13.94,2025-04-29 17:52:38.904066,0,0.3,21.83,0,0
E7960,Ventilator,11,11.91,2025-02-06 17:52:38.904066,2,0.37,21.1,1,1
E7961,Ventilator,5,5.55,2024-08-09 17:52:38.904066,0,0.58,31.83,1,1
E7962,Ventilator,11,19.81,2024-10-26 17:52:38.904066,1,0.23,45.63,0,1
E7963,MRI,10,14.29,2024-11-13 17:52:38.904066,0,0.61,66.82,1,1
E7964,Ventilator,2,10.26,2025-03-16 17:52:38.904066,1,0.22,54.74,1,0
E7965,Ventilator,14,19.75,2025-01-25 17:52:38.904066,0,0.62,58.24,0,1
E7966,Ultrasound,8,8.66,2025-01-08 17:52:38.904066,1,0.05,24.61,1,1
E7967,Ultrasound,2,16.34,2024-08-22 17:52:38.904066,3,0.73,39.48,1,1
E7968,MRI,3,15.43,2024-09-12 17:52:38.904066,0,0.52,44.58,1,1
E7969,MRI,10,17.28,2025-02-19 17:52:38.904066,3,0.48,63.06,3,1
E7970,ECG,0,11.75,2024-12-10 17:52:38.904066,1,0.07,26.51,2,1
E7971,ECG,12,10.47,2025-02-09 17:52:38.904066,0,0.71,31.88,2,1
E7972,Ventilator,1,0.84,2024-12-10 17:52:38.904066,0,0.7,35.53,3,1
E7973,ECG,5,14.61,2024-11-01 17:52:38.904066,2,0.53,42.11,2,1
E7974,Ventilator,8,5.95,2025-05-28 17:52:38.904066,1,0.78,24.01,0,1
E7975,Ventilator,8,6.18,2025-02-13 17:52:38.904066,0,0.64,25.56,2,1
E7976,ECG,9,2.82,2024-12-14 17:52:38.904066,0,0.19,59.3,2,1
E7977,Ultrasound,0,16.75,2025-03-16 17:52:38.904066,1,0.7,52.22,1,1
E7978,ECG,5,12.71,2024-10-31 17:52:38.904066,0,0.79,44.69,2,1
E7979,ECG,3,3.56,2025-03-28 17:52:38.904066,0,0.37,52.09,5,1
E7980,Ultrasound,14,18.4,2024-12-08 17:52:38.904066,1,0.12,29.04,0,1
E7981,MRI,9,16.47,2025-02-12 17:52:38.904066,1,0.57,43.32,1,1
E7982,Ultrasound,3,19.94,2025-01-08 17:52:38.904066,2,0.02,54.64,0,1
E7983,MRI,3,11.27,2025-01-25 17:52:38.904066,0,0.31,49.43,3,1
E7984,MRI,13,17.92,2025-01-21 17:52:38.904066,0,0.73,23.03,1,1
E7985,Ultrasound,4,10.4,2025-01-01 17:52:38.904066,3,0.16,47.31,1,1
E7986,ECG,6,19.35,2025-07-16 17:52:38.904066,2,0.42,36.48,3,1
E7987,MRI,10,8.27,2025-01-28 17:52:38.904066,0,0.73,25.5,0,1
E7988,ECG,6,12.42,2025-08-01 17:52:38.904066,3,0.2,58.71,3,1
E7989,ECG,0,19.59,2024-09-18 17:52:38.904066,0,0.75,48.47,2,1
E7990,Ventilator,0,4.37,2025-03-22 17:52:38.904066,3,0.52,37.45,0,1
E7991,Ventilator,0,15.35,2025-02-07 17:52:38.904066,0,0.2,45.14,3,0
E7992,ECG,0,16.46,2024-11-20 17:52:38.904066,0,0.1,47.43,1,1
E7993,MRI,1,4.03,2025-05-11 17:52:38.904066,1,0.57,54.06,4,1
E7994,MRI,6,0.99,2024-08-28 17:52:38.904066,1,0.14,45.59,2,1
E7995,Ultrasound,6,13.73,2025-01-25 17:52:38.904066,1,0.39,50.97,2,1
E7996,Ventilator,5,11.2,2024-08-15 17:52:38.904066,1,0.71,27.53,2,1
E7997,Ventilator,6,11.26,2025-01-08 17:52:38.904066,2,0.2,56.42,4,1
E7998,MRI,4,12.4,2025-02-14 17:52:38.904066,0,0.77,45.37,1,1
E7999,MRI,0,19.25,2025-05-02 17:52:38.904066,1,0.44,63.12,1,1
E8000,Ultrasound,3,9.63,2025-07-19 17:52:38.904066,0,0.31,55.33,0,0
E8001,Ventilator,7,8.69,2025-04-01 17:52:38.904066,1,0.28,28.65,1,0
E8002,Ultrasound,5,14.2,2024-12-20 17:52:38.904066,1,0.16,56.09,0,1
E8003,Ventilator,4,17.39,2025-01-23 17:52:38.904066,0,0.76,49.81,1,1
E8004,Ventilator,10,8.7,2025-02-07 17:52:38.904066,1,0.29,46.66,1,1
E8005,Ventilator,3,9.04,2024-12-12 17:52:38.904066,0,0.07,53.74,0,1
E8006,MRI,5,10.98,2024-08-28 17:52:38.904066,0,0.69,62.83,1,1
E8007,Ventilator,14,14.69,2025-04-16 17:52:38.904066,1,0.36,39.95,2,1
E8008,ECG,4,3.04,2025-01-11 17:52:38.904066,1,0.45,69.21,3,1
E8009,Ultrasound,7,16.99,2025-01-31 17:52:38.904066,1,0.39,29.13,2,1
E8010,Ventilator,0,18.35,2024-12-08 17:52:38.904066,0,0.26,67.81,3,1
E8011,ECG,8,1.59,2025-07-07 17:52:38.904066,2,0.13,40.38,1,0
E8012,Ventilator,8,8.58,2025-01-14 17:52:38.904066,0,0.2,68.86,1,1
E8013,ECG,9,11.68,2025-05-17 17:52:38.904066,0,0.66,61.33,1,1
E8014,Ultrasound,8,12.47,2024-08-23 17:52:38.904066,0,0.23,60.57,2,1
E8015,ECG,1,4.68,2024-10-03 17:52:38.904066,3,0.67,61.74,3,1
E8016,Ultrasound,1,18.9,2024-11-13 17:52:38.904066,0,0.1,49.64,1,1
E8017,Ventilator,9,12.5,2025-02-08 17:52:38.904066,0,0.18,38.65,2,1
E8018,MRI,6,2.16,2024-09-17 17:52:38.904066,0,0.48,27.99,1,1
E8019,Ventilator,3,8.6,2024-11-13 17:52:38.904066,1,0.07,24.34,2,1
E8020,Ultrasound,4,4.46,2024-09-26 17:52:38.904066,2,0.63,26.61,1,1
E8021,Ultrasound,2,18.92,2025-05-04 17:52:38.904066,1,0.07,22.28,2,1
E8022,MRI,7,10.35,2024-10-24 17:52:38.904066,1,0.69,60.98,2,1
E8023,Ventilator,6,7.25,2024-10-23 17:52:38.904066,3,0.68,35.57,3,1
E8024,Ventilator,4,15.79,2025-04-07 17:52:38.904066,1,0.21,46.13,3,0
E8025,Ventilator,5,2.74,2025-04-28 17:52:38.904066,0,0.41,56.16,1,0
E8026,Ultrasound,6,19.65,2024-09-17 17:52:38.904066,2,0.09,67.63,0,1
E8027,Ultrasound,8,8.53,2025-03-28 17:52:38.904066,1,0.39,48.04,0,0
E8028,ECG,6,8.61,2024-09-28 17:52:38.904066,0,0.2,33.76,1,1
E8029,Ultrasound,0,4.95,2025-07-19 17:52:38.904066,1,0.24,49.05,3,0
E8030,MRI,7,13.62,2025-07-26 17:52:38.904066,3,0.13,66.38,1,1
E8031,Ultrasound,9,15.39,2025-07-19 17:52:38.904066,0,0.51,39.38,3,1
E8032,MRI,11,2.8,2024-11-24 17:52:38.904066,2,0.26,26.04,0,1
E8033,Ultrasound,13,3.22,2024-10-01 17:52:38.904066,1,0.74,55.47,3,1
E8034,MRI,0,7.77,2024-09-22 17:52:38.904066,0,0.01,39.54,0,1
E8035,ECG,6,0.08,2024-09-26 17:52:38.904066,0,0.34,28.73,0,1
E8036,Ultrasound,2,8.29,2024-10-23 17:52:38.904066,0,0.51,47.86,1,1
E8037,MRI,9,11.3,2024-11-07 17:52:38.904066,1,0.55,20.54,1,1
E8038,Ventilator,8,18.33,2024-09-19 17:52:38.904066,1,0.47,63.19,2,1
E8039,Ultrasound,13,4.79,2025-03-09 17:52:38.904066,0,0.29,62.34,3,1
E8040,MRI,2,18.85,2024-12-31 17:52:38.904066,0,0.58,39.76,0,1
E8041,Ultrasound,1,8.15,2024-08-27 17:52:38.904066,0,0.37,52.97,0,1
E8042,ECG,4,16.82,2025-02-12 17:52:38.904066,1,0.66,25.86,3,1
E8043,Ultrasound,2,18.2,2025-05-22 17:52:38.904066,0,0.37,23.79,2,1
E8044,Ventilator,6,1.91,2024-12-25 17:52:38.904066,1,0.69,37.93,0,1
E8045,ECG,6,8.87,2025-07-19 17:52:38.904066,1,0.41,28.96,2,0
E8046,Ventilator,6,5.22,2025-07-26 17:52:38.904066,1,0.42,64.91,0,1
E8047,ECG,9,16.18,2025-05-20 17:52:38.904066,0,0.29,43.99,2,1
E8048,Ultrasound,11,12.18,2025-02-21 17:52:38.904066,0,0.01,38.16,1,1
E8049,Ultrasound,5,1.13,2024-11-14 17:52:38.904066,2,0.73,58.82,3,1
E8050,Ventilator,12,4.96,2024-11-22 17:52:38.904066,2,0.15,57.39,1,1
E8051,Ultrasound,6,4.32,2024-11-04 17:52:38.904066,2,0.19,66.58,1,1
E8052,Ultrasound,8,14.42,2025-03-01 17:52:38.904066,0,0.58,21.64,3,0
E8053,MRI,12,17.24,2025-07-27 17:52:38.904066,0,0.1,52.76,3,1
E8054,ECG,5,4.92,2024-10-17 17:52:38.904066,1,0.29,44.14,1,1
E8055,Ultrasound,5,18.63,2024-08-20 17:52:38.904066,1,0.79,58.84,1,1
E8056,Ventilator,8,10.79,2025-06-07 17:52:38.904066,2,0.78,47.7,0,1
E8057,MRI,15,7.02,2024-12-20 17:52:38.904066,0,0.57,33.77,0,1
E8058,ECG,10,4.16,2024-08-18 17:52:38.904066,3,0.31,41.55,2,1
E8059,MRI,8,6.94,2025-05-10 17:52:38.904066,0,0.62,26.23,1,1
E8060,Ventilator,0,5.63,2024-08-30 17:52:38.904066,1,0.22,68.54,1,1
E8061,Ventilator,3,7.89,2025-07-15 17:52:38.904066,1,0.15,59.08,2,0
E8062,ECG,4,12.34,2025-05-05 17:52:38.904066,1,0.44,35.83,0,0
E8063,ECG,3,1.37,2024-10-15 17:52:38.904066,1,0.38,61.39,3,1
E8064,ECG,0,2.57,2025-06-30 17:52:38.904066,0,0.48,20.44,1,0
E8065,ECG,3,0.87,2025-01-20 17:52:38.904066,0,0.4,66.63,1,1
E8066,Ultrasound,1,17.7,2024-09-17 17:52:38.904066,0,0.4,22.19,0,1
E8067,ECG,6,19.67,2025-06-27 17:52:38.904066,1,0.04,63.02,1,1
E8068,Ventilator,11,18.4,2025-01-29 17:52:38.904066,0,0.34,27.65,1,1
E8069,MRI,0,13.48,2025-01-13 17:52:38.904066,0,0.36,66.61,2,1
E8070,Ventilator,5,6.82,2025-05-11 17:52:38.904066,0,0.61,50.58,3,1
E8071,ECG,8,6.71,2024-12-09 17:52:38.904066,1,0.35,44.53,3,1
E8072,Ventilator,4,8.35,2024-10-04 17:52:38.904066,0,0.52,38.39,1,1
E8073,MRI,12,0.06,2025-03-31 17:52:38.904066,0,0.0,69.19,1,1
E8074,ECG,8,11.16,2024-08-19 17:52:38.904066,2,0.4,28.49,2,1
E8075,Ventilator,0,2.33,2025-06-05 17:52:38.904066,0,0.65,49.1,2,1
E8076,ECG,12,2.42,2024-11-29 17:52:38.904066,0,0.51,67.27,0,1
E8077,Ventilator,7,15.12,2024-10-15 17:52:38.904066,0,0.19,51.93,3,1
E8078,ECG,9,0.13,2025-04-24 17:52:38.904066,0,0.29,58.9,2,1
E8079,ECG,2,19.8,2024-09-25 17:52:38.904066,1,0.42,36.92,2,1
E8080,MRI,9,15.26,2025-04-06 17:52:38.904066,0,0.04,46.65,1,1
E8081,ECG,6,13.54,2025-02-17 17:52:38.904066,1,0.43,52.5,0,0
E8082,ECG,0,3.45,2025-03-21 17:52:38.904066,1,0.28,26.0,2,0
E8083,ECG,3,11.57,2025-04-15 17:52:38.904066,2,0.48,56.5,3,0
E8084,MRI,4,2.71,2024-12-13 17:52:38.904066,0,0.13,37.13,0,1
E8085,ECG,7,3.31,2024-08-24 17:52:38.904066,0,0.69,33.86,4,1
E8086,Ventilator,10,2.72,2024-10-05 17:52:38.904066,1,0.45,49.71,0,1
E8087,Ultrasound,7,12.11,2025-07-19 17:52:38.904066,2,0.56,45.37,2,0
E8088,Ventilator,7,15.66,2024-09-29 17:52:38.904066,0,0.52,60.05,2,1
E8089,Ventilator,3,10.13,2024-12-18 17:52:38.904066,0,0.8,69.44,2,1
E8090,Ultrasound,4,7.34,2024-11-25 17:52:38.904066,0,0.02,59.56,1,1
E8091,ECG,3,0.86,2025-04-03 17:52:38.904066,0,0.78,20.17,1,1
E8092,Ultrasound,3,11.63,2024-12-04 17:52:38.904066,1,0.79,25.62,3,1
E8093,Ultrasound,8,11.87,2025-03-13 17:52:38.904066,0,0.12,54.41,2,0
E8094,Ultrasound,6,7.02,2024-12-20 17:52:38.904066,0,0.3,60.81,2,1
E8095,Ultrasound,6,6.0,2024-11-05 17:52:38.904066,0,0.48,64.64,0,1
E8096,MRI,0,1.66,2025-06-24 17:52:38.904066,1,0.05,65.06,3,1
E8097,ECG,3,3.22,2025-03-08 17:52:38.904066,2,0.72,31.32,3,1
E8098,ECG,8,12.34,2024-11-03 17:52:38.904066,1,0.2,40.27,2,1
E8099,Ventilator,3,18.98,2025-07-14 17:52:38.904066,1,0.5,46.14,0,1
E8100,MRI,3,6.39,2025-02-18 17:52:38.904066,0,0.1,26.16,0,0
E8101,MRI,8,12.45,2024-12-10 17:52:38.904066,1,0.63,44.2,0,1
E8102,Ultrasound,4,7.1,2024-09-20 17:52:38.904066,2,0.15,28.8,1,1
E8103,Ventilator,3,9.24,2025-04-18 17:52:38.904066,0,0.47,25.17,2,0
E8104,Ultrasound,6,1.49,2025-05-18 17:52:38.904066,1,0.31,42.73,1,0
E8105,MRI,8,19.65,2025-01-20 17:52:38.904066,0,0.66,37.05,2,1
E8106,Ultrasound,0,6.19,2025-04-10 17:52:38.904066,0,0.41,48.24,2,0
E8107,ECG,0,0.35,2025-06-01 17:52:38.904066,3,0.01,53.57,0,1
E8108,MRI,10,8.16,2025-06-01 17:52:38.904066,0,0.1,38.4,0,1
E8109,Ventilator,0,12.07,2024-10-05 17:52:38.904066,0,0.38,31.84,2,1
E8110,ECG,10,8.81,2025-06-11 17:52:38.904066,1,0.38,43.55,1,1
E8111,Ventilator,3,12.63,2025-01-14 17:52:38.904066,4,0.35,42.03,0,1
E8112,Ultrasound,15,0.45,2025-06-13 17:52:38.904066,0,0.44,47.63,1,1
E8113,MRI,9,6.17,2024-12-09 17:52:38.904066,1,0.51,26.79,1,1
E8114,MRI,0,0.09,2025-05-11 17:52:38.904066,1,0.53,25.9,1,0
E8115,MRI,0,12.09,2024-09-20 17:52:38.904066,0,0.43,27.09,2,1
E8116,MRI,1,4.68,2025-05-16 17:52:38.904066,0,0.65,27.02,2,1
E8117,ECG,6,3.49,2024-08-26 17:52:38.904066,2,0.49,54.27,1,1
E8118,Ventilator,2,14.57,2024-09-15 17:52:38.904066,1,0.39,49.58,3,1
E8119,ECG,5,18.77,2024-09-06 17:52:38.904066,1,0.01,51.44,0,1
E8120,MRI,5,19.27,2025-06-11 17:52:38.904066,1,0.43,54.08,0,1
E8121,Ventilator,8,16.33,2024-10-06 17:52:38.904066,1,0.69,69.07,1,1
E8122,Ultrasound,9,9.78,2024-08-18 17:52:38.904066,0,0.71,55.26,2,1
E8123,Ultrasound,3,5.58,2024-10-21 17:52:38.904066,1,0.79,43.61,2,1
E8124,Ventilator,0,9.32,2024-09-04 17:52:38.904066,0,0.78,66.98,1,1
E8125,Ultrasound,5,4.58,2025-04-18 17:52:38.904066,0,0.47,63.53,1,1
E8126,Ultrasound,5,14.32,2025-03-19 17:52:38.904066,2,0.73,63.95,1,1
E8127,Ultrasound,10,6.32,2024-09-16 17:52:38.904066,1,0.68,24.19,1,1
E8128,Ventilator,4,14.29,2025-07-15 17:52:38.904066,3,0.66,21.69,4,1
E8129,Ventilator,6,13.61,2025-06-19 17:52:38.904066,0,0.46,62.96,3,1
E8130,Ventilator,4,1.38,2025-01-10 17:52:38.904066,1,0.08,37.76,0,1
E8131,Ventilator,7,15.35,2025-01-02 17:52:38.904066,0,0.34,24.34,2,1
E8132,Ultrasound,12,3.86,2024-12-10 17:52:38.904066,4,0.53,69.57,1,1
E8133,Ventilator,3,17.06,2025-04-03 17:52:38.904066,1,0.46,56.26,1,1
E8134,Ultrasound,6,7.72,2025-05-16 17:52:38.904066,0,0.09,39.66,0,0
E8135,ECG,2,6.52,2024-12-07 17:52:38.904066,0,0.16,62.39,2,1
E8136,Ultrasound,2,18.18,2024-10-30 17:52:38.904066,0,0.5,48.32,0,1
E8137,Ultrasound,4,3.59,2024-12-10 17:52:38.904066,0,0.64,46.27,1,1
E8138,Ultrasound,4,13.25,2025-02-08 17:52:38.904066,1,0.33,49.98,2,0
E8139,Ventilator,3,13.79,2025-08-02 17:52:38.904066,0,0.25,38.05,2,0
E8140,Ultrasound,0,2.74,2025-02-09 17:52:38.904066,0,0.77,64.53,3,1
E8141,Ultrasound,1,5.22,2024-11-05 17:52:38.904066,1,0.19,44.86,3,1
E8142,Ventilator,1,9.08,2025-05-25 17:52:38.904066,0,0.38,69.18,2,1
E8143,MRI,1,4.53,2025-06-22 17:52:38.904066,0,0.47,65.97,2,1
E8144,Ultrasound,10,1.27,2025-06-07 17:52:38.904066,1,0.25,32.61,1,1
E8145,Ultrasound,7,5.31,2024-09-06 17:52:38.904066,2,0.72,31.98,1,1
E8146,Ventilator,2,9.39,2025-01-26 17:52:38.904066,0,0.74,27.89,2,1
E8147,MRI,9,5.35,2025-04-16 17:52:38.904066,0,0.4,42.08,2,1
E8148,Ultrasound,12,4.28,2024-10-18 17:52:38.904066,0,0.27,64.94,0,1
E8149,ECG,2,17.06,2024-11-09 17:52:38.904066,0,0.42,34.02,0,1
E8150,ECG,8,14.56,2024-10-09 17:52:38.904066,1,0.4,22.56,1,1
E8151,ECG,7,2.85,2025-04-26 17:52:38.904066,0,0.31,61.25,1,1
E8152,Ventilator,7,17.9,2024-10-02 17:52:38.904066,1,0.65,61.94,4,1
E8153,ECG,4,3.36,2025-05-05 17:52:38.904066,0,0.72,60.9,1,1
E8154,Ventilator,8,8.6,2025-07-08 17:52:38.904066,0,0.13,54.65,0,0
E8155,MRI,6,12.62,2025-07-19 17:52:38.904066,2,0.6,31.9,2,0
E8156,MRI,1,4.77,2024-11-19 17:52:38.904066,1,0.51,68.24,0,1
E8157,Ventilator,0,14.53,2025-04-26 17:52:38.904066,1,0.46,65.3,0,1
E8158,MRI,0,2.78,2024-10-27 17:52:38.904066,3,0.42,26.73,1,1
E8159,ECG,5,11.38,2025-03-27 17:52:38.904066,1,0.69,51.36,1,1
E8160,MRI,2,12.43,2025-07-28 17:52:38.904066,0,0.06,21.32,2,0
E8161,Ventilator,0,18.4,2025-06-26 17:52:38.904066,0,0.34,43.13,1,1
E8162,MRI,7,5.42,2025-02-25 17:52:38.904066,0,0.65,67.57,1,1
E8163,Ventilator,7,16.35,2025-01-14 17:52:38.904066,3,0.36,66.32,2,1
E8164,Ventilator,4,4.15,2025-06-27 17:52:38.904066,0,0.66,54.52,1,1
E8165,Ventilator,14,19.93,2025-07-03 17:52:38.904066,0,0.08,55.68,1,1
E8166,Ventilator,0,0.71,2025-07-15 17:52:38.904066,1,0.68,68.29,0,1
E8167,Ventilator,4,8.92,2025-07-27 17:52:38.904066,0,0.38,36.56,0,0
E8168,Ventilator,8,17.3,2025-02-25 17:52:38.904066,1,0.74,22.68,2,1
E8169,Ultrasound,3,0.13,2025-04-07 17:52:38.904066,0,0.76,21.07,2,1
E8170,MRI,3,7.17,2024-11-14 17:52:38.904066,1,0.61,67.02,2,1
E8171,ECG,6,17.86,2025-06-14 17:52:38.904066,0,0.48,43.13,1,1
E8172,ECG,2,12.71,2024-09-18 17:52:38.904066,0,0.01,26.46,1,1
E8173,ECG,5,0.84,2024-08-12 17:52:38.904066,2,0.41,37.6,1,1
E8174,MRI,3,18.55,2025-06-07 17:52:38.904066,0,0.08,27.61,5,1
E8175,MRI,0,11.79,2025-03-12 17:52:38.904066,1,0.19,63.01,2,1
E8176,ECG,6,12.88,2025-01-24 17:52:38.904066,0,0.29,34.29,1,1
E8177,Ventilator,5,5.33,2024-08-13 17:52:38.904066,0,0.71,38.18,2,1
E8178,MRI,11,12.29,2025-01-12 17:52:38.904066,1,0.56,23.45,1,1
E8179,Ventilator,9,19.74,2025-06-01 17:52:38.904066,1,0.65,56.3,0,1
E8180,Ventilator,1,14.77,2024-11-03 17:52:38.904066,1,0.71,30.83,1,1
E8181,ECG,0,19.9,2025-07-07 17:52:38.904066,1,0.21,64.79,3,1
E8182,Ventilator,13,0.08,2025-07-14 17:52:38.904066,0,0.47,58.69,0,1
E8183,MRI,5,12.78,2024-09-08 17:52:38.904066,1,0.42,45.95,2,1
E8184,Ultrasound,4,1.73,2025-02-04 17:52:38.904066,0,0.17,37.27,3,1
E8185,ECG,3,5.84,2025-01-13 17:52:38.904066,0,0.41,51.61,1,1
E8186,Ventilator,9,10.09,2024-09-12 17:52:38.904066,0,0.5,57.97,1,1
E8187,ECG,2,19.07,2025-03-27 17:52:38.904066,2,0.27,33.69,0,1
E8188,Ultrasound,5,6.17,2025-02-28 17:52:38.904066,0,0.21,43.51,1,0
E8189,Ultrasound,9,9.71,2024-08-21 17:52:38.904066,1,0.48,42.47,2,1
E8190,Ventilator,5,17.69,2024-12-10 17:52:38.904066,1,0.05,60.78,1,1
E8191,Ultrasound,5,14.95,2025-03-11 17:52:38.904066,0,0.5,43.17,1,0
E8192,Ventilator,4,2.78,2025-01-13 17:52:38.904066,0,0.27,59.94,3,1
E8193,Ultrasound,0,9.92,2025-07-20 17:52:38.904066,2,0.41,43.51,0,0
E8194,Ventilator,8,12.89,2025-03-15 17:52:38.904066,0,0.2,66.32,0,1
E8195,Ultrasound,7,1.62,2024-08-28 17:52:38.904066,0,0.54,34.42,1,1
E8196,Ventilator,9,0.48,2025-05-05 17:52:38.904066,0,0.49,40.54,1,1
E8197,Ventilator,0,0.67,2024-09-05 17:52:38.904066,0,0.16,29.92,1,1
E8198,Ventilator,0,3.29,2025-04-01 17:52:38.904066,0,0.27,46.38,1,0
E8199,MRI,11,17.05,2024-10-28 17:52:38.904066,0,0.75,39.2,0,1
E8200,Ventilator,5,17.48,2025-05-01 17:52:38.904066,0,0.57,60.8,2,1
E8201,MRI,0,2.06,2024-10-23 17:52:38.904066,0,0.3,39.87,0,1
E8202,ECG,10,8.13,2025-03-27 17:52:38.904066,0,0.01,31.66,3,1
E8203,ECG,3,14.28,2025-06-02 17:52:38.904066,2,0.72,69.31,2,1
E8204,MRI,7,14.28,2025-05-06 17:52:38.904066,2,0.17,54.58,2,0
E8205,ECG,8,18.17,2025-08-02 17:52:38.904066,0,0.39,31.89,4,1
E8206,Ventilator,0,11.43,2024-10-02 17:52:38.904066,1,0.44,30.97,2,1
E8207,Ultrasound,9,18.49,2025-06-26 17:52:38.904066,1,0.78,59.53,1,1
E8208,Ventilator,0,5.36,2024-11-07 17:52:38.904066,1,0.66,55.97,2,1
E8209,ECG,1,16.7,2025-01-17 17:52:38.904066,0,0.63,35.75,3,1
E8210,Ultrasound,3,5.91,2025-06-04 17:52:38.904066,0,0.73,59.03,0,1
E8211,ECG,0,12.7,2025-01-03 17:52:38.904066,1,0.58,20.49,2,1
E8212,Ventilator,8,0.87,2024-09-01 17:52:38.904066,1,0.53,41.6,0,1
E8213,ECG,10,18.03,2024-08-18 17:52:38.904066,2,0.1,36.99,1,1
E8214,MRI,0,8.71,2025-02-23 17:52:38.904066,1,0.39,62.06,1,1
E8215,MRI,4,18.92,2024-08-14 17:52:38.904066,0,0.08,49.96,1,1
E8216,MRI,8,17.09,2024-08-15 17:52:38.904066,2,0.61,54.03,0,1
E8217,ECG,4,15.32,2025-06-28 17:52:38.904066,1,0.79,30.73,0,1
E8218,ECG,0,16.99,2025-02-15 17:52:38.904066,0,0.52,21.56,4,1
E8219,Ultrasound,7,9.63,2024-11-11 17:52:38.904066,3,0.07,30.64,3,1
E8220,Ultrasound,2,19.13,2025-03-14 17:52:38.904066,1,0.6,47.63,1,1
E8221,Ultrasound,4,6.95,2024-11-03 17:52:38.904066,0,0.1,36.12,2,1
E8222,ECG,8,10.58,2024-08-24 17:52:38.904066,2,0.23,37.77,2,1
E8223,ECG,3,7.47,2025-07-24 17:52:38.904066,1,0.53,37.87,0,0
E8224,ECG,4,3.04,2024-12-14 17:52:38.904066,0,0.51,45.05,2,1
E8225,Ventilator,0,19.38,2024-12-27 17:52:38.904066,1,0.16,25.42,4,1
E8226,MRI,3,3.62,2025-06-20 17:52:38.904066,0,0.6,65.76,4,1
E8227,ECG,2,13.3,2025-05-24 17:52:38.904066,1,0.48,40.32,2,0
E8228,Ultrasound,5,19.8,2024-09-05 17:52:38.904066,1,0.18,59.52,5,1
E8229,Ventilator,4,19.96,2024-12-07 17:52:38.904066,1,0.71,32.31,2,1
E8230,Ventilator,4,0.61,2025-03-08 17:52:38.904066,0,0.03,59.7,2,0
E8231,MRI,2,14.6,2024-08-20 17:52:38.904066,1,0.08,44.75,0,1
E8232,MRI,3,19.77,2024-08-19 17:52:38.904066,0,0.07,42.93,4,1
E8233,Ultrasound,10,8.86,2025-02-17 17:52:38.904066,0,0.48,30.47,0,1
E8234,Ultrasound,12,3.14,2025-01-10 17:52:38.904066,0,0.01,36.77,3,1
E8235,MRI,5,4.75,2024-10-07 17:52:38.904066,1,0.25,59.63,1,1
E8236,Ultrasound,6,14.87,2024-10-28 17:52:38.904066,1,0.01,62.39,1,1
E8237,Ultrasound,5,1.55,2025-07-31 17:52:38.904066,0,0.35,61.86,2,1
E8238,MRI,5,2.81,2025-08-05 17:52:38.904066,2,0.24,51.22,2,0
E8239,Ventilator,3,16.96,2024-08-14 17:52:38.904066,0,0.68,42.35,0,1
E8240,ECG,3,19.45,2024-10-27 17:52:38.904066,2,0.03,66.02,1,1
E8241,ECG,4,13.14,2025-08-02 17:52:38.904066,0,0.65,64.81,2,1
E8242,Ventilator,11,4.41,2024-09-10 17:52:38.904066,0,0.34,36.85,3,1
E8243,MRI,6,13.38,2024-08-25 17:52:38.904066,2,0.49,43.14,1,1
E8244,Ventilator,4,5.44,2025-06-17 17:52:38.904066,0,0.5,57.14,0,0
E8245,MRI,3,18.03,2024-10-10 17:52:38.904066,2,0.16,58.06,5,1
E8246,Ventilator,8,13.15,2024-09-25 17:52:38.904066,0,0.03,43.45,5,1
E8247,Ultrasound,2,16.94,2025-06-15 17:52:38.904066,1,0.38,62.47,1,1
E8248,Ultrasound,4,7.29,2024-11-15 17:52:38.904066,2,0.36,30.89,0,1
E8249,Ultrasound,7,8.12,2024-11-29 17:52:38.904066,2,0.7,61.58,3,1
E8250,ECG,5,16.22,2025-07-07 17:52:38.904066,0,0.42,66.74,0,1
E8251,MRI,6,19.11,2025-05-27 17:52:38.904066,1,0.2,66.19,2,1
E8252,MRI,12,16.73,2025-02-19 17:52:38.904066,1,0.27,35.31,2,1
E8253,ECG,7,2.17,2025-06-01 17:52:38.904066,0,0.2,47.69,1,0
E8254,ECG,0,10.59,2025-05-31 17:52:38.904066,1,0.62,25.44,3,1
E8255,Ventilator,4,3.88,2025-05-24 17:52:38.904066,0,0.24,58.47,2,0
E8256,Ultrasound,4,7.63,2025-02-22 17:52:38.904066,0,0.64,22.48,3,1
E8257,Ventilator,10,7.15,2025-07-06 17:52:38.904066,0,0.24,37.99,1,1
E8258,MRI,0,8.53,2024-11-19 17:52:38.904066,1,0.56,68.74,0,1
E8259,MRI,4,14.22,2025-06-25 17:52:38.904066,0,0.78,31.66,0,1
E8260,Ultrasound,9,15.33,2025-04-09 17:52:38.904066,0,0.44,35.13,1,1
E8261,ECG,0,0.06,2025-07-06 17:52:38.904066,4,0.28,61.73,0,1
E8262,Ultrasound,2,11.77,2024-08-19 17:52:38.904066,1,0.72,23.82,0,1
E8263,MRI,6,11.34,2025-01-22 17:52:38.904066,0,0.19,62.27,1,1
E8264,Ventilator,10,6.56,2025-05-17 17:52:38.904066,1,0.45,36.75,0,1
E8265,MRI,6,12.54,2024-08-31 17:52:38.904066,2,0.37,44.83,5,1
E8266,Ventilator,4,9.94,2025-03-12 17:52:38.904066,1,0.46,54.32,1,0
E8267,ECG,7,3.68,2025-02-09 17:52:38.904066,0,0.26,63.04,2,1
E8268,Ventilator,11,8.24,2025-05-12 17:52:38.904066,0,0.66,26.08,2,1
E8269,Ventilator,8,13.15,2024-11-28 17:52:38.904066,0,0.59,57.95,2,1
E8270,Ultrasound,0,17.4,2024-10-10 17:52:38.904066,0,0.47,28.23,1,1
E8271,Ultrasound,5,6.1,2024-09-10 17:52:38.904066,1,0.43,45.56,1,1
E8272,MRI,0,4.04,2025-01-01 17:52:38.904066,0,0.08,24.12,1,1
E8273,Ultrasound,5,9.77,2024-12-06 17:52:38.904066,0,0.6,34.54,2,1
E8274,ECG,9,5.75,2024-10-19 17:52:38.904066,1,0.15,52.35,0,1
E8275,MRI,7,19.7,2025-05-12 17:52:38.904066,0,0.8,25.54,4,1
E8276,MRI,6,3.75,2025-06-20 17:52:38.904066,0,0.04,67.95,3,1
E8277,ECG,1,16.56,2025-01-18 17:52:38.904066,1,0.55,49.03,1,1
E8278,Ultrasound,8,17.06,2024-10-21 17:52:38.904066,0,0.71,38.11,2,1
E8279,MRI,3,12.09,2025-03-05 17:52:38.904066,1,0.05,47.95,2,0
E8280,MRI,9,4.21,2025-07-29 17:52:38.904066,0,0.28,53.89,0,1
E8281,Ventilator,10,16.12,2024-09-19 17:52:38.904066,1,0.44,54.28,1,1
E8282,Ultrasound,0,0.87,2024-11-21 17:52:38.904066,1,0.05,69.47,1,1
E8283,ECG,7,4.42,2025-04-01 17:52:38.904066,0,0.31,40.62,2,0
E8284,MRI,0,8.34,2025-04-21 17:52:38.904066,0,0.15,59.93,1,0
E8285,ECG,0,8.67,2024-09-08 17:52:38.904066,1,0.77,28.63,2,1
E8286,Ultrasound,0,11.94,2024-09-19 17:52:38.904066,2,0.65,38.07,0,1
E8287,Ventilator,1,7.96,2025-07-28 17:52:38.904066,0,0.36,54.13,1,0
E8288,Ultrasound,3,6.38,2024-09-27 17:52:38.904066,0,0.49,38.5,3,1
E8289,Ultrasound,0,13.26,2025-04-29 17:52:38.904066,0,0.51,39.07,1,0
E8290,Ultrasound,3,2.22,2025-02-06 17:52:38.904066,1,0.47,47.37,0,1
E8291,Ultrasound,7,0.12,2025-04-24 17:52:38.904066,1,0.2,61.04,0,1
E8292,MRI,8,10.78,2024-11-26 17:52:38.904066,2,0.6,61.22,4,1
E8293,Ventilator,12,1.42,2025-07-08 17:52:38.904066,1,0.62,31.18,0,1
E8294,Ventilator,0,10.23,2025-07-03 17:52:38.904066,0,0.37,37.28,1,0
E8295,Ventilator,0,4.4,2025-01-04 17:52:38.904066,0,0.15,47.71,3,1
E8296,MRI,14,2.84,2024-11-10 17:52:38.904066,0,0.4,63.1,2,1
E8297,Ventilator,2,16.98,2024-12-11 17:52:38.904066,0,0.79,29.93,5,1
E8298,Ultrasound,9,17.37,2025-04-10 17:52:38.904066,1,0.63,66.39,1,1
E8299,Ventilator,3,12.42,2025-03-22 17:52:38.904066,2,0.56,40.31,0,0
E8300,ECG,10,0.53,2025-07-23 17:52:38.904066,1,0.2,25.1,0,1
E8301,Ultrasound,1,8.44,2025-05-27 17:52:38.904066,0,0.73,53.78,2,1
E8302,ECG,8,15.18,2024-10-04 17:52:38.904066,1,0.79,53.0,2,1
E8303,Ultrasound,6,8.72,2024-12-02 17:52:38.904066,0,0.4,23.07,1,1
E8304,ECG,7,7.62,2024-12-25 17:52:38.904066,0,0.65,61.59,1,1
E8305,Ultrasound,4,9.71,2025-01-30 17:52:38.904066,1,0.12,22.4,3,1
E8306,Ultrasound,5,14.01,2025-03-01 17:52:38.904066,0,0.05,57.98,1,0
E8307,ECG,12,14.15,2025-03-01 17:52:38.904066,1,0.24,53.87,4,1
E8308,Ventilator,6,15.78,2025-04-11 17:52:38.904066,1,0.72,49.77,1,1
E8309,Ultrasound,10,14.64,2024-08-18 17:52:38.904066,2,0.29,44.82,1,1
E8310,Ultrasound,0,3.96,2025-04-10 17:52:38.904066,3,0.62,59.91,0,1
E8311,Ultrasound,2,12.7,2024-10-22 17:52:38.904066,2,0.59,61.01,3,1
E8312,Ventilator,6,13.09,2025-01-11 17:52:38.904066,1,0.66,56.28,3,1
E8313,Ultrasound,7,18.42,2024-12-24 17:52:38.904066,0,0.16,42.62,1,1
E8314,Ultrasound,14,8.15,2025-07-31 17:52:38.904066,2,0.28,69.36,0,1
E8315,MRI,0,0.24,2025-04-17 17:52:38.904066,0,0.47,46.34,2,0
E8316,Ventilator,3,3.29,2025-02-22 17:52:38.904066,1,0.24,53.55,2,0
E8317,Ultrasound,2,19.23,2024-12-20 17:52:38.904066,0,0.43,50.78,1,1
E8318,Ventilator,4,1.36,2024-08-14 17:52:38.904066,0,0.16,59.92,2,1
E8319,Ventilator,2,7.39,2025-03-26 17:52:38.904066,1,0.54,50.37,0,0
E8320,MRI,5,0.07,2024-11-03 17:52:38.904066,0,0.06,35.18,3,1
E8321,MRI,9,15.72,2025-01-16 17:52:38.904066,1,0.64,48.67,2,1
E8322,Ventilator,6,7.58,2025-01-13 17:52:38.904066,1,0.6,61.89,2,1
E8323,Ventilator,1,7.46,2024-11-13 17:52:38.904066,0,0.18,44.44,0,1
E8324,MRI,0,3.69,2024-10-26 17:52:38.904066,1,0.32,27.94,3,1
E8325,MRI,5,18.93,2025-05-31 17:52:38.904066,3,0.29,51.01,1,1
E8326,ECG,3,10.21,2025-05-17 17:52:38.904066,0,0.58,54.25,0,0
E8327,Ventilator,7,7.02,2025-01-24 17:52:38.904066,1,0.57,45.16,0,1
E8328,MRI,11,13.65,2024-08-25 17:52:38.904066,0,0.05,22.33,2,1
E8329,Ultrasound,3,5.75,2024-11-03 17:52:38.904066,1,0.25,55.61,2,1
E8330,Ventilator,0,0.25,2024-11-26 17:52:38.904066,1,0.66,53.46,0,1
E8331,ECG,2,10.47,2025-01-06 17:52:38.904066,1,0.59,42.1,3,1
E8332,Ultrasound,0,16.19,2025-04-07 17:52:38.904066,2,0.17,48.4,1,1
E8333,ECG,6,4.42,2024-12-04 17:52:38.904066,0,0.09,35.07,1,1
E8334,MRI,2,1.11,2024-12-21 17:52:38.904066,1,0.36,61.83,1,1
E8335,ECG,9,15.78,2024-11-15 17:52:38.904066,1,0.16,52.51,2,1
E8336,Ventilator,1,14.5,2024-12-21 17:52:38.904066,3,0.71,31.77,0,1
E8337,Ventilator,7,14.74,2025-01-26 17:52:38.904066,0,0.32,22.99,1,1
E8338,Ultrasound,5,5.46,2024-08-06 17:52:38.904066,2,0.72,58.59,0,1
E8339,MRI,4,5.98,2025-07-11 17:52:38.904066,1,0.53,27.36,1,0
E8340,Ventilator,5,13.79,2024-09-28 17:52:38.904066,2,0.59,61.94,1,1
E8341,Ventilator,0,18.29,2024-09-11 17:52:38.904066,1,0.42,36.52,0,1
E8342,Ultrasound,13,9.34,2024-08-19 17:52:38.904066,0,0.08,61.19,3,1
E8343,ECG,5,6.21,2024-09-24 17:52:38.904066,1,0.26,26.24,2,1
E8344,MRI,3,5.73,2024-11-10 17:52:38.904066,0,0.56,61.73,1,1
E8345,Ventilator,0,17.52,2024-11-26 17:52:38.904066,1,0.78,21.5,2,1
E8346,MRI,10,4.18,2024-11-13 17:52:38.904066,2,0.35,39.51,3,1
E8347,ECG,1,3.09,2025-02-11 17:52:38.904066,2,0.23,46.01,1,0
E8348,MRI,10,5.2,2025-05-05 17:52:38.904066,1,0.29,68.56,0,1
E8349,Ultrasound,0,9.74,2025-03-22 17:52:38.904066,1,0.39,57.08,0,0
E8350,MRI,4,8.35,2025-06-11 17:52:38.904066,1,0.42,66.63,2,1
E8351,Ventilator,6,6.03,2025-04-22 17:52:38.904066,1,0.52,26.45,2,0
E8352,Ventilator,10,7.73,2025-01-28 17:52:38.904066,0,0.76,40.65,2,1
E8353,MRI,5,5.69,2025-02-19 17:52:38.904066,0,0.23,32.12,2,0
E8354,ECG,4,9.78,2025-05-10 17:52:38.904066,0,0.33,23.08,1,0
E8355,Ultrasound,4,10.94,2025-05-21 17:52:38.904066,0,0.59,57.55,3,0
E8356,MRI,8,6.65,2025-05-08 17:52:38.904066,0,0.46,49.22,3,0
E8357,Ventilator,9,8.05,2025-05-13 17:52:38.904066,0,0.27,42.25,4,1
E8358,Ultrasound,3,16.69,2025-03-14 17:52:38.904066,1,0.76,42.96,1,1
E8359,Ultrasound,6,12.06,2024-10-19 17:52:38.904066,1,0.03,26.67,1,1
E8360,MRI,5,10.13,2025-01-30 17:52:38.904066,1,0.35,42.69,1,1
E8361,Ultrasound,10,0.24,2025-06-25 17:52:38.904066,1,0.49,66.19,2,1
E8362,MRI,8,2.04,2025-06-02 17:52:38.904066,0,0.22,34.09,2,0
E8363,Ventilator,0,2.92,2024-12-18 17:52:38.904066,2,0.58,23.1,0,1
E8364,Ultrasound,7,9.69,2025-04-15 17:52:38.904066,1,0.64,53.43,4,1
E8365,Ventilator,2,7.85,2024-10-10 17:52:38.904066,0,0.11,54.57,1,1
E8366,MRI,1,3.1,2025-07-10 17:52:38.904066,4,0.36,50.85,2,1
E8367,ECG,10,19.48,2025-01-11 17:52:38.904066,1,0.6,22.19,0,1
E8368,Ventilator,7,1.09,2025-08-04 17:52:38.904066,1,0.08,59.02,2,0
E8369,ECG,9,1.29,2024-11-17 17:52:38.904066,0,0.74,23.91,3,1
E8370,ECG,6,1.34,2024-12-23 17:52:38.904066,0,0.72,31.13,1,1
E8371,Ventilator,4,7.56,2025-02-27 17:52:38.904066,1,0.35,32.32,1,0
E8372,Ventilator,2,0.57,2025-03-14 17:52:38.904066,1,0.37,41.16,0,0
E8373,Ultrasound,4,13.17,2024-09-17 17:52:38.904066,1,0.19,31.6,3,1
E8374,ECG,2,9.65,2024-12-07 17:52:38.904066,0,0.75,62.26,2,1
E8375,Ultrasound,6,10.49,2025-03-30 17:52:38.904066,1,0.55,29.22,2,0
E8376,Ultrasound,0,16.89,2025-06-26 17:52:38.904066,0,0.19,37.68,1,1
E8377,Ventilator,12,15.3,2025-04-12 17:52:38.904066,0,0.08,34.83,3,1
E8378,Ventilator,14,18.55,2025-02-11 17:52:38.904066,1,0.06,46.73,0,1
E8379,Ventilator,0,19.3,2025-02-09 17:52:38.904066,0,0.8,64.44,2,1
E8380,ECG,0,17.9,2024-08-12 17:52:38.904066,0,0.11,46.39,1,1
E8381,Ultrasound,10,3.25,2025-06-17 17:52:38.904066,0,0.06,47.02,3,1
E8382,MRI,0,8.51,2025-04-16 17:52:38.904066,1,0.01,41.11,1,0
E8383,MRI,2,7.31,2025-02-17 17:52:38.904066,1,0.69,55.05,0,1
E8384,MRI,5,6.92,2024-09-20 17:52:38.904066,1,0.69,22.25,2,1
E8385,Ultrasound,5,2.15,2025-03-07 17:52:38.904066,0,0.66,59.62,1,1
E8386,Ventilator,4,7.0,2024-10-15 17:52:38.904066,0,0.33,54.08,3,1
E8387,Ultrasound,0,8.4,2024-10-28 17:52:38.904066,1,0.5,66.94,2,1
E8388,Ultrasound,3,2.57,2024-08-12 17:52:38.904066,1,0.63,59.03,3,1
E8389,Ultrasound,14,12.59,2025-04-26 17:52:38.904066,2,0.75,48.94,0,1
E8390,Ventilator,6,8.31,2024-12-14 17:52:38.904066,2,0.43,43.57,3,1
E8391,ECG,3,2.42,2025-05-06 17:52:38.904066,2,0.38,41.93,1,0
E8392,MRI,4,11.23,2025-06-15 17:52:38.904066,1,0.0,36.37,1,0
E8393,MRI,7,10.73,2025-03-03 17:52:38.904066,0,0.04,48.39,2,0
E8394,Ultrasound,7,17.53,2025-04-22 17:52:38.904066,0,0.62,68.9,1,1
E8395,ECG,3,4.05,2025-07-16 17:52:38.904066,1,0.42,47.4,1,0
E8396,Ventilator,6,17.1,2024-12-16 17:52:38.904066,1,0.42,24.96,0,1
E8397,ECG,4,1.84,2025-02-28 17:52:38.904066,0,0.53,32.22,4,1
E8398,Ultrasound,2,8.19,2025-04-28 17:52:38.904066,1,0.42,41.05,4,1
E8399,Ventilator,3,16.16,2024-10-29 17:52:38.904066,0,0.13,38.24,3,1
E8400,Ultrasound,7,1.96,2025-07-11 17:52:38.904066,1,0.22,45.46,1,0
E8401,Ultrasound,7,8.53,2024-12-15 17:52:38.904066,1,0.75,68.74,1,1
E8402,MRI,0,11.7,2024-11-29 17:52:38.904066,0,0.77,23.07,1,1
E8403,MRI,4,7.12,2025-05-01 17:52:38.904066,1,0.8,64.26,1,1
E8404,Ultrasound,0,6.45,2025-02-08 17:52:38.904066,0,0.26,37.13,2,0
E8405,ECG,2,4.62,2024-09-14 17:52:38.904066,1,0.01,49.05,0,1
E8406,Ventilator,9,2.94,2025-01-15 17:52:38.904066,1,0.4,25.28,0,1
E8407,Ventilator,8,12.44,2025-05-17 17:52:38.904066,1,0.44,22.65,2,0
E8408,Ultrasound,6,9.97,2024-08-15 17:52:38.904066,0,0.33,50.17,1,1
E8409,Ultrasound,8,16.98,2024-12-29 17:52:38.904066,0,0.2,37.81,1,1
E8410,MRI,3,0.22,2024-08-25 17:52:38.904066,0,0.63,69.76,1,1
E8411,ECG,8,13.41,2024-09-30 17:52:38.904066,0,0.33,27.04,3,1
E8412,Ventilator,3,17.06,2025-04-22 17:52:38.904066,0,0.41,26.67,2,1
E8413,Ventilator,11,10.93,2025-02-03 17:52:38.904066,1,0.06,24.97,1,1
E8414,ECG,7,19.2,2025-05-24 17:52:38.904066,1,0.43,40.52,1,1
E8415,ECG,2,11.92,2025-01-24 17:52:38.904066,0,0.03,63.87,0,1
E8416,Ultrasound,0,19.83,2025-03-10 17:52:38.904066,0,0.64,38.86,0,1
E8417,ECG,0,9.22,2025-06-29 17:52:38.904066,0,0.37,60.93,8,1
E8418,Ventilator,5,18.38,2024-08-28 17:52:38.904066,1,0.63,35.88,2,1
E8419,ECG,7,5.65,2025-06-07 17:52:38.904066,3,0.67,68.11,0,1
E8420,Ventilator,3,10.48,2025-04-07 17:52:38.904066,1,0.71,41.8,2,1
E8421,Ultrasound,7,8.66,2025-04-04 17:52:38.904066,1,0.52,68.34,1,1
E8422,ECG,0,5.93,2025-04-30 17:52:38.904066,0,0.3,20.49,1,0
E8423,ECG,1,5.41,2025-05-14 17:52:38.904066,0,0.44,21.97,5,1
E8424,Ultrasound,4,1.69,2025-05-31 17:52:38.904066,0,0.67,50.51,1,1
E8425,Ultrasound,4,9.09,2025-03-04 17:52:38.904066,1,0.29,43.39,1,0
E8426,ECG,2,8.9,2025-01-06 17:52:38.904066,0,0.72,32.43,2,1
E8427,Ventilator,0,4.76,2024-10-31 17:52:38.904066,2,0.52,59.92,0,1
E8428,ECG,2,11.47,2024-08-31 17:52:38.904066,0,0.5,49.0,2,1
E8429,MRI,7,3.07,2025-06-15 17:52:38.904066,1,0.74,50.42,0,1
E8430,ECG,9,11.36,2024-10-23 17:52:38.904066,0,0.49,20.36,1,1
E8431,ECG,0,11.67,2025-03-25 17:52:38.904066,0,0.77,60.62,0,1
E8432,MRI,12,7.76,2024-11-08 17:52:38.904066,1,0.31,26.41,3,1
E8433,Ventilator,0,2.04,2024-10-08 17:52:38.904066,1,0.31,68.98,0,1
E8434,Ventilator,8,0.06,2024-11-26 17:52:38.904066,0,0.66,49.23,1,1
E8435,Ventilator,0,8.94,2025-03-28 17:52:38.904066,1,0.61,30.67,0,1
E8436,ECG,9,1.98,2024-08-22 17:52:38.904066,0,0.25,45.75,0,1
E8437,Ultrasound,7,19.8,2025-01-07 17:52:38.904066,1,0.68,24.61,2,1
E8438,MRI,5,5.02,2025-06-06 17:52:38.904066,2,0.61,23.58,2,1
E8439,Ventilator,8,13.14,2025-05-12 17:52:38.904066,0,0.29,26.89,1,0
E8440,Ventilator,2,2.38,2025-05-25 17:52:38.904066,2,0.04,32.77,0,0
E8441,Ventilator,0,6.39,2025-03-09 17:52:38.904066,0,0.59,38.69,1,0
E8442,ECG,5,10.91,2025-04-25 17:52:38.904066,1,0.69,46.34,0,1
E8443,ECG,1,2.2,2025-01-29 17:52:38.904066,0,0.2,63.34,0,1
E8444,Ventilator,7,14.07,2025-05-19 17:52:38.904066,0,0.63,58.01,3,1
E8445,ECG,5,16.89,2025-07-15 17:52:38.904066,0,0.61,60.55,4,1
E8446,Ventilator,5,8.03,2025-05-24 17:52:38.904066,1,0.09,69.47,3,1
E8447,Ultrasound,0,6.25,2024-12-16 17:52:38.904066,0,0.28,33.09,0,1
E8448,ECG,5,11.46,2024-08-28 17:52:38.904066,1,0.18,27.63,2,1
E8449,MRI,0,1.78,2025-07-18 17:52:38.904066,2,0.69,63.68,2,1
E8450,MRI,7,1.13,2024-09-09 17:52:38.904066,1,0.34,58.06,0,1
E8451,Ultrasound,0,6.12,2025-06-19 17:52:38.904066,0,0.55,27.57,3,0
E8452,Ventilator,4,3.38,2025-06-18 17:52:38.904066,2,0.04,59.95,4,1
E8453,MRI,13,6.36,2025-04-07 17:52:38.904066,1,0.55,29.79,1,1
E8454,Ventilator,8,9.77,2025-02-11 17:52:38.904066,0,0.2,29.13,4,1
E8455,Ultrasound,5,19.79,2025-02-22 17:52:38.904066,1,0.47,54.73,4,1
E8456,ECG,1,18.5,2025-03-02 17:52:38.904066,0,0.05,58.16,1,1
E8457,Ultrasound,4,11.55,2025-02-12 17:52:38.904066,1,0.19,31.36,3,0
E8458,ECG,8,18.97,2024-11-10 17:52:38.904066,2,0.36,42.65,0,1
E8459,MRI,0,3.99,2024-09-01 17:52:38.904066,0,0.66,38.43,3,1
E8460,Ultrasound,7,1.4,2024-12-22 17:52:38.904066,0,0.7,40.08,3,1
E8461,Ventilator,6,17.47,2025-07-12 17:52:38.904066,0,0.71,60.94,1,1
E8462,Ventilator,2,12.29,2024-09-20 17:52:38.904066,0,0.35,24.71,0,1
E8463,Ventilator,4,13.0,2024-11-24 17:52:38.904066,0,0.05,30.17,0,1
E8464,Ventilator,8,19.55,2025-06-17 17:52:38.904066,1,0.71,32.38,1,1
E8465,MRI,0,2.45,2025-06-17 17:52:38.904066,2,0.06,50.89,2,0
E8466,MRI,9,5.0,2024-12-13 17:52:38.904066,0,0.35,47.81,1,1
E8467,MRI,6,10.42,2025-04-15 17:52:38.904066,0,0.66,65.63,2,1
E8468,Ventilator,10,11.65,2025-04-02 17:52:38.904066,1,0.75,35.36,1,1
E8469,Ventilator,5,6.11,2024-09-01 17:52:38.904066,0,0.64,41.23,0,1
E8470,MRI,0,14.19,2024-08-29 17:52:38.904066,1,0.17,60.18,0,1
E8471,Ultrasound,6,3.7,2024-09-21 17:52:38.904066,2,0.05,30.2,3,1
E8472,Ventilator,0,17.01,2025-07-25 17:52:38.904066,1,0.75,26.76,1,1
E8473,ECG,8,2.65,2025-05-31 17:52:38.904066,1,0.38,45.53,1,0
E8474,Ventilator,10,13.4,2024-12-24 17:52:38.904066,1,0.35,48.51,3,1
E8475,Ventilator,5,5.87,2024-10-22 17:52:38.904066,0,0.48,38.85,0,1
E8476,Ultrasound,11,1.28,2024-08-13 17:52:38.904066,1,0.6,63.35,2,1
E8477,Ventilator,5,19.93,2024-10-23 17:52:38.904066,1,0.32,46.69,2,1
E8478,MRI,2,4.18,2025-02-24 17:52:38.904066,2,0.74,28.37,1,1
E8479,Ultrasound,2,3.24,2025-02-23 17:52:38.904066,1,0.14,50.67,3,0
E8480,MRI,5,10.96,2024-11-06 17:52:38.904066,1,0.63,47.07,6,1
E8481,MRI,7,10.13,2025-08-03 17:52:38.904066,0,0.39,35.22,2,0
E8482,Ultrasound,7,17.38,2024-12-19 17:52:38.904066,1,0.56,23.31,0,1
E8483,MRI,7,6.11,2025-08-01 17:52:38.904066,1,0.7,30.75,4,1
E8484,ECG,4,3.4,2025-01-23 17:52:38.904066,2,0.58,48.65,0,1
E8485,Ultrasound,8,7.49,2024-09-13 17:52:38.904066,1,0.45,29.62,0,1
E8486,Ventilator,3,8.74,2024-10-12 17:52:38.904066,0,0.55,55.09,2,1
E8487,Ultrasound,6,19.99,2025-04-09 17:52:38.904066,1,0.69,24.39,2,1
E8488,Ventilator,2,10.8,2025-04-01 17:52:38.904066,2,0.15,42.09,4,1
E8489,MRI,2,8.09,2025-02-08 17:52:38.904066,1,0.23,58.07,2,0
E8490,MRI,3,8.65,2025-04-26 17:52:38.904066,1,0.63,69.93,1,1
E8491,MRI,4,17.37,2025-08-01 17:52:38.904066,1,0.07,26.84,2,1
E8492,Ventilator,3,17.36,2025-06-29 17:52:38.904066,0,0.76,36.52,2,1
E8493,MRI,0,16.1,2025-06-07 17:52:38.904066,0,0.29,50.77,0,1
E8494,Ventilator,8,7.29,2025-06-11 17:52:38.904066,2,0.04,64.13,1,1
E8495,MRI,9,1.31,2025-07-21 17:52:38.904066,1,0.63,43.46,2,1
E8496,Ultrasound,6,1.68,2025-01-04 17:52:38.904066,1,0.1,26.33,2,1
E8497,Ultrasound,1,17.27,2024-12-17 17:52:38.904066,1,0.17,52.34,1,1
E8498,Ventilator,3,12.98,2025-04-26 17:52:38.904066,0,0.47,30.24,2,0
E8499,ECG,5,8.84,2025-04-19 17:52:38.904066,1,0.38,61.16,1,1
E8500,Ultrasound,4,0.37,2025-03-27 17:52:38.904066,0,0.24,30.57,3,0
E8501,Ventilator,2,10.5,2024-08-16 17:52:38.904066,4,0.64,30.1,1,1
E8502,ECG,15,16.54,2024-10-28 17:52:38.904066,0,0.38,31.05,3,1
E8503,ECG,10,12.47,2024-08-09 17:52:38.904066,0,0.64,31.05,1,1
E8504,Ultrasound,0,3.48,2024-08-13 17:52:38.904066,0,0.02,50.74,1,1
E8505,MRI,6,0.39,2025-03-08 17:52:38.904066,0,0.41,62.68,4,1
E8506,ECG,6,19.71,2025-02-13 17:52:38.904066,2,0.21,20.52,2,1
E8507,Ventilator,0,4.81,2025-05-26 17:52:38.904066,1,0.6,37.48,1,0
E8508,Ultrasound,2,9.08,2025-02-22 17:52:38.904066,1,0.54,25.99,3,0
E8509,Ultrasound,10,12.16,2025-07-22 17:52:38.904066,0,0.59,31.51,3,1
E8510,Ventilator,5,10.98,2025-03-18 17:52:38.904066,1,0.55,33.93,5,1
E8511,Ventilator,6,2.2,2025-04-06 17:52:38.904066,1,0.4,61.03,1,1
E8512,Ventilator,7,13.15,2025-06-22 17:52:38.904066,0,0.07,64.71,3,1
E8513,MRI,4,15.28,2024-10-20 17:52:38.904066,1,0.45,50.39,1,1
E8514,Ultrasound,4,19.45,2025-06-15 17:52:38.904066,1,0.62,26.63,2,1
E8515,MRI,3,10.46,2024-12-07 17:52:38.904066,1,0.52,31.1,1,1
E8516,Ventilator,0,0.32,2025-07-16 17:52:38.904066,0,0.17,22.88,0,0
E8517,Ultrasound,8,14.35,2025-04-29 17:52:38.904066,2,0.41,21.9,4,1
E8518,ECG,2,17.5,2024-12-04 17:52:38.904066,1,0.67,56.41,3,1
E8519,ECG,6,17.14,2025-03-04 17:52:38.904066,1,0.23,37.42,2,1
E8520,Ultrasound,5,15.6,2025-04-24 17:52:38.904066,0,0.15,65.41,1,1
E8521,Ventilator,10,10.58,2025-04-18 17:52:38.904066,1,0.28,25.64,2,1
E8522,ECG,4,17.38,2025-07-08 17:52:38.904066,2,0.78,65.41,1,1
E8523,MRI,0,7.14,2024-08-14 17:52:38.904066,0,0.09,56.54,1,1
E8524,ECG,3,18.77,2024-10-24 17:52:38.904066,0,0.14,56.95,3,1
E8525,Ventilator,5,6.57,2025-06-13 17:52:38.904066,1,0.65,27.18,4,1
E8526,Ultrasound,2,11.93,2025-05-24 17:52:38.904066,1,0.43,61.46,1,1
E8527,MRI,11,17.33,2025-06-15 17:52:38.904066,1,0.03,32.22,1,1
E8528,Ventilator,12,2.95,2025-03-27 17:52:38.904066,3,0.08,54.7,1,1
E8529,MRI,11,0.38,2024-11-15 17:52:38.904066,0,0.75,58.66,6,1
E8530,ECG,0,4.32,2025-05-28 17:52:38.904066,0,0.73,65.42,1,1
E8531,MRI,7,2.03,2025-04-29 17:52:38.904066,0,0.65,54.0,4,1
E8532,Ultrasound,0,15.91,2024-09-29 17:52:38.904066,1,0.16,49.49,3,1
E8533,Ventilator,8,2.57,2024-10-01 17:52:38.904066,0,0.57,52.37,0,1
E8534,Ultrasound,11,18.76,2024-09-14 17:52:38.904066,1,0.56,69.62,3,1
E8535,ECG,1,10.91,2024-10-17 17:52:38.904066,2,0.75,50.53,2,1
E8536,Ultrasound,5,18.8,2025-01-12 17:52:38.904066,0,0.61,35.18,2,1
E8537,Ventilator,6,10.69,2025-04-11 17:52:38.904066,1,0.72,45.93,0,1
E8538,ECG,0,6.9,2024-11-17 17:52:38.904066,1,0.26,55.01,2,1
E8539,Ventilator,1,16.59,2024-12-19 17:52:38.904066,0,0.08,69.68,2,1
E8540,MRI,2,3.54,2025-01-15 17:52:38.904066,5,0.01,66.99,1,1
E8541,MRI,4,0.03,2025-02-26 17:52:38.904066,1,0.27,54.72,2,0
E8542,Ultrasound,7,16.39,2024-08-26 17:52:38.904066,1,0.8,28.04,2,1
E8543,Ventilator,15,13.26,2025-01-01 17:52:38.904066,0,0.8,41.22,3,1
E8544,MRI,6,15.41,2025-03-21 17:52:38.904066,1,0.23,34.53,1,0
E8545,Ultrasound,0,2.2,2024-10-05 17:52:38.904066,0,0.05,35.71,2,1
E8546,ECG,4,16.19,2025-06-21 17:52:38.904066,0,0.33,27.12,2,1
E8547,ECG,0,17.66,2024-11-16 17:52:38.904066,0,0.51,50.4,3,1
E8548,ECG,7,9.6,2024-10-25 17:52:38.904066,3,0.63,55.03,1,1
E8549,MRI,3,6.51,2025-06-15 17:52:38.904066,2,0.5,46.65,0,0
E8550,Ventilator,0,8.85,2024-09-06 17:52:38.904066,1,0.33,65.14,0,1
E8551,Ventilator,7,6.43,2024-12-27 17:52:38.904066,1,0.66,23.94,0,1
E8552,Ventilator,4,13.5,2025-04-07 17:52:38.904066,0,0.71,62.14,0,1
E8553,MRI,8,4.35,2025-03-12 17:52:38.904066,0,0.24,55.3,0,0
E8554,Ventilator,8,10.39,2025-03-10 17:52:38.904066,1,0.69,30.12,2,1
E8555,ECG,12,11.42,2024-10-22 17:52:38.904066,0,0.33,47.42,3,1
E8556,Ultrasound,5,19.15,2024-12-27 17:52:38.904066,2,0.26,57.09,1,1
E8557,MRI,7,3.12,2025-05-13 17:52:38.904066,1,0.2,60.53,0,1
E8558,MRI,3,11.4,2024-12-05 17:52:38.904066,1,0.49,41.97,2,1
E8559,Ventilator,6,3.45,2024-09-13 17:52:38.904066,1,0.44,33.1,4,1
E8560,Ultrasound,6,7.96,2025-04-09 17:52:38.904066,0,0.14,53.3,1,0
E8561,Ultrasound,11,5.53,2024-10-07 17:52:38.904066,0,0.15,37.33,1,1
E8562,Ventilator,0,12.96,2025-01-03 17:52:38.904066,1,0.61,51.46,0,1
E8563,MRI,3,8.53,2025-01-07 17:52:38.904066,0,0.59,66.64,0,1
E8564,ECG,4,6.15,2025-04-24 17:52:38.904066,1,0.56,26.84,2,0
E8565,ECG,8,5.55,2024-10-17 17:52:38.904066,1,0.64,68.2,3,1
E8566,Ventilator,0,18.89,2025-05-20 17:52:38.904066,0,0.17,35.52,1,1
E8567,ECG,1,10.04,2025-06-16 17:52:38.904066,1,0.12,33.2,0,0
E8568,MRI,3,17.8,2024-08-21 17:52:38.904066,0,0.78,46.64,1,1
E8569,Ultrasound,5,0.25,2025-07-11 17:52:38.904066,0,0.41,49.37,0,0
E8570,MRI,0,7.6,2025-04-10 17:52:38.904066,0,0.73,29.33,0,1
E8571,ECG,5,9.16,2025-04-13 17:52:38.904066,1,0.55,59.97,1,0
E8572,ECG,2,1.49,2025-01-22 17:52:38.904066,0,0.67,64.09,0,1
E8573,Ultrasound,6,1.2,2025-04-21 17:52:38.904066,0,0.41,25.71,1,0
E8574,Ultrasound,7,8.6,2025-05-16 17:52:38.904066,0,0.46,21.57,1,0
E8575,Ventilator,3,7.95,2025-04-01 17:52:38.904066,2,0.08,48.72,2,0
E8576,ECG,8,17.87,2024-10-05 17:52:38.904066,4,0.44,61.11,3,1
E8577,Ventilator,10,19.65,2024-09-16 17:52:38.904066,0,0.61,28.27,2,1
E8578,ECG,6,18.18,2024-11-09 17:52:38.904066,1,0.08,59.77,1,1
E8579,MRI,10,16.94,2025-03-14 17:52:38.904066,2,0.22,60.68,0,1
E8580,Ultrasound,11,9.63,2024-08-06 17:52:38.904066,0,0.65,48.55,0,1
E8581,Ventilator,9,19.2,2025-02-03 17:52:38.904066,1,0.42,48.01,3,1
E8582,MRI,1,1.55,2024-11-27 17:52:38.904066,1,0.5,26.06,3,1
E8583,Ultrasound,6,9.84,2024-12-24 17:52:38.904066,1,0.5,47.99,4,1
E8584,MRI,2,9.87,2024-10-31 17:52:38.904066,1,0.01,65.38,0,1
E8585,MRI,9,12.51,2025-05-26 17:52:38.904066,1,0.42,52.81,4,1
E8586,Ultrasound,14,18.61,2024-10-05 17:52:38.904066,0,0.5,38.65,1,1
E8587,MRI,3,15.16,2024-09-03 17:52:38.904066,1,0.59,25.48,1,1
E8588,MRI,6,10.17,2025-03-23 17:52:38.904066,1,0.48,48.28,1,0
E8589,Ventilator,3,8.93,2025-06-17 17:52:38.904066,0,0.16,68.92,1,1
E8590,Ultrasound,0,10.79,2024-11-08 17:52:38.904066,0,0.3,33.65,1,1
E8591,Ventilator,1,13.12,2025-07-13 17:52:38.904066,2,0.3,25.0,1,0
E8592,Ultrasound,6,11.56,2024-09-27 17:52:38.904066,1,0.37,33.14,2,1
E8593,Ultrasound,8,19.25,2025-03-31 17:52:38.904066,0,0.35,63.85,1,1
E8594,Ventilator,5,11.17,2025-03-13 17:52:38.904066,0,0.56,65.78,1,1
E8595,Ventilator,4,12.81,2024-11-15 17:52:38.904066,0,0.47,49.35,2,1
E8596,Ultrasound,15,3.2,2025-06-30 17:52:38.904066,1,0.11,46.06,4,1
E8597,ECG,2,19.34,2025-07-28 17:52:38.904066,1,0.68,50.93,0,1
E8598,Ultrasound,15,5.19,2025-08-01 17:52:38.904066,0,0.33,55.26,2,1
E8599,MRI,0,10.11,2024-12-11 17:52:38.904066,2,0.34,54.75,0,1
E8600,Ventilator,0,18.37,2025-02-10 17:52:38.904066,1,0.78,53.95,0,1
E8601,Ultrasound,6,13.54,2024-09-12 17:52:38.904066,1,0.28,56.73,0,1
E8602,Ultrasound,3,8.59,2025-06-17 17:52:38.904066,0,0.11,41.0,4,1
E8603,ECG,7,12.92,2025-07-07 17:52:38.904066,2,0.24,30.1,0,0
E8604,Ventilator,8,16.97,2024-11-30 17:52:38.904066,1,0.32,48.05,0,1
E8605,Ultrasound,3,6.53,2024-08-24 17:52:38.904066,0,0.64,27.0,1,1
E8606,Ultrasound,3,11.72,2024-12-06 17:52:38.904066,0,0.3,66.55,1,1
E8607,Ultrasound,7,4.87,2025-04-01 17:52:38.904066,1,0.45,64.12,1,1
E8608,MRI,4,0.87,2024-12-11 17:52:38.904066,1,0.29,28.25,2,1
E8609,Ultrasound,5,8.56,2024-12-08 17:52:38.904066,1,0.04,46.12,0,1
E8610,ECG,6,18.51,2025-01-11 17:52:38.904066,0,0.73,33.3,1,1
E8611,Ultrasound,4,3.81,2025-07-19 17:52:38.904066,0,0.22,62.78,2,1
E8612,ECG,8,12.28,2024-08-15 17:52:38.904066,2,0.72,65.43,2,1
E8613,Ventilator,10,10.2,2025-05-13 17:52:38.904066,1,0.53,25.49,2,1
E8614,Ventilator,2,3.41,2024-11-13 17:52:38.904066,0,0.02,39.21,2,1
E8615,Ventilator,1,6.9,2025-01-11 17:52:38.904066,1,0.06,38.17,0,1
E8616,MRI,0,11.28,2025-04-11 17:52:38.904066,0,0.57,27.25,0,0
E8617,Ultrasound,9,11.65,2025-05-31 17:52:38.904066,0,0.77,39.39,1,1
E8618,Ultrasound,3,14.13,2024-12-19 17:52:38.904066,0,0.61,33.17,0,1
E8619,ECG,4,16.42,2024-10-16 17:52:38.904066,0,0.43,49.54,0,1
E8620,Ultrasound,3,8.27,2024-08-20 17:52:38.904066,0,0.52,32.5,2,1
E8621,Ultrasound,5,1.66,2025-02-12 17:52:38.904066,3,0.66,66.18,1,1
E8622,Ventilator,0,7.31,2025-07-18 17:52:38.904066,1,0.5,38.34,1,0
E8623,Ventilator,3,7.43,2025-06-03 17:52:38.904066,0,0.6,41.24,1,0
E8624,Ultrasound,15,5.21,2024-09-26 17:52:38.904066,3,0.38,54.66,3,1
E8625,MRI,6,5.01,2024-08-15 17:52:38.904066,0,0.33,31.64,1,1
E8626,Ventilator,6,4.78,2025-05-05 17:52:38.904066,1,0.42,22.1,4,1
E8627,ECG,1,12.7,2025-02-10 17:52:38.904066,1,0.79,48.06,0,1
E8628,Ventilator,0,6.87,2024-10-07 17:52:38.904066,0,0.73,31.54,1,1
E8629,ECG,2,12.61,2024-12-06 17:52:38.904066,2,0.3,52.72,1,1
E8630,Ventilator,3,15.23,2025-04-03 17:52:38.904066,0,0.25,59.56,0,0
E8631,ECG,3,18.47,2025-02-10 17:52:38.904066,0,0.26,61.17,1,1
E8632,ECG,8,12.47,2025-07-25 17:52:38.904066,0,0.64,52.86,1,1
E8633,MRI,13,13.84,2024-08-24 17:52:38.904066,0,0.04,30.23,3,1
E8634,ECG,12,13.08,2024-08-21 17:52:38.904066,0,0.05,54.23,0,1
E8635,ECG,15,10.7,2025-01-16 17:52:38.904066,1,0.75,46.55,0,1
E8636,ECG,6,17.84,2025-01-24 17:52:38.904066,1,0.5,54.36,2,1
E8637,Ventilator,1,4.31,2024-09-10 17:52:38.904066,0,0.16,30.2,1,1
E8638,ECG,7,1.42,2025-05-09 17:52:38.904066,0,0.21,59.71,0,0
E8639,Ventilator,0,13.53,2024-09-15 17:52:38.904066,0,0.1,60.01,2,1
E8640,Ultrasound,13,5.92,2024-08-07 17:52:38.904066,2,0.4,57.45,1,1
E8641,Ventilator,5,11.63,2025-03-20 17:52:38.904066,0,0.51,47.45,1,0
E8642,MRI,7,8.49,2024-11-04 17:52:38.904066,0,0.79,66.1,2,1
E8643,Ultrasound,4,14.72,2025-02-09 17:52:38.904066,0,0.33,66.88,3,1
E8644,Ultrasound,4,7.54,2025-04-07 17:52:38.904066,2,0.03,34.43,0,0
E8645,Ventilator,6,16.72,2024-12-31 17:52:38.904066,1,0.37,28.93,0,1
E8646,MRI,3,11.81,2025-07-29 17:52:38.904066,0,0.61,33.69,0,1
E8647,MRI,1,0.33,2025-06-18 17:52:38.904066,0,0.73,43.36,1,1
E8648,MRI,8,15.66,2024-10-25 17:52:38.904066,2,0.75,48.17,2,1
E8649,ECG,1,4.55,2024-10-10 17:52:38.904066,2,0.12,20.8,1,1
E8650,Ultrasound,5,14.71,2025-04-29 17:52:38.904066,1,0.45,54.72,2,0
E8651,Ventilator,7,18.54,2025-06-24 17:52:38.904066,2,0.71,58.07,1,1
E8652,MRI,15,13.17,2025-02-07 17:52:38.904066,0,0.69,30.71,2,1
E8653,MRI,3,6.02,2025-05-28 17:52:38.904066,0,0.04,51.68,0,0
E8654,Ventilator,15,12.23,2025-04-28 17:52:38.904066,1,0.09,52.9,4,1
E8655,MRI,5,11.56,2024-08-28 17:52:38.904066,0,0.62,55.2,2,1
E8656,MRI,2,5.87,2024-12-18 17:52:38.904066,2,0.1,52.51,1,1
E8657,MRI,12,10.23,2025-02-26 17:52:38.904066,0,0.07,37.21,3,1
E8658,MRI,10,14.94,2025-04-13 17:52:38.904066,0,0.15,42.18,1,1
E8659,ECG,4,12.16,2025-03-16 17:52:38.904066,1,0.76,44.5,1,1
E8660,ECG,13,15.22,2024-08-12 17:52:38.904066,1,0.24,59.22,1,1
E8661,Ventilator,0,1.34,2025-07-27 17:52:38.904066,2,0.73,28.93,3,1
E8662,Ultrasound,9,16.17,2024-08-23 17:52:38.904066,0,0.2,57.71,4,1
E8663,ECG,0,9.92,2024-10-05 17:52:38.904066,0,0.77,48.96,4,1
E8664,ECG,2,17.75,2024-09-17 17:52:38.904066,1,0.36,46.74,2,1
E8665,ECG,10,17.77,2025-07-07 17:52:38.904066,2,0.17,61.94,2,1
E8666,MRI,0,5.62,2025-03-25 17:52:38.904066,0,0.41,38.04,2,0
E8667,MRI,0,9.82,2024-10-04 17:52:38.904066,0,0.62,20.5,0,1
E8668,MRI,9,12.86,2024-11-13 17:52:38.904066,1,0.63,63.67,0,1
E8669,Ventilator,7,17.11,2024-09-10 17:52:38.904066,0,0.12,22.31,2,1
E8670,MRI,3,18.04,2024-08-06 17:52:38.904066,0,0.0,37.75,3,1
E8671,MRI,14,19.44,2025-06-18 17:52:38.904066,0,0.08,31.87,6,1
E8672,Ultrasound,0,16.26,2025-01-16 17:52:38.904066,3,0.74,59.91,0,1
E8673,MRI,9,0.27,2024-10-23 17:52:38.904066,1,0.11,21.61,2,1
E8674,Ultrasound,4,18.87,2025-06-03 17:52:38.904066,1,0.02,54.03,1,1
E8675,Ultrasound,4,11.7,2024-09-27 17:52:38.904066,0,0.5,31.64,0,1
E8676,Ultrasound,1,18.13,2025-05-05 17:52:38.904066,1,0.31,26.64,2,1
E8677,Ventilator,9,19.47,2025-04-23 17:52:38.904066,0,0.24,29.5,1,1
E8678,Ventilator,2,6.2,2025-01-06 17:52:38.904066,0,0.13,25.19,2,1
E8679,Ventilator,10,17.8,2025-05-09 17:52:38.904066,1,0.25,24.67,3,1
E8680,MRI,8,6.63,2025-03-21 17:52:38.904066,1,0.37,54.52,1,0
E8681,ECG,9,10.53,2025-05-20 17:52:38.904066,2,0.47,34.55,0,1
E8682,MRI,2,8.71,2024-12-09 17:52:38.904066,1,0.62,54.64,1,1
E8683,MRI,5,4.87,2025-03-04 17:52:38.904066,0,0.16,38.68,1,0
E8684,Ventilator,4,8.92,2025-06-03 17:52:38.904066,0,0.44,55.25,3,0
E8685,Ventilator,2,11.31,2024-12-27 17:52:38.904066,0,0.71,50.45,0,1
E8686,Ultrasound,3,7.33,2025-08-05 17:52:38.904066,0,0.29,24.64,1,0
E8687,MRI,3,15.24,2024-10-26 17:52:38.904066,0,0.32,51.31,2,1
E8688,Ventilator,4,6.16,2025-02-26 17:52:38.904066,1,0.1,33.28,3,0
E8689,Ultrasound,8,14.35,2025-06-20 17:52:38.904066,1,0.08,55.36,2,0
E8690,Ultrasound,0,3.67,2025-05-09 17:52:38.904066,3,0.54,54.6,1,1
E8691,Ventilator,0,1.88,2024-09-18 17:52:38.904066,1,0.34,28.2,1,1
E8692,Ultrasound,4,9.58,2025-05-18 17:52:38.904066,2,0.51,30.7,1,0
E8693,Ventilator,0,19.78,2025-02-04 17:52:38.904066,0,0.41,55.26,0,1
E8694,MRI,3,15.83,2025-02-14 17:52:38.904066,0,0.32,57.61,2,0
E8695,MRI,6,18.31,2025-05-26 17:52:38.904066,0,0.6,37.46,1,1
E8696,Ventilator,5,17.41,2025-08-01 17:52:38.904066,0,0.74,44.61,3,1
E8697,Ultrasound,6,3.83,2024-10-01 17:52:38.904066,1,0.59,39.43,1,1
E8698,MRI,4,13.65,2024-10-24 17:52:38.904066,0,0.69,59.01,3,1
E8699,Ultrasound,8,5.73,2025-04-30 17:52:38.904066,0,0.18,33.9,0,0
E8700,Ventilator,3,13.1,2024-08-09 17:52:38.904066,0,0.77,20.96,1,1
E8701,ECG,1,1.16,2025-03-21 17:52:38.904066,1,0.08,30.14,2,0
E8702,Ventilator,9,3.38,2025-02-16 17:52:38.904066,2,0.32,48.62,1,1
E8703,Ventilator,10,4.61,2025-05-25 17:52:38.904066,1,0.6,63.62,0,1
E8704,Ultrasound,5,2.03,2025-02-17 17:52:38.904066,1,0.76,49.3,4,1
E8705,Ventilator,4,9.96,2025-06-12 17:52:38.904066,1,0.42,59.32,5,1
E8706,MRI,3,17.63,2024-10-19 17:52:38.904066,1,0.66,52.19,3,1
E8707,Ventilator,6,7.19,2024-09-25 17:52:38.904066,1,0.77,58.89,2,1
E8708,MRI,6,7.04,2025-06-07 17:52:38.904066,1,0.02,63.29,2,1
E8709,Ventilator,7,15.03,2024-11-11 17:52:38.904066,0,0.36,32.09,2,1
E8710,Ventilator,0,1.99,2024-09-23 17:52:38.904066,2,0.46,35.11,2,1
E8711,Ventilator,5,2.03,2024-11-30 17:52:38.904066,0,0.06,56.62,0,1
E8712,ECG,13,11.23,2025-07-15 17:52:38.904066,0,0.31,64.51,4,1
E8713,Ultrasound,6,18.48,2025-05-14 17:52:38.904066,1,0.2,63.62,2,1
E8714,MRI,3,14.64,2025-05-14 17:52:38.904066,2,0.07,27.05,0,0
E8715,ECG,6,17.27,2025-02-05 17:52:38.904066,2,0.13,69.4,2,1
E8716,Ventilator,4,7.78,2024-09-08 17:52:38.904066,1,0.66,51.81,5,1
E8717,Ultrasound,3,6.29,2025-01-10 17:52:38.904066,2,0.63,68.44,3,1
E8718,MRI,8,18.08,2025-01-27 17:52:38.904066,1,0.1,56.36,3,1
E8719,MRI,3,8.05,2024-11-19 17:52:38.904066,1,0.04,63.64,1,1
E8720,Ultrasound,2,12.04,2024-12-24 17:52:38.904066,1,0.32,42.17,0,1
E8721,Ultrasound,4,12.35,2024-09-26 17:52:38.904066,2,0.51,49.18,1,1
E8722,ECG,8,12.93,2025-02-15 17:52:38.904066,2,0.31,25.35,2,0
E8723,MRI,4,0.88,2025-05-11 17:52:38.904066,2,0.19,69.24,1,1
E8724,MRI,3,12.17,2024-12-01 17:52:38.904066,0,0.4,27.42,3,1
E8725,MRI,10,7.19,2025-07-14 17:52:38.904066,0,0.32,22.3,0,1
E8726,Ventilator,9,5.21,2025-04-24 17:52:38.904066,0,0.51,26.32,2,1
E8727,MRI,7,9.37,2025-08-05 17:52:38.904066,0,0.25,33.72,1,0
E8728,MRI,6,12.09,2024-10-27 17:52:38.904066,2,0.16,41.44,2,1
E8729,ECG,6,2.03,2024-12-11 17:52:38.904066,1,0.44,69.82,3,1
E8730,Ultrasound,3,6.19,2025-05-14 17:52:38.904066,1,0.71,23.9,1,1
E8731,Ultrasound,6,8.22,2025-03-22 17:52:38.904066,2,0.25,67.55,5,1
E8732,Ventilator,2,13.97,2025-01-03 17:52:38.904066,0,0.56,55.31,0,1
E8733,MRI,4,10.98,2024-10-24 17:52:38.904066,1,0.49,57.64,1,1
E8734,Ultrasound,4,3.49,2025-07-19 17:52:38.904066,1,0.47,64.24,2,1
E8735,Ultrasound,3,19.23,2025-01-02 17:52:38.904066,3,0.46,41.8,0,1
E8736,Ventilator,12,9.06,2025-03-10 17:52:38.904066,0,0.27,36.21,2,1
E8737,Ultrasound,11,7.82,2024-11-20 17:52:38.904066,0,0.58,63.05,2,1
E8738,MRI,6,19.22,2024-12-03 17:52:38.904066,0,0.28,50.32,2,1
E8739,Ultrasound,1,13.71,2024-09-03 17:52:38.904066,0,0.31,20.26,3,1
E8740,ECG,0,17.36,2025-02-10 17:52:38.904066,1,0.79,47.32,2,1
E8741,ECG,5,6.44,2024-09-03 17:52:38.904066,1,0.37,53.8,1,1
E8742,ECG,6,1.82,2025-03-10 17:52:38.904066,2,0.39,23.93,0,0
E8743,Ultrasound,2,4.14,2024-12-20 17:52:38.904066,1,0.2,29.97,0,1
E8744,Ultrasound,3,12.49,2025-02-05 17:52:38.904066,1,0.17,33.32,3,1
E8745,ECG,0,19.01,2025-07-16 17:52:38.904066,0,0.45,30.07,0,1
E8746,Ultrasound,5,17.45,2024-09-10 17:52:38.904066,0,0.65,51.61,2,1
E8747,Ultrasound,0,7.44,2025-02-03 17:52:38.904066,0,0.77,42.4,2,1
E8748,MRI,4,8.52,2024-09-24 17:52:38.904066,1,0.78,35.31,2,1
E8749,MRI,3,19.64,2024-12-12 17:52:38.904066,2,0.07,52.65,0,1
E8750,Ultrasound,12,17.72,2025-05-27 17:52:38.904066,0,0.56,33.36,4,1
E8751,MRI,7,17.93,2025-03-05 17:52:38.904066,1,0.39,52.99,1,1
E8752,ECG,5,9.37,2025-03-22 17:52:38.904066,1,0.36,49.71,1,0
E8753,Ultrasound,6,0.08,2024-12-13 17:52:38.904066,0,0.56,60.8,2,1
E8754,ECG,1,3.4,2025-02-20 17:52:38.904066,1,0.39,61.28,1,1
E8755,Ventilator,9,18.87,2025-06-11 17:52:38.904066,0,0.49,48.48,1,1
E8756,ECG,10,7.78,2024-09-06 17:52:38.904066,2,0.19,66.7,0,1
E8757,Ultrasound,5,12.15,2025-05-13 17:52:38.904066,0,0.06,49.87,1,0
E8758,Ventilator,4,8.98,2025-03-17 17:52:38.904066,1,0.61,44.65,1,1
E8759,Ultrasound,7,18.33,2025-05-10 17:52:38.904066,1,0.7,45.91,2,1
E8760,ECG,6,4.43,2024-08-21 17:52:38.904066,1,0.38,42.35,1,1
E8761,MRI,8,16.48,2024-09-29 17:52:38.904066,0,0.71,48.68,0,1
E8762,MRI,12,19.91,2025-02-12 17:52:38.904066,1,0.46,22.35,2,1
E8763,Ultrasound,6,6.61,2025-06-23 17:52:38.904066,2,0.54,44.56,0,0
E8764,Ventilator,2,11.31,2024-11-15 17:52:38.904066,1,0.6,42.21,1,1
E8765,Ultrasound,7,11.74,2024-08-31 17:52:38.904066,0,0.15,46.46,0,1
E8766,Ventilator,6,17.95,2025-02-07 17:52:38.904066,3,0.52,68.86,2,1
E8767,ECG,0,0.22,2025-02-09 17:52:38.904066,1,0.67,69.37,1,1
E8768,Ultrasound,6,19.04,2025-03-29 17:52:38.904066,0,0.72,62.22,0,1
E8769,Ultrasound,5,2.94,2025-04-03 17:52:38.904066,2,0.17,54.62,2,0
E8770,Ultrasound,6,11.79,2024-10-03 17:52:38.904066,2,0.52,67.52,2,1
E8771,MRI,13,6.37,2024-12-29 17:52:38.904066,0,0.22,33.27,2,1
E8772,Ventilator,7,11.05,2025-02-18 17:52:38.904066,0,0.6,61.11,3,1
E8773,MRI,4,16.14,2025-01-18 17:52:38.904066,1,0.26,59.85,0,1
E8774,Ultrasound,0,14.57,2024-12-02 17:52:38.904066,1,0.77,61.05,3,1
E8775,ECG,4,0.21,2024-12-09 17:52:38.904066,1,0.32,64.45,1,1
E8776,Ventilator,0,3.12,2024-10-18 17:52:38.904066,1,0.42,35.19,1,1
E8777,MRI,5,19.41,2025-01-27 17:52:38.904066,0,0.27,33.26,0,1
E8778,ECG,7,17.32,2025-01-10 17:52:38.904066,3,0.41,36.9,1,1
E8779,ECG,5,17.92,2025-03-16 17:52:38.904066,2,0.26,67.79,0,1
E8780,Ventilator,14,5.39,2024-12-30 17:52:38.904066,0,0.32,65.69,0,1
E8781,ECG,8,16.36,2025-03-11 17:52:38.904066,0,0.42,23.11,3,1
E8782,ECG,6,15.11,2025-06-05 17:52:38.904066,4,0.26,23.36,3,1
E8783,Ultrasound,8,6.23,2025-01-06 17:52:38.904066,2,0.04,37.18,3,1
E8784,Ultrasound,5,6.28,2025-07-04 17:52:38.904066,3,0.2,29.69,0,1
E8785,Ultrasound,0,9.0,2024-12-04 17:52:38.904066,3,0.44,33.63,1,1
E8786,MRI,6,10.64,2024-10-28 17:52:38.904066,0,0.61,52.28,1,1
E8787,MRI,0,7.52,2024-12-16 17:52:38.904066,0,0.58,53.4,0,1
E8788,Ultrasound,0,2.94,2024-08-12 17:52:38.904066,2,0.51,69.32,4,1
E8789,Ventilator,9,13.35,2024-08-23 17:52:38.904066,0,0.63,33.75,3,1
E8790,MRI,5,15.13,2025-01-12 17:52:38.904066,0,0.48,25.76,3,1
E8791,MRI,0,18.63,2024-09-22 17:52:38.904066,0,0.11,31.07,0,1
E8792,ECG,10,8.23,2025-06-05 17:52:38.904066,0,0.18,43.82,0,1
E8793,Ultrasound,8,16.35,2025-07-03 17:52:38.904066,0,0.73,42.3,2,1
E8794,MRI,0,11.05,2025-04-29 17:52:38.904066,0,0.76,38.55,5,1
E8795,Ventilator,2,4.44,2024-11-28 17:52:38.904066,2,0.32,35.47,0,1
E8796,Ultrasound,4,0.01,2025-07-26 17:52:38.904066,0,0.43,43.84,2,0
E8797,Ventilator,8,16.88,2024-11-03 17:52:38.904066,3,0.33,28.28,1,1
E8798,MRI,0,8.49,2024-10-09 17:52:38.904066,1,0.32,59.1,1,1
E8799,ECG,6,12.08,2024-09-21 17:52:38.904066,3,0.43,25.92,2,1
E8800,Ultrasound,9,0.93,2025-01-20 17:52:38.904066,0,0.28,57.13,1,1
E8801,Ultrasound,3,8.37,2025-02-07 17:52:38.904066,1,0.49,32.59,1,0
E8802,ECG,0,9.94,2025-05-20 17:52:38.904066,3,0.61,27.59,3,1
E8803,Ultrasound,0,17.97,2024-10-08 17:52:38.904066,1,0.1,35.09,1,1
E8804,ECG,2,1.15,2024-08-20 17:52:38.904066,2,0.11,43.84,1,1
E8805,Ventilator,8,5.13,2024-10-05 17:52:38.904066,2,0.25,30.51,3,1
E8806,MRI,8,17.8,2025-01-10 17:52:38.904066,1,0.72,54.41,1,1
E8807,ECG,0,6.0,2025-01-06 17:52:38.904066,2,0.45,65.8,1,1
E8808,Ventilator,4,13.91,2024-12-08 17:52:38.904066,2,0.01,32.56,3,1
E8809,Ultrasound,7,7.41,2024-08-10 17:52:38.904066,0,0.04,30.99,4,1
E8810,Ultrasound,2,14.32,2025-04-27 17:52:38.904066,0,0.48,55.03,2,0
E8811,ECG,7,5.16,2025-05-06 17:52:38.904066,0,0.65,21.11,1,1
E8812,Ultrasound,6,16.22,2024-12-25 17:52:38.904066,2,0.04,52.02,2,1
E8813,Ventilator,7,2.89,2024-11-30 17:52:38.904066,2,0.32,25.57,0,1
E8814,Ventilator,12,11.74,2024-12-28 17:52:38.904066,0,0.64,62.07,4,1
E8815,Ultrasound,9,14.64,2024-11-28 17:52:38.904066,1,0.58,47.09,2,1
E8816,Ventilator,1,13.65,2025-04-29 17:52:38.904066,2,0.07,34.29,2,0
E8817,Ultrasound,3,11.99,2025-04-17 17:52:38.904066,0,0.73,25.38,2,1
E8818,Ultrasound,14,17.69,2025-03-04 17:52:38.904066,0,0.5,44.21,0,1
E8819,MRI,7,4.51,2025-06-14 17:52:38.904066,0,0.45,62.61,0,1
E8820,ECG,1,8.48,2025-05-25 17:52:38.904066,0,0.33,50.03,3,0
E8821,Ultrasound,7,9.59,2024-11-25 17:52:38.904066,0,0.11,65.57,2,1
E8822,ECG,0,17.68,2025-05-27 17:52:38.904066,0,0.49,58.55,2,1
E8823,Ventilator,6,9.44,2024-11-13 17:52:38.904066,2,0.22,68.68,2,1
E8824,Ventilator,6,7.5,2024-11-28 17:52:38.904066,3,0.74,32.0,0,1
E8825,MRI,2,19.12,2025-01-02 17:52:38.904066,1,0.45,30.61,0,1
E8826,MRI,8,19.83,2025-04-16 17:52:38.904066,0,0.41,50.98,0,1
E8827,Ultrasound,0,1.7,2024-10-31 17:52:38.904066,1,0.33,21.91,0,1
E8828,ECG,12,13.54,2024-12-26 17:52:38.904066,1,0.11,42.21,3,1
E8829,Ventilator,7,14.82,2025-04-23 17:52:38.904066,1,0.54,42.66,6,1
E8830,ECG,4,16.23,2025-01-27 17:52:38.904066,0,0.69,38.49,3,1
E8831,MRI,2,18.32,2024-11-15 17:52:38.904066,2,0.6,62.7,0,1
E8832,Ventilator,9,4.73,2024-12-14 17:52:38.904066,0,0.34,51.98,2,1
E8833,ECG,0,12.9,2025-01-13 17:52:38.904066,1,0.79,60.76,0,1
E8834,MRI,12,9.15,2025-05-21 17:52:38.904066,0,0.26,24.18,1,1
E8835,ECG,5,2.39,2024-12-02 17:52:38.904066,0,0.64,54.83,0,1
E8836,MRI,2,3.96,2024-10-04 17:52:38.904066,0,0.1,59.04,2,1
E8837,Ultrasound,3,19.5,2025-04-02 17:52:38.904066,2,0.43,47.7,0,1
E8838,Ultrasound,5,7.31,2024-11-19 17:52:38.904066,1,0.11,35.34,2,1
E8839,Ventilator,8,19.09,2025-02-18 17:52:38.904066,2,0.79,58.08,2,1
E8840,ECG,6,3.86,2025-05-01 17:52:38.904066,0,0.07,63.08,2,1
E8841,MRI,5,3.63,2025-03-01 17:52:38.904066,1,0.69,31.65,5,1
E8842,MRI,13,3.71,2025-05-12 17:52:38.904066,0,0.26,57.65,1,1
E8843,Ultrasound,8,5.43,2025-07-28 17:52:38.904066,0,0.39,65.02,0,1
E8844,MRI,0,19.98,2025-06-19 17:52:38.904066,1,0.37,53.35,3,1
E8845,Ventilator,9,11.39,2024-08-24 17:52:38.904066,1,0.46,43.58,2,1
E8846,ECG,0,13.13,2025-04-12 17:52:38.904066,0,0.53,60.21,2,1
E8847,Ventilator,7,12.75,2025-05-13 17:52:38.904066,1,0.01,43.03,2,0
E8848,MRI,12,11.51,2025-04-01 17:52:38.904066,0,0.64,60.72,2,1
E8849,MRI,11,16.97,2025-01-12 17:52:38.904066,2,0.16,37.08,1,1
E8850,Ventilator,1,10.86,2024-08-08 17:52:38.904066,0,0.05,61.52,1,1
E8851,MRI,1,0.18,2024-09-04 17:52:38.904066,1,0.04,41.32,3,1
E8852,Ventilator,15,3.38,2024-11-18 17:52:38.904066,0,0.65,64.26,0,1
E8853,MRI,0,7.88,2025-07-24 17:52:38.904066,1,0.78,40.88,1,1
E8854,Ultrasound,6,7.48,2024-08-28 17:52:38.904066,0,0.29,20.42,0,1
E8855,MRI,12,9.11,2025-07-07 17:52:38.904066,0,0.57,67.07,1,1
E8856,ECG,11,8.18,2025-05-29 17:52:38.904066,0,0.01,57.46,1,1
E8857,ECG,4,14.45,2025-01-25 17:52:38.904066,3,0.22,48.68,2,1
E8858,Ultrasound,2,19.68,2025-01-01 17:52:38.904066,0,0.14,23.65,0,1
E8859,ECG,11,10.65,2024-12-15 17:52:38.904066,2,0.39,59.59,2,1
E8860,Ventilator,3,4.24,2025-02-19 17:52:38.904066,1,0.09,30.63,2,0
E8861,Ultrasound,0,3.07,2025-05-05 17:52:38.904066,0,0.13,34.6,0,0
E8862,MRI,2,5.4,2025-04-17 17:52:38.904066,0,0.06,35.36,2,0
E8863,Ultrasound,3,19.17,2025-04-26 17:52:38.904066,1,0.54,46.52,2,1
E8864,Ventilator,0,11.21,2024-11-20 17:52:38.904066,1,0.4,41.72,6,1
E8865,Ventilator,8,1.64,2025-06-18 17:52:38.904066,1,0.37,41.55,3,0
E8866,Ultrasound,4,8.0,2025-07-30 17:52:38.904066,1,0.24,46.05,5,1
E8867,ECG,8,2.78,2025-03-09 17:52:38.904066,0,0.24,46.09,1,0
E8868,Ultrasound,0,4.46,2025-05-28 17:52:38.904066,2,0.04,47.15,0,0
E8869,Ventilator,10,10.27,2024-12-04 17:52:38.904066,2,0.55,44.7,5,1
E8870,MRI,0,19.8,2025-03-15 17:52:38.904066,2,0.77,38.75,1,1
E8871,MRI,12,15.54,2024-10-17 17:52:38.904066,1,0.12,49.95,2,1
E8872,Ultrasound,3,5.68,2025-01-20 17:52:38.904066,0,0.2,48.72,4,1
E8873,Ultrasound,8,2.41,2025-07-21 17:52:38.904066,1,0.25,44.33,1,0
E8874,ECG,5,15.0,2024-12-13 17:52:38.904066,1,0.1,24.99,0,1
E8875,ECG,0,4.27,2024-10-12 17:52:38.904066,0,0.62,42.17,2,1
E8876,Ultrasound,2,15.62,2025-07-26 17:52:38.904066,1,0.54,33.98,3,0
E8877,MRI,5,9.27,2025-07-24 17:52:38.904066,0,0.39,50.07,0,0
E8878,MRI,7,7.6,2025-05-01 17:52:38.904066,1,0.22,65.57,1,1
E8879,ECG,5,9.28,2025-07-05 17:52:38.904066,0,0.29,46.14,0,0
E8880,MRI,5,3.69,2024-12-13 17:52:38.904066,2,0.04,54.77,0,1
E8881,ECG,4,15.09,2025-07-28 17:52:38.904066,0,0.35,33.17,1,0
E8882,Ultrasound,7,13.35,2025-07-04 17:52:38.904066,1,0.46,20.98,1,0
E8883,Ventilator,0,16.43,2024-11-30 17:52:38.904066,0,0.76,25.18,1,1
E8884,ECG,3,15.09,2025-05-13 17:52:38.904066,0,0.26,55.51,4,1
E8885,Ultrasound,6,7.59,2025-02-07 17:52:38.904066,1,0.73,51.66,2,1
E8886,Ultrasound,4,9.25,2025-01-20 17:52:38.904066,0,0.41,54.42,3,1
E8887,Ventilator,0,1.47,2024-08-06 17:52:38.904066,0,0.26,23.68,0,1
E8888,MRI,3,11.48,2024-11-22 17:52:38.904066,3,0.51,34.75,1,1
E8889,ECG,1,17.69,2025-04-13 17:52:38.904066,1,0.55,23.32,2,1
E8890,Ultrasound,5,0.01,2025-05-15 17:52:38.904066,2,0.76,51.4,2,1
E8891,ECG,9,10.56,2025-07-23 17:52:38.904066,2,0.12,41.97,2,1
E8892,Ventilator,6,6.17,2025-01-18 17:52:38.904066,3,0.39,24.03,3,1
E8893,MRI,6,4.39,2025-02-01 17:52:38.904066,0,0.22,36.65,3,1
E8894,Ventilator,4,1.31,2024-11-10 17:52:38.904066,0,0.06,43.8,2,1
E8895,Ventilator,8,19.87,2024-09-05 17:52:38.904066,2,0.02,36.37,1,1
E8896,MRI,3,10.09,2025-06-08 17:52:38.904066,1,0.62,50.0,2,1
E8897,ECG,0,13.6,2024-12-21 17:52:38.904066,1,0.12,54.31,0,1
E8898,ECG,0,1.77,2025-04-25 17:52:38.904066,2,0.71,51.18,3,1
E8899,Ultrasound,3,4.95,2024-12-26 17:52:38.904066,2,0.62,69.4,1,1
E8900,Ultrasound,5,16.23,2024-08-27 17:52:38.904066,0,0.33,46.1,1,1
E8901,MRI,3,14.39,2025-07-15 17:52:38.904066,3,0.32,52.69,1,1
E8902,ECG,5,13.87,2024-08-17 17:52:38.904066,1,0.76,56.06,1,1
E8903,ECG,8,0.96,2025-01-02 17:52:38.904066,2,0.36,41.56,0,1
E8904,Ventilator,11,4.46,2024-09-17 17:52:38.904066,0,0.1,58.4,1,1
E8905,Ultrasound,1,0.08,2025-04-21 17:52:38.904066,1,0.04,58.17,2,0
E8906,Ultrasound,7,8.17,2025-07-04 17:52:38.904066,0,0.02,26.47,1,0
E8907,Ultrasound,5,7.1,2025-04-16 17:52:38.904066,1,0.34,34.69,2,0
E8908,Ultrasound,6,12.92,2025-06-29 17:52:38.904066,0,0.66,52.57,1,1
E8909,ECG,11,0.44,2024-08-09 17:52:38.904066,1,0.28,60.92,1,1
E8910,MRI,2,6.36,2025-01-29 17:52:38.904066,0,0.57,56.31,3,1
E8911,Ultrasound,4,16.3,2025-06-11 17:52:38.904066,2,0.61,48.78,1,1
E8912,Ventilator,0,14.28,2025-01-14 17:52:38.904066,2,0.26,27.62,0,1
E8913,MRI,5,6.8,2024-09-13 17:52:38.904066,0,0.51,60.52,0,1
E8914,Ultrasound,9,16.09,2024-12-30 17:52:38.904066,4,0.06,32.41,2,1
E8915,MRI,8,19.05,2024-10-08 17:52:38.904066,0,0.59,37.04,1,1
E8916,Ultrasound,0,13.96,2025-01-30 17:52:38.904066,0,0.12,32.81,1,1
E8917,MRI,3,2.14,2025-07-24 17:52:38.904066,0,0.0,56.25,4,1
E8918,Ultrasound,5,0.5,2025-06-30 17:52:38.904066,0,0.21,21.01,1,0
E8919,ECG,7,17.8,2025-08-01 17:52:38.904066,2,0.27,41.11,5,1
E8920,ECG,11,1.56,2024-11-18 17:52:38.904066,1,0.53,44.03,2,1
E8921,MRI,7,8.47,2025-05-06 17:52:38.904066,0,0.72,48.56,1,1
E8922,Ultrasound,3,2.56,2025-01-26 17:52:38.904066,0,0.37,67.91,2,1
E8923,Ventilator,11,19.42,2025-05-06 17:52:38.904066,0,0.37,54.51,2,1
E8924,Ventilator,4,3.55,2024-11-11 17:52:38.904066,1,0.61,20.84,0,1
E8925,Ultrasound,15,8.06,2024-08-20 17:52:38.904066,1,0.42,59.91,2,1
E8926,Ultrasound,7,2.5,2024-09-10 17:52:38.904066,1,0.78,60.66,2,1
E8927,Ventilator,8,19.59,2024-09-02 17:52:38.904066,0,0.45,66.85,2,1
E8928,Ventilator,10,5.01,2024-09-13 17:52:38.904066,3,0.15,60.72,0,1
E8929,Ventilator,0,15.06,2025-05-07 17:52:38.904066,1,0.27,56.11,1,0
E8930,Ultrasound,8,9.57,2024-12-08 17:52:38.904066,2,0.52,38.2,2,1
E8931,Ultrasound,7,6.95,2024-12-28 17:52:38.904066,1,0.28,44.53,0,1
E8932,ECG,5,14.46,2025-06-21 17:52:38.904066,3,0.1,58.93,2,1
E8933,Ultrasound,3,8.52,2025-07-04 17:52:38.904066,0,0.31,22.92,3,0
E8934,ECG,5,5.8,2025-03-05 17:52:38.904066,0,0.76,51.17,1,1
E8935,ECG,9,2.31,2025-01-29 17:52:38.904066,0,0.11,59.84,2,1
E8936,MRI,8,1.07,2024-09-07 17:52:38.904066,3,0.48,56.42,2,1
E8937,MRI,5,7.19,2025-04-28 17:52:38.904066,1,0.31,24.58,2,0
E8938,Ventilator,8,7.68,2025-02-08 17:52:38.904066,0,0.17,60.6,3,1
E8939,Ultrasound,3,4.02,2025-07-14 17:52:38.904066,2,0.44,31.58,4,1
E8940,ECG,0,5.29,2025-02-02 17:52:38.904066,0,0.67,58.09,1,1
E8941,Ultrasound,6,6.6,2024-10-22 17:52:38.904066,1,0.45,46.29,0,1
E8942,Ventilator,0,7.99,2025-08-04 17:52:38.904066,3,0.41,63.69,1,1
E8943,Ventilator,6,7.96,2025-05-16 17:52:38.904066,0,0.15,30.78,0,0
E8944,ECG,2,18.63,2025-01-13 17:52:38.904066,2,0.07,63.58,1,1
E8945,Ultrasound,4,3.72,2024-10-08 17:52:38.904066,1,0.59,44.57,2,1
E8946,Ultrasound,7,17.88,2025-04-15 17:52:38.904066,2,0.4,65.46,1,1
E8947,ECG,10,7.59,2024-11-06 17:52:38.904066,0,0.05,50.86,1,1
E8948,Ultrasound,6,3.75,2024-08-25 17:52:38.904066,0,0.67,65.47,1,1
E8949,MRI,0,6.87,2024-09-02 17:52:38.904066,1,0.75,54.97,0,1
E8950,ECG,9,6.12,2025-05-08 17:52:38.904066,0,0.28,49.88,1,1
E8951,ECG,14,17.8,2025-06-06 17:52:38.904066,2,0.31,21.23,1,1
E8952,Ventilator,2,6.69,2024-09-21 17:52:38.904066,0,0.24,34.32,3,1
E8953,Ventilator,4,16.59,2024-08-29 17:52:38.904066,0,0.46,28.86,0,1
E8954,Ventilator,3,4.61,2024-08-31 17:52:38.904066,1,0.55,45.43,2,1
E8955,Ventilator,6,8.23,2024-12-03 17:52:38.904066,0,0.73,57.46,0,1
E8956,Ventilator,5,2.88,2024-12-11 17:52:38.904066,1,0.4,41.48,3,1
E8957,ECG,4,4.75,2024-12-31 17:52:38.904066,1,0.71,30.17,0,1
E8958,Ultrasound,0,0.67,2025-04-14 17:52:38.904066,0,0.17,61.05,2,1
E8959,MRI,11,3.54,2025-01-19 17:52:38.904066,1,0.48,33.42,0,1
E8960,MRI,8,1.14,2024-10-02 17:52:38.904066,1,0.07,24.34,0,1
E8961,Ventilator,8,5.0,2025-01-24 17:52:38.904066,1,0.03,51.58,1,1
E8962,ECG,1,3.11,2025-01-25 17:52:38.904066,1,0.19,42.29,0,1
E8963,ECG,8,6.28,2025-06-10 17:52:38.904066,2,0.09,34.92,3,0
E8964,Ventilator,1,12.58,2024-09-05 17:52:38.904066,1,0.12,62.48,1,1
E8965,Ultrasound,7,14.37,2025-06-30 17:52:38.904066,0,0.27,44.29,1,0
E8966,ECG,3,18.82,2025-01-02 17:52:38.904066,1,0.46,51.93,1,1
E8967,Ventilator,2,3.55,2024-12-07 17:52:38.904066,0,0.27,64.37,0,1
E8968,MRI,2,3.29,2024-11-03 17:52:38.904066,1,0.59,37.21,1,1
E8969,Ultrasound,8,5.71,2025-07-09 17:52:38.904066,0,0.31,67.68,0,1
E8970,ECG,1,6.54,2025-01-23 17:52:38.904066,1,0.1,58.12,1,1
E8971,ECG,3,3.71,2025-01-31 17:52:38.904066,1,0.03,63.52,3,1
E8972,Ventilator,7,11.25,2025-02-03 17:52:38.904066,3,0.42,61.96,0,1
E8973,Ventilator,3,6.34,2025-04-22 17:52:38.904066,1,0.14,25.02,0,0
E8974,ECG,12,9.65,2024-12-19 17:52:38.904066,1,0.15,37.42,1,1
E8975,Ultrasound,0,13.68,2025-02-19 17:52:38.904066,0,0.54,56.79,2,0
E8976,Ventilator,8,17.8,2024-10-25 17:52:38.904066,2,0.42,25.77,2,1
E8977,ECG,7,9.55,2025-08-01 17:52:38.904066,1,0.31,50.73,1,0
E8978,MRI,10,16.83,2024-11-28 17:52:38.904066,0,0.12,21.04,1,1
E8979,Ultrasound,9,6.82,2024-12-17 17:52:38.904066,0,0.77,22.1,1,1
E8980,MRI,15,2.97,2024-09-01 17:52:38.904066,1,0.32,58.3,2,1
E8981,ECG,4,14.66,2025-05-15 17:52:38.904066,0,0.33,60.35,3,1
E8982,ECG,4,1.2,2024-09-22 17:52:38.904066,1,0.78,35.7,2,1
E8983,ECG,7,9.97,2025-03-26 17:52:38.904066,0,0.17,67.63,2,1
E8984,ECG,3,7.0,2025-04-23 17:52:38.904066,1,0.5,55.54,3,0
E8985,MRI,6,1.11,2024-11-09 17:52:38.904066,2,0.2,61.03,2,1
E8986,ECG,5,8.29,2025-04-30 17:52:38.904066,2,0.66,54.43,0,1
E8987,Ventilator,3,6.69,2024-11-29 17:52:38.904066,1,0.28,56.15,2,1
E8988,Ultrasound,3,10.85,2025-04-02 17:52:38.904066,1,0.19,34.66,0,0
E8989,MRI,13,14.11,2024-08-16 17:52:38.904066,0,0.62,62.11,1,1
E8990,ECG,4,18.36,2025-03-31 17:52:38.904066,1,0.71,57.74,1,1
E8991,MRI,8,15.11,2025-01-20 17:52:38.904066,1,0.65,21.99,5,1
E8992,Ventilator,0,11.25,2025-05-20 17:52:38.904066,1,0.07,58.61,1,0
E8993,Ventilator,3,2.54,2025-01-09 17:52:38.904066,1,0.76,52.33,3,1
E8994,Ventilator,11,1.16,2024-12-28 17:52:38.904066,1,0.72,47.37,2,1
E8995,ECG,1,4.75,2025-07-31 17:52:38.904066,0,0.66,53.02,1,1
E8996,ECG,9,10.12,2025-02-27 17:52:38.904066,0,0.52,24.52,2,1
E8997,MRI,0,1.75,2025-05-18 17:52:38.904066,2,0.65,35.03,1,1
E8998,Ultrasound,12,13.61,2024-11-26 17:52:38.904066,1,0.44,39.91,2,1
E8999,Ultrasound,7,4.39,2025-06-22 17:52:38.904066,2,0.06,24.27,1,0
E9000,Ventilator,1,19.24,2025-01-14 17:52:38.904066,1,0.27,59.55,3,1
E9001,ECG,3,1.5,2025-03-27 17:52:38.904066,2,0.47,29.21,2,0
E9002,ECG,7,19.15,2024-12-27 17:52:38.904066,1,0.04,37.81,0,1
E9003,MRI,2,2.46,2025-05-15 17:52:38.904066,1,0.57,52.54,2,0
E9004,Ventilator,1,13.38,2025-02-12 17:52:38.904066,1,0.16,59.22,0,0
E9005,MRI,2,11.53,2025-05-20 17:52:38.904066,1,0.29,60.16,2,1
E9006,ECG,6,15.15,2024-10-17 17:52:38.904066,1,0.68,59.87,2,1
E9007,MRI,10,12.66,2024-09-24 17:52:38.904066,0,0.63,34.63,2,1
E9008,ECG,2,8.49,2024-09-08 17:52:38.904066,0,0.18,39.46,1,1
E9009,ECG,0,2.9,2025-05-27 17:52:38.904066,0,0.44,41.55,0,0
E9010,MRI,3,12.58,2024-11-01 17:52:38.904066,1,0.03,31.24,1,1
E9011,MRI,9,10.32,2025-03-23 17:52:38.904066,1,0.02,38.96,4,1
E9012,Ultrasound,3,14.08,2025-06-18 17:52:38.904066,2,0.68,29.29,1,1
E9013,Ultrasound,8,5.23,2025-03-01 17:52:38.904066,1,0.67,65.39,3,1
E9014,ECG,3,6.74,2024-09-18 17:52:38.904066,2,0.16,55.9,1,1
E9015,MRI,6,12.68,2024-10-26 17:52:38.904066,2,0.28,48.36,0,1
E9016,ECG,7,16.54,2025-04-11 17:52:38.904066,1,0.53,57.8,0,1
E9017,Ventilator,5,15.47,2024-08-22 17:52:38.904066,2,0.35,61.46,1,1
E9018,ECG,3,6.37,2025-04-17 17:52:38.904066,0,0.31,33.87,2,0
E9019,MRI,7,14.73,2024-10-24 17:52:38.904066,0,0.63,59.98,0,1
E9020,MRI,7,1.72,2024-08-23 17:52:38.904066,0,0.73,49.06,0,1
E9021,MRI,4,13.24,2025-06-15 17:52:38.904066,0,0.5,49.29,1,0
E9022,MRI,9,8.05,2025-07-12 17:52:38.904066,0,0.74,37.35,3,1
E9023,Ultrasound,5,0.11,2025-04-05 17:52:38.904066,3,0.79,68.34,3,1
E9024,Ultrasound,2,16.05,2025-05-20 17:52:38.904066,1,0.45,50.73,0,1
E9025,Ventilator,4,12.49,2024-12-11 17:52:38.904066,1,0.45,47.69,0,1
E9026,MRI,2,9.23,2025-03-19 17:52:38.904066,1,0.59,69.78,2,1
E9027,Ultrasound,10,6.98,2024-12-12 17:52:38.904066,1,0.76,50.25,2,1
E9028,MRI,1,5.42,2025-02-21 17:52:38.904066,0,0.55,52.92,1,0
E9029,Ultrasound,5,2.77,2024-12-01 17:52:38.904066,1,0.05,44.66,2,1
E9030,Ventilator,13,7.73,2024-12-25 17:52:38.904066,1,0.67,62.88,1,1
E9031,MRI,7,13.27,2025-01-10 17:52:38.904066,0,0.2,30.17,1,1
E9032,MRI,11,1.93,2025-04-26 17:52:38.904066,1,0.36,48.79,3,1
E9033,Ventilator,0,5.61,2025-05-13 17:52:38.904066,1,0.52,20.19,0,0
E9034,MRI,4,15.52,2025-07-02 17:52:38.904066,0,0.39,36.64,0,0
E9035,ECG,0,11.11,2025-02-08 17:52:38.904066,1,0.72,51.83,2,1
E9036,ECG,0,3.91,2024-11-13 17:52:38.904066,0,0.23,52.71,0,1
E9037,Ultrasound,4,6.26,2024-11-20 17:52:38.904066,1,0.12,41.52,0,1
E9038,ECG,2,9.92,2025-04-22 17:52:38.904066,1,0.44,68.75,0,1
E9039,Ventilator,4,18.95,2025-05-20 17:52:38.904066,2,0.18,39.16,3,1
E9040,Ventilator,6,2.59,2025-05-31 17:52:38.904066,2,0.37,27.12,0,0
E9041,ECG,6,12.15,2024-11-27 17:52:38.904066,3,0.79,36.59,1,1
E9042,MRI,1,9.98,2025-02-10 17:52:38.904066,2,0.17,42.53,4,1
E9043,MRI,10,9.5,2025-03-15 17:52:38.904066,1,0.67,68.51,2,1
E9044,ECG,5,5.64,2025-04-23 17:52:38.904066,0,0.44,45.07,0,0
E9045,Ultrasound,5,14.28,2025-06-04 17:52:38.904066,0,0.12,27.45,1,0
E9046,Ultrasound,2,2.9,2025-03-17 17:52:38.904066,0,0.62,23.8,1,1
E9047,Ultrasound,8,15.94,2025-07-20 17:52:38.904066,2,0.02,52.76,4,1
E9048,Ventilator,12,10.39,2025-07-17 17:52:38.904066,0,0.44,47.38,3,1
E9049,Ultrasound,0,12.21,2025-07-30 17:52:38.904066,2,0.43,65.15,3,1
E9050,Ultrasound,7,13.77,2025-03-15 17:52:38.904066,1,0.22,30.23,4,1
E9051,ECG,4,13.51,2024-08-12 17:52:38.904066,0,0.56,41.3,0,1
E9052,Ultrasound,7,18.77,2025-02-16 17:52:38.904066,0,0.09,40.56,1,1
E9053,MRI,0,12.05,2025-03-28 17:52:38.904066,0,0.66,50.7,0,1
E9054,MRI,1,0.9,2025-04-22 17:52:38.904066,0,0.16,50.5,4,1
E9055,Ventilator,10,6.84,2025-06-02 17:52:38.904066,2,0.67,25.38,1,1
E9056,MRI,5,7.89,2024-11-05 17:52:38.904066,0,0.12,54.51,2,1
E9057,Ultrasound,2,0.74,2025-04-29 17:52:38.904066,1,0.06,33.42,1,0
E9058,Ultrasound,4,7.19,2024-09-09 17:52:38.904066,2,0.49,65.76,1,1
E9059,Ultrasound,1,9.8,2025-07-03 17:52:38.904066,1,0.12,54.81,1,0
E9060,Ventilator,0,12.84,2024-11-13 17:52:38.904066,0,0.72,40.74,2,1
E9061,MRI,3,2.58,2025-05-23 17:52:38.904066,1,0.22,54.9,1,0
E9062,Ultrasound,9,14.66,2025-02-02 17:52:38.904066,0,0.49,53.05,1,1
E9063,MRI,3,3.09,2025-04-02 17:52:38.904066,2,0.06,24.81,1,0
E9064,ECG,6,7.71,2024-10-29 17:52:38.904066,1,0.47,47.23,1,1
E9065,ECG,9,8.05,2024-11-01 17:52:38.904066,1,0.3,26.37,3,1
E9066,Ventilator,0,12.53,2024-12-11 17:52:38.904066,0,0.77,53.06,2,1
E9067,Ventilator,1,1.04,2024-10-17 17:52:38.904066,1,0.07,31.99,1,1
E9068,Ventilator,5,5.84,2024-08-09 17:52:38.904066,0,0.18,52.58,2,1
E9069,Ventilator,2,5.43,2025-02-16 17:52:38.904066,1,0.6,63.68,3,1
E9070,MRI,11,1.74,2025-05-01 17:52:38.904066,0,0.57,53.54,1,1
E9071,Ultrasound,3,0.49,2025-01-15 17:52:38.904066,0,0.25,36.64,1,1
E9072,MRI,6,11.98,2024-11-30 17:52:38.904066,1,0.35,36.34,0,1
E9073,Ventilator,3,15.29,2025-07-01 17:52:38.904066,2,0.66,34.8,1,1
E9074,MRI,6,9.01,2024-08-26 17:52:38.904066,1,0.17,68.44,0,1
E9075,Ventilator,3,0.83,2024-11-28 17:52:38.904066,1,0.61,58.67,0,1
E9076,Ultrasound,4,10.74,2025-01-20 17:52:38.904066,2,0.65,64.18,2,1
E9077,MRI,2,6.43,2024-09-12 17:52:38.904066,0,0.62,25.83,2,1
E9078,Ultrasound,5,14.42,2025-05-17 17:52:38.904066,0,0.75,44.72,4,1
E9079,Ventilator,10,11.41,2025-02-11 17:52:38.904066,1,0.26,32.34,1,1
E9080,Ventilator,8,1.28,2025-07-16 17:52:38.904066,1,0.55,32.54,3,0
E9081,Ultrasound,9,10.18,2025-03-26 17:52:38.904066,0,0.64,58.6,4,1
E9082,Ultrasound,3,0.65,2025-01-13 17:52:38.904066,1,0.1,69.15,0,1
E9083,Ventilator,2,5.1,2025-02-05 17:52:38.904066,0,0.69,57.27,1,1
E9084,MRI,2,14.72,2025-02-11 17:52:38.904066,0,0.4,68.14,2,1
E9085,Ultrasound,11,7.12,2025-03-28 17:52:38.904066,0,0.49,62.65,1,1
E9086,Ventilator,3,11.96,2024-12-19 17:52:38.904066,0,0.7,57.81,1,1
E9087,MRI,8,11.61,2024-09-26 17:52:38.904066,0,0.65,30.86,3,1
E9088,Ultrasound,5,2.65,2024-08-10 17:52:38.904066,3,0.27,47.99,3,1
E9089,MRI,9,13.67,2025-03-18 17:52:38.904066,0,0.22,38.3,3,1
E9090,Ventilator,5,3.35,2025-05-29 17:52:38.904066,0,0.38,43.96,3,0
E9091,Ventilator,5,4.54,2025-06-29 17:52:38.904066,1,0.59,21.27,0,0
E9092,Ventilator,0,3.35,2025-02-04 17:52:38.904066,0,0.68,61.74,2,1
E9093,ECG,3,13.81,2025-05-31 17:52:38.904066,0,0.48,64.01,0,1
E9094,Ultrasound,14,0.65,2025-07-18 17:52:38.904066,0,0.23,34.38,1,1
E9095,ECG,6,14.16,2025-01-09 17:52:38.904066,1,0.51,41.96,0,1
E9096,MRI,15,3.38,2024-12-09 17:52:38.904066,0,0.8,49.16,2,1
E9097,MRI,10,6.76,2024-08-12 17:52:38.904066,1,0.58,46.58,0,1
E9098,MRI,7,16.41,2025-04-05 17:52:38.904066,1,0.09,48.85,2,1
E9099,MRI,0,18.84,2024-08-25 17:52:38.904066,1,0.68,31.35,4,1
E9100,MRI,8,18.86,2025-07-22 17:52:38.904066,1,0.79,33.85,2,1
E9101,MRI,4,12.22,2024-08-19 17:52:38.904066,1,0.42,64.88,1,1
E9102,Ventilator,9,11.74,2025-01-18 17:52:38.904066,0,0.57,63.49,2,1
E9103,ECG,3,0.16,2024-09-23 17:52:38.904066,2,0.53,22.11,1,1
E9104,ECG,8,15.89,2024-10-03 17:52:38.904066,0,0.05,67.86,3,1
E9105,ECG,1,14.25,2025-04-13 17:52:38.904066,1,0.79,70.0,0,1
E9106,ECG,6,14.17,2025-01-30 17:52:38.904066,1,0.48,59.43,2,1
E9107,ECG,8,8.5,2024-09-30 17:52:38.904066,0,0.2,48.86,1,1
E9108,Ventilator,6,7.74,2025-02-24 17:52:38.904066,0,0.37,21.3,1,0
E9109,Ventilator,11,13.04,2025-02-07 17:52:38.904066,0,0.35,22.26,3,1
E9110,ECG,8,3.24,2025-04-13 17:52:38.904066,0,0.18,31.48,2,0
E9111,Ultrasound,9,19.9,2024-12-22 17:52:38.904066,0,0.78,49.12,1,1
E9112,Ultrasound,1,15.2,2024-09-24 17:52:38.904066,1,0.04,56.92,3,1
E9113,MRI,9,17.99,2024-11-29 17:52:38.904066,0,0.65,65.87,1,1
E9114,MRI,0,14.37,2024-10-12 17:52:38.904066,0,0.36,69.01,3,1
E9115,Ultrasound,3,3.75,2025-07-11 17:52:38.904066,1,0.27,42.62,1,0
E9116,ECG,6,2.96,2024-11-25 17:52:38.904066,3,0.5,28.6,1,1
E9117,Ultrasound,11,13.07,2025-07-22 17:52:38.904066,0,0.73,60.71,0,1
E9118,MRI,3,10.9,2024-10-19 17:52:38.904066,0,0.39,39.53,0,1
E9119,Ultrasound,11,18.28,2025-05-17 17:52:38.904066,3,0.02,21.47,1,1
E9120,MRI,4,9.38,2025-05-09 17:52:38.904066,0,0.76,59.11,2,1
E9121,Ultrasound,0,6.15,2025-06-19 17:52:38.904066,0,0.2,27.56,5,1
E9122,Ultrasound,6,10.66,2024-10-29 17:52:38.904066,1,0.28,26.6,0,1
E9123,Ventilator,4,7.39,2024-12-09 17:52:38.904066,0,0.45,60.65,1,1
E9124,Ultrasound,3,10.02,2024-11-24 17:52:38.904066,3,0.17,31.98,3,1
E9125,ECG,5,5.15,2025-08-04 17:52:38.904066,0,0.01,56.37,1,0
E9126,Ventilator,7,12.96,2025-02-12 17:52:38.904066,2,0.42,58.41,0,0
E9127,ECG,7,18.26,2025-07-22 17:52:38.904066,3,0.18,55.6,5,1
E9128,MRI,6,10.43,2025-02-01 17:52:38.904066,1,0.55,26.13,2,1
E9129,Ultrasound,5,16.28,2025-07-24 17:52:38.904066,0,0.72,56.03,2,1
E9130,Ventilator,11,18.62,2025-06-25 17:52:38.904066,0,0.37,34.38,0,1
E9131,ECG,4,10.44,2024-12-08 17:52:38.904066,1,0.22,37.39,0,1
E9132,MRI,0,15.92,2025-01-27 17:52:38.904066,0,0.36,63.52,2,1
E9133,ECG,5,12.58,2024-12-12 17:52:38.904066,0,0.65,66.52,1,1
E9134,Ultrasound,6,16.46,2024-08-22 17:52:38.904066,0,0.71,57.51,1,1
E9135,ECG,0,16.03,2024-12-03 17:52:38.904066,0,0.02,22.23,4,1
E9136,Ventilator,7,7.28,2025-07-01 17:52:38.904066,0,0.45,68.81,1,1
E9137,Ultrasound,10,15.49,2025-01-05 17:52:38.904066,1,0.54,29.79,1,1
E9138,Ultrasound,0,5.19,2024-10-31 17:52:38.904066,1,0.68,46.23,1,1
E9139,ECG,7,4.75,2025-01-28 17:52:38.904066,0,0.78,36.17,1,1
E9140,Ventilator,6,15.78,2025-03-15 17:52:38.904066,1,0.24,29.23,2,0
E9141,Ultrasound,8,15.85,2025-05-12 17:52:38.904066,0,0.31,58.85,0,0
E9142,Ventilator,8,2.89,2025-07-08 17:52:38.904066,1,0.09,68.21,2,1
E9143,Ventilator,8,11.0,2025-01-16 17:52:38.904066,1,0.66,29.47,3,1
E9144,Ventilator,3,16.59,2024-08-23 17:52:38.904066,0,0.71,51.16,0,1
E9145,Ventilator,0,9.01,2025-01-23 17:52:38.904066,1,0.31,30.49,0,1
E9146,Ultrasound,4,18.61,2025-05-01 17:52:38.904066,3,0.79,47.88,2,1
E9147,Ventilator,0,5.43,2025-06-29 17:52:38.904066,1,0.19,45.52,2,0
E9148,MRI,0,17.33,2024-12-11 17:52:38.904066,2,0.26,36.92,1,1
E9149,Ventilator,0,15.69,2025-04-23 17:52:38.904066,1,0.5,62.28,3,1
E9150,Ultrasound,10,17.33,2025-06-15 17:52:38.904066,0,0.12,42.77,1,1
E9151,Ultrasound,5,10.67,2024-08-29 17:52:38.904066,0,0.16,23.54,1,1
E9152,ECG,6,10.15,2025-03-25 17:52:38.904066,1,0.43,42.56,1,0
E9153,Ventilator,9,19.67,2025-01-06 17:52:38.904066,0,0.58,27.52,1,1
E9154,Ultrasound,4,3.67,2024-09-03 17:52:38.904066,1,0.68,53.07,2,1
E9155,ECG,10,12.46,2024-10-23 17:52:38.904066,1,0.25,57.36,2,1
E9156,Ventilator,0,2.66,2024-10-04 17:52:38.904066,0,0.52,62.39,1,1
E9157,ECG,0,4.94,2024-10-14 17:52:38.904066,0,0.75,68.92,0,1
E9158,ECG,4,8.75,2025-07-01 17:52:38.904066,0,0.66,56.64,0,1
E9159,MRI,2,4.24,2024-10-17 17:52:38.904066,1,0.22,46.02,0,1
E9160,Ultrasound,9,0.25,2025-06-09 17:52:38.904066,1,0.68,61.75,2,1
E9161,Ultrasound,7,1.25,2025-07-05 17:52:38.904066,0,0.26,49.39,0,0
E9162,Ventilator,8,0.33,2024-10-14 17:52:38.904066,2,0.57,40.01,5,1
E9163,MRI,2,10.53,2024-08-16 17:52:38.904066,1,0.72,34.44,4,1
E9164,ECG,2,3.28,2025-03-04 17:52:38.904066,0,0.28,22.94,3,0
E9165,MRI,6,15.5,2024-12-21 17:52:38.904066,0,0.73,20.9,0,1
E9166,Ventilator,5,16.94,2025-03-04 17:52:38.904066,2,0.25,46.93,0,1
E9167,Ventilator,2,17.96,2024-10-09 17:52:38.904066,2,0.64,61.17,1,1
E9168,Ultrasound,7,4.5,2025-06-16 17:52:38.904066,1,0.6,34.9,1,0
E9169,ECG,6,11.89,2024-11-05 17:52:38.904066,0,0.13,63.01,2,1
E9170,Ultrasound,7,12.42,2025-03-06 17:52:38.904066,0,0.71,35.91,1,1
E9171,ECG,1,4.49,2024-09-27 17:52:38.904066,0,0.4,49.2,0,1
E9172,Ultrasound,10,0.39,2025-03-19 17:52:38.904066,4,0.07,65.71,2,1
E9173,Ventilator,11,2.61,2024-09-16 17:52:38.904066,0,0.44,61.08,1,1
E9174,Ventilator,3,8.29,2024-10-13 17:52:38.904066,0,0.3,28.21,1,1
E9175,Ventilator,8,8.53,2024-10-11 17:52:38.904066,3,0.33,59.88,2,1
E9176,ECG,5,7.88,2024-09-18 17:52:38.904066,0,0.15,44.52,2,1
E9177,MRI,6,0.42,2025-01-19 17:52:38.904066,1,0.18,47.3,2,1
E9178,Ventilator,5,16.23,2024-10-21 17:52:38.904066,1,0.24,62.71,3,1
E9179,ECG,2,11.6,2025-07-21 17:52:38.904066,1,0.63,46.06,2,1
E9180,MRI,3,10.27,2024-11-19 17:52:38.904066,1,0.43,33.21,2,1
E9181,Ultrasound,0,11.89,2025-03-23 17:52:38.904066,1,0.34,35.15,0,0
E9182,Ultrasound,5,10.77,2024-11-07 17:52:38.904066,0,0.0,40.78,1,1
E9183,ECG,1,5.44,2024-10-13 17:52:38.904066,0,0.46,48.21,1,1
E9184,MRI,3,16.69,2025-04-08 17:52:38.904066,0,0.64,45.87,3,1
E9185,ECG,4,16.43,2025-07-29 17:52:38.904066,1,0.52,45.49,2,1
E9186,Ultrasound,6,19.86,2025-05-17 17:52:38.904066,0,0.14,42.37,2,1
E9187,Ultrasound,4,14.45,2025-04-17 17:52:38.904066,1,0.39,30.43,3,0
E9188,MRI,15,11.98,2025-05-28 17:52:38.904066,0,0.42,46.03,1,1
E9189,Ventilator,4,9.52,2025-03-01 17:52:38.904066,1,0.1,64.24,0,1
E9190,Ventilator,4,7.79,2024-08-06 17:52:38.904066,0,0.19,43.16,2,1
E9191,Ventilator,3,12.05,2024-08-07 17:52:38.904066,1,0.33,67.11,4,1
E9192,Ventilator,6,8.48,2024-11-01 17:52:38.904066,2,0.55,30.69,0,1
E9193,Ventilator,3,15.4,2025-06-10 17:52:38.904066,0,0.33,35.94,2,0
E9194,Ventilator,10,18.34,2025-07-10 17:52:38.904066,1,0.8,41.59,1,1
E9195,Ventilator,4,16.08,2025-04-27 17:52:38.904066,1,0.58,34.52,0,1
E9196,Ventilator,3,3.98,2025-04-18 17:52:38.904066,1,0.38,67.39,0,1
E9197,MRI,9,2.61,2025-06-05 17:52:38.904066,0,0.3,54.14,0,1
E9198,Ventilator,5,4.84,2024-09-19 17:52:38.904066,2,0.64,22.68,2,1
E9199,ECG,4,17.24,2025-05-16 17:52:38.904066,1,0.78,56.68,3,1
E9200,Ultrasound,7,5.14,2025-03-09 17:52:38.904066,2,0.03,59.51,3,0
E9201,Ultrasound,0,9.65,2025-05-27 17:52:38.904066,1,0.13,28.55,0,0
E9202,Ultrasound,0,16.38,2024-12-11 17:52:38.904066,0,0.06,21.08,3,1
E9203,MRI,5,16.68,2025-03-03 17:52:38.904066,3,0.72,67.84,2,1
E9204,ECG,11,17.46,2025-03-04 17:52:38.904066,0,0.57,49.15,3,1
E9205,Ultrasound,5,11.46,2024-11-01 17:52:38.904066,0,0.29,66.18,2,1
E9206,MRI,5,17.19,2024-12-30 17:52:38.904066,0,0.31,61.17,1,1
E9207,Ultrasound,0,18.84,2025-06-08 17:52:38.904066,0,0.06,21.53,1,1
E9208,MRI,3,8.09,2024-12-03 17:52:38.904066,0,0.38,62.85,3,1
E9209,ECG,5,18.2,2025-05-29 17:52:38.904066,0,0.61,64.9,5,1
E9210,MRI,5,3.27,2024-11-19 17:52:38.904066,2,0.13,49.28,0,1
E9211,Ventilator,7,6.03,2025-02-09 17:52:38.904066,0,0.71,41.0,0,1
E9212,ECG,12,8.76,2024-12-11 17:52:38.904066,0,0.25,29.85,3,1
E9213,Ventilator,9,16.45,2025-01-08 17:52:38.904066,1,0.05,28.46,1,1
E9214,Ventilator,6,7.56,2025-02-22 17:52:38.904066,0,0.76,50.17,1,1
E9215,Ultrasound,4,19.07,2025-04-10 17:52:38.904066,0,0.31,24.42,5,1
E9216,Ventilator,4,3.1,2024-11-15 17:52:38.904066,0,0.22,24.82,0,1
E9217,Ultrasound,6,17.32,2024-12-31 17:52:38.904066,0,0.44,42.69,0,1
E9218,Ventilator,4,9.27,2024-12-17 17:52:38.904066,1,0.33,54.33,2,1
E9219,Ventilator,4,12.51,2025-03-01 17:52:38.904066,1,0.45,22.18,0,0
E9220,ECG,9,15.23,2024-09-11 17:52:38.904066,0,0.69,53.73,0,1
E9221,Ultrasound,8,0.49,2025-03-27 17:52:38.904066,1,0.49,34.03,0,0
E9222,Ultrasound,8,13.16,2025-02-09 17:52:38.904066,0,0.78,59.17,0,1
E9223,ECG,2,18.63,2025-03-03 17:52:38.904066,1,0.09,42.27,1,1
E9224,ECG,2,18.82,2024-12-05 17:52:38.904066,0,0.18,55.52,0,1
E9225,MRI,4,10.78,2024-12-30 17:52:38.904066,2,0.38,24.7,1,1
E9226,ECG,0,18.26,2025-07-12 17:52:38.904066,0,0.25,39.47,2,1
E9227,Ultrasound,0,15.19,2025-04-06 17:52:38.904066,0,0.53,38.85,0,0
E9228,Ultrasound,0,10.31,2025-02-02 17:52:38.904066,0,0.32,53.52,1,1
E9229,Ventilator,2,3.54,2025-04-15 17:52:38.904066,1,0.47,57.28,0,0
E9230,ECG,4,10.23,2024-11-13 17:52:38.904066,1,0.59,52.98,5,1
E9231,Ultrasound,6,9.88,2025-07-02 17:52:38.904066,2,0.48,50.23,0,0
E9232,ECG,1,11.55,2025-04-07 17:52:38.904066,1,0.36,56.92,0,0
E9233,ECG,7,8.28,2024-09-17 17:52:38.904066,2,0.79,59.8,1,1
E9234,MRI,4,0.39,2024-09-15 17:52:38.904066,1,0.6,48.59,1,1
E9235,ECG,4,18.96,2025-01-23 17:52:38.904066,0,0.59,26.83,0,1
E9236,Ultrasound,7,1.11,2025-03-16 17:52:38.904066,1,0.33,46.25,1,0
E9237,Ventilator,0,16.14,2025-06-25 17:52:38.904066,3,0.51,42.21,0,1
E9238,MRI,11,16.99,2024-10-23 17:52:38.904066,0,0.42,31.62,0,1
E9239,ECG,13,3.02,2024-12-24 17:52:38.904066,0,0.08,22.52,0,1
E9240,Ultrasound,0,5.49,2025-06-20 17:52:38.904066,0,0.79,49.57,3,1
E9241,Ultrasound,12,16.67,2025-05-31 17:52:38.904066,0,0.71,22.49,1,1
E9242,MRI,1,7.98,2024-12-07 17:52:38.904066,0,0.36,20.02,0,1
E9243,Ventilator,11,1.03,2025-05-18 17:52:38.904066,0,0.78,55.1,1,1
E9244,Ventilator,3,19.88,2025-07-11 17:52:38.904066,0,0.49,24.97,2,1
E9245,MRI,12,8.69,2025-02-08 17:52:38.904066,0,0.31,58.89,0,1
E9246,Ultrasound,8,17.88,2025-03-10 17:52:38.904066,1,0.55,60.91,1,1
E9247,Ultrasound,3,11.91,2024-11-05 17:52:38.904066,1,0.03,52.49,2,1
E9248,MRI,5,18.93,2025-02-23 17:52:38.904066,0,0.74,20.25,1,1
E9249,MRI,0,12.85,2025-03-10 17:52:38.904066,0,0.77,42.17,2,1
E9250,Ultrasound,1,14.0,2025-02-05 17:52:38.904066,1,0.58,35.72,1,1
E9251,Ventilator,7,5.7,2025-02-25 17:52:38.904066,0,0.28,35.16,1,0
E9252,MRI,9,4.84,2025-05-01 17:52:38.904066,1,0.04,63.4,0,1
E9253,Ventilator,5,4.37,2025-06-11 17:52:38.904066,1,0.46,57.27,1,0
E9254,MRI,0,1.45,2025-05-31 17:52:38.904066,0,0.24,21.95,0,0
E9255,Ventilator,6,15.11,2025-07-29 17:52:38.904066,1,0.08,41.55,3,0
E9256,Ventilator,1,5.75,2024-12-05 17:52:38.904066,1,0.22,57.3,3,1
E9257,Ultrasound,5,13.26,2024-11-09 17:52:38.904066,1,0.4,57.33,1,1
E9258,Ultrasound,0,16.55,2025-01-06 17:52:38.904066,0,0.27,33.86,0,1
E9259,ECG,10,17.63,2025-07-10 17:52:38.904066,0,0.59,52.17,1,1
E9260,MRI,6,7.21,2025-06-27 17:52:38.904066,1,0.4,69.19,1,1
E9261,Ventilator,7,19.09,2025-02-05 17:52:38.904066,1,0.51,64.94,2,1
E9262,Ventilator,3,10.96,2025-04-30 17:52:38.904066,0,0.42,54.78,4,1
E9263,Ultrasound,10,0.12,2024-10-01 17:52:38.904066,2,0.42,60.7,0,1
E9264,MRI,0,17.05,2024-12-12 17:52:38.904066,1,0.45,32.13,2,1
E9265,Ultrasound,4,13.03,2024-11-26 17:52:38.904066,1,0.29,43.35,4,1
E9266,Ultrasound,7,7.91,2024-12-13 17:52:38.904066,1,0.1,58.04,3,1
E9267,ECG,13,19.86,2024-09-02 17:52:38.904066,0,0.41,32.94,2,1
E9268,ECG,6,4.41,2025-05-16 17:52:38.904066,1,0.59,23.78,0,0
E9269,Ultrasound,7,15.31,2025-07-17 17:52:38.904066,0,0.65,49.56,0,1
E9270,ECG,2,13.32,2024-09-05 17:52:38.904066,0,0.66,47.81,2,1
E9271,Ventilator,5,12.68,2025-01-24 17:52:38.904066,2,0.66,36.26,2,1
E9272,ECG,5,8.09,2025-03-27 17:52:38.904066,0,0.02,38.41,2,0
E9273,ECG,8,16.91,2025-02-05 17:52:38.904066,1,0.26,66.43,0,1
E9274,MRI,8,2.66,2024-12-16 17:52:38.904066,2,0.6,27.36,2,1
E9275,MRI,3,11.27,2024-09-01 17:52:38.904066,1,0.11,25.68,1,1
E9276,Ultrasound,8,17.7,2025-06-14 17:52:38.904066,1,0.7,69.84,4,1
E9277,Ultrasound,11,1.57,2024-11-01 17:52:38.904066,1,0.01,31.08,2,1
E9278,MRI,4,6.46,2025-04-02 17:52:38.904066,0,0.75,25.71,1,1
E9279,Ventilator,6,2.45,2025-01-13 17:52:38.904066,0,0.76,58.87,0,1
E9280,Ultrasound,1,11.26,2024-10-28 17:52:38.904066,0,0.05,36.27,1,1
E9281,Ventilator,0,5.45,2024-12-08 17:52:38.904066,1,0.35,50.05,0,1
E9282,MRI,3,2.97,2025-07-22 17:52:38.904066,2,0.55,57.65,4,1
E9283,Ultrasound,7,8.91,2025-04-21 17:52:38.904066,0,0.18,24.72,4,1
E9284,Ultrasound,2,16.74,2025-07-21 17:52:38.904066,1,0.32,61.68,1,1
E9285,MRI,14,0.65,2025-03-29 17:52:38.904066,0,0.5,68.73,1,1
E9286,ECG,9,19.49,2025-05-25 17:52:38.904066,0,0.48,57.74,0,1
E9287,ECG,0,14.69,2025-03-09 17:52:38.904066,0,0.51,61.02,1,1
E9288,MRI,3,2.36,2025-03-02 17:52:38.904066,1,0.59,39.24,2,0
E9289,Ultrasound,7,0.44,2025-08-01 17:52:38.904066,1,0.55,41.67,2,0
E9290,MRI,4,1.99,2024-11-03 17:52:38.904066,1,0.72,54.51,2,1
E9291,Ventilator,7,6.31,2025-03-19 17:52:38.904066,1,0.67,61.11,3,1
E9292,Ventilator,4,4.68,2025-07-29 17:52:38.904066,1,0.57,43.38,0,0
E9293,Ventilator,1,18.45,2025-05-26 17:52:38.904066,2,0.04,66.79,1,1
E9294,Ventilator,7,17.1,2024-10-28 17:52:38.904066,0,0.72,37.39,3,1
E9295,Ultrasound,8,17.18,2024-11-23 17:52:38.904066,0,0.66,61.19,1,1
E9296,MRI,3,2.95,2025-07-30 17:52:38.904066,1,0.16,50.67,1,0
E9297,ECG,10,1.95,2024-08-26 17:52:38.904066,1,0.68,49.58,2,1
E9298,ECG,0,5.61,2025-07-10 17:52:38.904066,4,0.67,23.25,4,1
E9299,Ventilator,0,18.71,2025-03-19 17:52:38.904066,1,0.63,25.74,2,1
E9300,ECG,10,6.85,2024-08-18 17:52:38.904066,0,0.77,28.25,2,1
E9301,Ultrasound,8,11.41,2025-02-26 17:52:38.904066,1,0.15,47.61,2,0
E9302,ECG,0,8.34,2025-04-01 17:52:38.904066,0,0.69,41.49,2,1
E9303,MRI,9,18.11,2024-12-17 17:52:38.904066,2,0.61,50.59,1,1
E9304,Ultrasound,5,4.12,2025-02-15 17:52:38.904066,0,0.06,33.44,0,0
E9305,Ultrasound,11,7.64,2025-01-08 17:52:38.904066,2,0.11,59.95,1,1
E9306,MRI,5,16.38,2025-06-11 17:52:38.904066,1,0.75,62.27,3,1
E9307,ECG,13,2.1,2024-12-13 17:52:38.904066,2,0.4,66.96,4,1
E9308,Ultrasound,2,15.8,2025-01-02 17:52:38.904066,1,0.77,56.01,4,1
E9309,Ultrasound,0,18.84,2024-10-18 17:52:38.904066,2,0.24,59.17,0,1
E9310,Ultrasound,1,14.36,2024-09-28 17:52:38.904066,1,0.37,54.33,3,1
E9311,Ventilator,6,13.32,2024-08-25 17:52:38.904066,0,0.57,52.36,2,1
E9312,ECG,4,17.95,2025-01-25 17:52:38.904066,1,0.15,68.23,1,1
E9313,ECG,4,5.77,2024-12-10 17:52:38.904066,0,0.73,62.72,1,1
E9314,Ventilator,2,7.39,2024-08-08 17:52:38.904066,1,0.16,51.15,2,1
E9315,Ultrasound,5,13.31,2025-06-02 17:52:38.904066,3,0.09,56.94,1,1
E9316,ECG,1,9.75,2024-09-03 17:52:38.904066,1,0.13,30.03,1,1
E9317,MRI,7,2.55,2025-02-06 17:52:38.904066,2,0.62,43.46,2,1
E9318,Ultrasound,3,1.41,2025-03-25 17:52:38.904066,0,0.62,52.16,1,1
E9319,ECG,1,2.04,2025-01-27 17:52:38.904066,1,0.72,51.07,1,1
E9320,Ventilator,3,9.55,2024-10-08 17:52:38.904066,0,0.18,36.12,2,1
E9321,Ventilator,3,0.8,2024-09-16 17:52:38.904066,1,0.15,67.22,1,1
E9322,ECG,0,2.03,2025-05-27 17:52:38.904066,0,0.04,42.13,1,0
E9323,Ventilator,1,18.82,2025-02-15 17:52:38.904066,2,0.04,58.78,2,1
E9324,ECG,5,13.79,2024-12-23 17:52:38.904066,0,0.26,38.27,3,1
E9325,Ventilator,2,7.27,2025-02-28 17:52:38.904066,0,0.31,34.6,1,0
E9326,MRI,0,5.15,2025-02-18 17:52:38.904066,2,0.34,62.67,2,1
E9327,Ventilator,15,7.44,2025-07-14 17:52:38.904066,1,0.23,67.44,5,1
E9328,Ventilator,0,3.74,2025-03-19 17:52:38.904066,2,0.5,65.48,2,1
E9329,ECG,6,14.41,2025-06-06 17:52:38.904066,2,0.36,53.19,2,0
E9330,Ventilator,9,15.65,2025-03-25 17:52:38.904066,1,0.57,53.33,0,1
E9331,Ventilator,5,8.78,2025-01-23 17:52:38.904066,2,0.09,49.75,3,1
E9332,Ultrasound,11,2.54,2025-01-29 17:52:38.904066,2,0.23,61.67,2,1
E9333,Ventilator,5,0.61,2024-12-26 17:52:38.904066,0,0.05,26.71,1,1
E9334,ECG,5,18.52,2025-01-14 17:52:38.904066,1,0.18,57.36,2,1
E9335,ECG,3,3.37,2024-09-30 17:52:38.904066,2,0.61,22.26,1,1
E9336,ECG,12,12.09,2025-04-22 17:52:38.904066,2,0.3,50.43,0,1
E9337,Ventilator,2,19.92,2025-07-11 17:52:38.904066,1,0.45,47.15,0,1
E9338,MRI,14,9.22,2025-04-24 17:52:38.904066,1,0.29,57.65,0,1
E9339,ECG,3,4.98,2024-10-31 17:52:38.904066,1,0.15,41.04,1,1
E9340,Ventilator,3,18.58,2024-11-25 17:52:38.904066,2,0.5,38.82,0,1
E9341,Ventilator,5,10.76,2024-08-22 17:52:38.904066,2,0.14,46.27,1,1
E9342,Ultrasound,4,3.14,2025-04-09 17:52:38.904066,1,0.6,24.72,4,1
E9343,Ultrasound,7,15.24,2025-02-23 17:52:38.904066,1,0.18,61.56,0,1
E9344,Ultrasound,10,8.05,2025-07-13 17:52:38.904066,2,0.02,43.98,3,1
E9345,MRI,1,0.66,2025-06-29 17:52:38.904066,1,0.29,65.65,2,1
E9346,MRI,7,5.53,2024-10-19 17:52:38.904066,1,0.4,44.25,1,1
E9347,Ventilator,3,0.7,2025-05-11 17:52:38.904066,1,0.26,50.55,1,0
E9348,MRI,0,14.62,2025-04-19 17:52:38.904066,0,0.41,34.88,2,0
E9349,MRI,13,6.42,2025-02-26 17:52:38.904066,0,0.11,69.4,1,1
E9350,Ultrasound,5,13.47,2025-07-31 17:52:38.904066,0,0.24,64.77,2,1
E9351,Ultrasound,7,2.92,2024-10-12 17:52:38.904066,0,0.63,45.28,2,1
E9352,Ventilator,7,0.19,2025-07-22 17:52:38.904066,1,0.72,36.76,0,1
E9353,MRI,5,12.29,2024-11-03 17:52:38.904066,0,0.42,47.9,3,1
E9354,MRI,7,5.43,2025-02-23 17:52:38.904066,1,0.26,34.03,0,0
E9355,MRI,3,11.08,2024-08-21 17:52:38.904066,0,0.43,35.0,0,1
E9356,ECG,0,9.3,2024-11-28 17:52:38.904066,1,0.25,52.41,3,1
E9357,Ventilator,4,9.36,2024-10-17 17:52:38.904066,1,0.45,52.79,1,1
E9358,Ventilator,6,3.87,2024-11-09 17:52:38.904066,1,0.28,42.1,3,1
E9359,Ultrasound,4,11.48,2025-02-22 17:52:38.904066,1,0.1,39.74,2,0
E9360,ECG,6,3.78,2024-10-09 17:52:38.904066,0,0.31,34.68,0,1
E9361,ECG,2,8.34,2024-11-21 17:52:38.904066,3,0.65,34.74,3,1
E9362,Ultrasound,8,9.8,2025-01-25 17:52:38.904066,0,0.65,60.48,1,1
E9363,Ventilator,7,0.19,2025-05-27 17:52:38.904066,0,0.19,60.31,2,1
E9364,Ventilator,7,2.13,2025-03-20 17:52:38.904066,1,0.44,28.94,1,0
E9365,MRI,12,15.57,2025-01-03 17:52:38.904066,0,0.48,49.06,2,1
E9366,MRI,6,16.37,2025-07-01 17:52:38.904066,0,0.05,38.82,2,1
E9367,ECG,9,19.52,2024-09-08 17:52:38.904066,2,0.36,23.89,2,1
E9368,MRI,11,10.69,2024-10-12 17:52:38.904066,0,0.08,34.46,1,1
E9369,ECG,6,8.82,2024-10-27 17:52:38.904066,0,0.17,53.32,0,1
E9370,Ventilator,0,14.07,2025-02-09 17:52:38.904066,0,0.33,24.74,0,0
E9371,MRI,4,11.1,2024-12-17 17:52:38.904066,1,0.23,23.27,1,1
E9372,ECG,9,5.94,2024-10-28 17:52:38.904066,0,0.03,59.18,0,1
E9373,ECG,5,13.11,2025-04-21 17:52:38.904066,0,0.01,54.4,2,0
E9374,Ultrasound,7,11.94,2024-10-20 17:52:38.904066,0,0.28,47.01,2,1
E9375,Ultrasound,5,19.02,2025-05-13 17:52:38.904066,2,0.17,67.46,2,1
E9376,ECG,5,18.39,2024-09-02 17:52:38.904066,5,0.67,36.27,2,1
E9377,MRI,15,6.86,2025-01-10 17:52:38.904066,0,0.32,64.04,2,1
E9378,MRI,11,12.66,2025-03-12 17:52:38.904066,0,0.72,32.07,2,1
E9379,Ventilator,0,4.17,2025-04-17 17:52:38.904066,0,0.58,43.64,2,0
E9380,MRI,3,12.25,2024-10-30 17:52:38.904066,0,0.12,53.87,1,1
E9381,Ventilator,7,4.05,2025-04-01 17:52:38.904066,1,0.04,20.39,2,0
E9382,Ventilator,0,16.18,2025-02-21 17:52:38.904066,2,0.76,42.26,2,1
E9383,MRI,4,0.36,2025-01-18 17:52:38.904066,0,0.04,38.08,0,1
E9384,MRI,10,13.07,2025-06-11 17:52:38.904066,1,0.7,44.24,2,1
E9385,Ventilator,13,7.37,2025-06-23 17:52:38.904066,2,0.34,63.55,1,1
E9386,Ultrasound,0,16.4,2025-02-08 17:52:38.904066,1,0.5,32.95,1,1
E9387,ECG,8,14.32,2025-01-01 17:52:38.904066,0,0.41,30.61,2,1
E9388,MRI,4,10.41,2025-06-08 17:52:38.904066,0,0.2,65.56,1,1
E9389,MRI,1,10.49,2025-02-16 17:52:38.904066,0,0.05,30.7,5,1
E9390,ECG,2,15.32,2025-04-27 17:52:38.904066,0,0.41,62.02,2,1
E9391,MRI,3,12.45,2025-04-03 17:52:38.904066,1,0.63,20.67,1,1
E9392,Ultrasound,7,4.86,2024-11-25 17:52:38.904066,1,0.07,52.75,0,1
E9393,MRI,9,13.12,2025-05-05 17:52:38.904066,0,0.75,53.11,1,1
E9394,Ultrasound,3,9.65,2025-06-15 17:52:38.904066,0,0.1,42.11,1,0
E9395,Ultrasound,8,10.44,2025-07-30 17:52:38.904066,1,0.08,39.62,2,0
E9396,MRI,7,15.43,2024-11-24 17:52:38.904066,2,0.12,55.35,1,1
E9397,Ventilator,15,0.1,2025-07-01 17:52:38.904066,0,0.06,61.09,2,1
E9398,MRI,0,10.24,2024-12-06 17:52:38.904066,1,0.57,46.14,3,1
E9399,Ventilator,4,13.8,2025-04-03 17:52:38.904066,2,0.8,25.4,2,1
E9400,Ventilator,1,11.53,2024-08-20 17:52:38.904066,0,0.27,50.9,1,1
E9401,Ultrasound,7,5.0,2025-01-01 17:52:38.904066,0,0.01,67.26,2,1
E9402,MRI,1,6.8,2025-04-14 17:52:38.904066,1,0.11,56.9,2,0
E9403,Ventilator,5,1.0,2025-03-14 17:52:38.904066,1,0.48,65.33,1,1
E9404,ECG,3,10.97,2024-11-28 17:52:38.904066,2,0.07,22.42,1,1
E9405,MRI,5,6.51,2025-03-04 17:52:38.904066,1,0.22,29.97,3,0
E9406,ECG,0,16.12,2025-06-06 17:52:38.904066,0,0.67,33.18,0,1
E9407,Ultrasound,11,4.66,2024-10-10 17:52:38.904066,0,0.61,57.22,1,1
E9408,Ultrasound,3,7.1,2025-04-21 17:52:38.904066,3,0.62,49.62,0,1
E9409,Ventilator,0,13.37,2025-04-17 17:52:38.904066,1,0.17,40.5,2,0
E9410,ECG,6,10.95,2024-10-21 17:52:38.904066,0,0.55,53.83,3,1
E9411,Ventilator,2,17.11,2024-12-19 17:52:38.904066,1,0.69,24.35,2,1
E9412,Ultrasound,4,15.2,2024-08-09 17:52:38.904066,1,0.67,59.95,0,1
E9413,Ventilator,7,9.56,2025-04-24 17:52:38.904066,0,0.17,37.79,1,0
E9414,Ventilator,7,3.71,2025-02-06 17:52:38.904066,3,0.03,45.55,2,1
E9415,MRI,11,7.56,2024-09-24 17:52:38.904066,0,0.78,52.47,0,1
E9416,Ultrasound,5,18.21,2025-05-29 17:52:38.904066,2,0.52,51.42,3,1
E9417,Ventilator,2,8.35,2024-10-13 17:52:38.904066,0,0.59,34.24,0,1
E9418,Ultrasound,8,12.47,2024-08-27 17:52:38.904066,0,0.55,42.09,4,1
E9419,Ultrasound,0,6.47,2024-12-26 17:52:38.904066,3,0.48,49.29,2,1
E9420,ECG,7,10.99,2025-06-11 17:52:38.904066,1,0.46,62.97,1,1
E9421,Ultrasound,1,8.38,2024-10-12 17:52:38.904066,0,0.45,34.41,2,1
E9422,Ventilator,2,0.72,2025-05-25 17:52:38.904066,0,0.16,23.74,2,0
E9423,Ultrasound,2,11.09,2024-09-05 17:52:38.904066,0,0.36,68.6,0,1
E9424,ECG,4,7.37,2025-04-18 17:52:38.904066,0,0.5,57.75,3,0
E9425,Ultrasound,7,7.14,2025-01-29 17:52:38.904066,1,0.31,50.38,3,1
E9426,ECG,5,14.03,2024-10-29 17:52:38.904066,0,0.4,62.56,0,1
E9427,Ultrasound,5,10.86,2025-08-02 17:52:38.904066,1,0.17,33.44,0,0
E9428,MRI,4,3.66,2024-11-15 17:52:38.904066,1,0.11,64.76,0,1
E9429,ECG,1,13.61,2025-03-02 17:52:38.904066,0,0.46,37.24,1,0
E9430,Ultrasound,0,2.02,2025-02-18 17:52:38.904066,3,0.77,56.28,2,1
E9431,Ultrasound,0,5.84,2025-06-10 17:52:38.904066,1,0.3,58.58,2,0
E9432,Ultrasound,8,15.89,2025-02-21 17:52:38.904066,1,0.57,29.9,2,0
E9433,MRI,4,5.38,2025-04-21 17:52:38.904066,1,0.13,45.23,3,0
E9434,Ventilator,0,19.81,2024-08-23 17:52:38.904066,1,0.08,64.93,3,1
E9435,MRI,7,15.55,2025-03-05 17:52:38.904066,1,0.09,54.7,0,0
E9436,Ventilator,10,8.16,2025-04-26 17:52:38.904066,3,0.31,28.5,2,1
E9437,Ventilator,6,12.49,2025-05-08 17:52:38.904066,1,0.32,69.75,2,1
E9438,ECG,1,11.2,2025-06-08 17:52:38.904066,0,0.79,61.26,0,1
E9439,MRI,7,9.12,2025-01-26 17:52:38.904066,0,0.18,69.5,1,1
E9440,ECG,9,10.56,2024-10-29 17:52:38.904066,1,0.75,59.69,3,1
E9441,Ultrasound,7,5.01,2024-09-29 17:52:38.904066,0,0.19,59.8,1,1
E9442,Ventilator,6,1.74,2024-11-12 17:52:38.904066,1,0.21,36.83,2,1
E9443,Ultrasound,2,8.02,2025-07-30 17:52:38.904066,0,0.8,51.25,4,1
E9444,Ultrasound,0,19.48,2024-09-13 17:52:38.904066,1,0.77,61.32,1,1
E9445,Ventilator,2,6.23,2024-12-12 17:52:38.904066,2,0.61,25.01,4,1
E9446,Ventilator,7,13.98,2024-11-14 17:52:38.904066,0,0.7,21.87,1,1
E9447,Ventilator,2,5.82,2024-10-03 17:52:38.904066,0,0.24,26.78,0,1
E9448,Ultrasound,3,13.05,2025-02-15 17:52:38.904066,1,0.55,22.46,1,0
E9449,Ventilator,0,19.64,2024-12-08 17:52:38.904066,1,0.41,31.19,3,1
E9450,ECG,0,6.54,2025-05-11 17:52:38.904066,0,0.78,61.12,0,1
E9451,MRI,0,7.83,2025-04-24 17:52:38.904066,2,0.66,64.37,0,1
E9452,MRI,8,12.18,2025-01-02 17:52:38.904066,0,0.37,48.7,5,1
E9453,MRI,0,17.65,2025-07-07 17:52:38.904066,0,0.78,68.97,0,1
E9454,Ventilator,11,13.34,2024-11-30 17:52:38.904066,2,0.18,28.52,2,1
E9455,MRI,5,5.87,2025-02-27 17:52:38.904066,1,0.56,37.22,0,0
E9456,Ultrasound,5,9.35,2025-01-04 17:52:38.904066,0,0.74,26.54,0,1
E9457,Ultrasound,2,2.91,2024-09-17 17:52:38.904066,0,0.75,27.57,0,1
E9458,Ventilator,0,0.53,2025-07-04 17:52:38.904066,0,0.43,51.35,1,0
E9459,Ventilator,3,9.91,2025-01-11 17:52:38.904066,0,0.56,69.01,2,1
E9460,Ventilator,0,13.01,2025-02-11 17:52:38.904066,1,0.21,37.51,3,0
E9461,MRI,8,11.63,2024-11-18 17:52:38.904066,1,0.74,43.38,0,1
E9462,MRI,15,19.6,2024-12-06 17:52:38.904066,0,0.18,38.17,0,1
E9463,MRI,4,7.85,2025-06-28 17:52:38.904066,1,0.44,36.34,1,0
E9464,Ultrasound,7,14.93,2024-12-03 17:52:38.904066,0,0.74,62.47,1,1
E9465,MRI,8,11.86,2025-05-23 17:52:38.904066,1,0.64,21.6,0,1
E9466,ECG,4,9.52,2024-11-27 17:52:38.904066,1,0.28,69.99,0,1
E9467,Ventilator,11,12.74,2025-06-11 17:52:38.904066,2,0.07,41.83,0,1
E9468,MRI,8,6.14,2025-05-17 17:52:38.904066,2,0.03,38.77,1,0
E9469,MRI,2,12.8,2025-08-02 17:52:38.904066,0,0.37,49.42,1,0
E9470,Ultrasound,10,19.46,2025-01-28 17:52:38.904066,0,0.79,41.04,2,1
E9471,Ultrasound,8,4.65,2024-12-23 17:52:38.904066,0,0.05,29.23,0,1
E9472,Ventilator,1,19.62,2024-10-05 17:52:38.904066,0,0.05,48.61,2,1
E9473,Ultrasound,0,7.1,2025-02-05 17:52:38.904066,0,0.38,39.3,2,1
E9474,ECG,2,13.1,2025-06-17 17:52:38.904066,2,0.35,69.38,5,1
E9475,ECG,1,6.1,2025-05-21 17:52:38.904066,2,0.35,20.07,1,0
E9476,MRI,3,16.18,2025-01-05 17:52:38.904066,0,0.61,24.49,2,1
E9477,MRI,3,8.97,2025-03-26 17:52:38.904066,0,0.76,32.52,1,1
E9478,MRI,2,8.25,2024-12-25 17:52:38.904066,1,0.42,20.05,2,1
E9479,MRI,1,9.94,2024-10-20 17:52:38.904066,1,0.53,37.08,3,1
E9480,ECG,8,4.9,2025-05-26 17:52:38.904066,1,0.56,64.83,0,1
E9481,Ultrasound,0,2.75,2025-03-04 17:52:38.904066,0,0.51,30.09,1,0
E9482,MRI,7,4.97,2025-03-01 17:52:38.904066,1,0.61,52.72,2,1
E9483,ECG,9,9.44,2025-07-14 17:52:38.904066,3,0.2,23.48,0,1
E9484,ECG,0,17.7,2025-05-21 17:52:38.904066,3,0.06,44.82,2,1
E9485,MRI,7,18.35,2024-12-08 17:52:38.904066,2,0.43,29.42,0,1
E9486,Ultrasound,1,6.72,2025-03-23 17:52:38.904066,0,0.68,25.37,3,1
E9487,MRI,0,7.87,2024-08-19 17:52:38.904066,0,0.56,61.25,0,1
E9488,Ventilator,8,12.17,2025-05-12 17:52:38.904066,1,0.16,56.62,4,1
E9489,ECG,8,0.74,2025-04-02 17:52:38.904066,0,0.47,33.15,3,0
E9490,MRI,4,11.66,2024-10-23 17:52:38.904066,0,0.64,42.86,0,1
E9491,Ventilator,8,17.58,2024-11-24 17:52:38.904066,0,0.28,51.92,4,1
E9492,MRI,15,11.05,2025-06-14 17:52:38.904066,0,0.49,22.56,0,1
E9493,Ultrasound,1,12.92,2024-09-30 17:52:38.904066,1,0.49,45.95,1,1
E9494,ECG,1,18.68,2024-11-24 17:52:38.904066,0,0.09,46.33,3,1
E9495,Ultrasound,4,11.28,2025-07-19 17:52:38.904066,0,0.08,24.2,6,1
E9496,ECG,7,12.17,2024-10-27 17:52:38.904066,0,0.08,30.87,4,1
E9497,MRI,7,10.52,2024-10-10 17:52:38.904066,0,0.66,44.25,1,1
E9498,Ventilator,7,16.16,2025-04-12 17:52:38.904066,0,0.1,67.48,2,1
E9499,Ventilator,5,15.84,2024-10-31 17:52:38.904066,0,0.66,38.14,3,1
E9500,ECG,7,9.02,2025-06-11 17:52:38.904066,1,0.52,65.39,1,1
E9501,Ventilator,6,16.26,2024-11-13 17:52:38.904066,0,0.19,54.21,0,1
E9502,Ultrasound,2,8.73,2024-10-09 17:52:38.904066,0,0.63,51.06,2,1
E9503,ECG,8,17.57,2024-12-09 17:52:38.904066,3,0.21,37.03,0,1
E9504,Ventilator,9,9.5,2024-10-30 17:52:38.904066,2,0.25,60.66,0,1
E9505,ECG,3,7.12,2025-03-11 17:52:38.904066,0,0.64,36.8,0,1
E9506,MRI,7,16.99,2025-03-21 17:52:38.904066,0,0.0,36.15,1,1
E9507,Ultrasound,13,5.97,2025-07-15 17:52:38.904066,1,0.78,66.56,3,1
E9508,ECG,5,8.15,2024-11-26 17:52:38.904066,1,0.32,31.92,1,1
E9509,Ventilator,6,11.72,2024-11-04 17:52:38.904066,2,0.11,39.34,3,1
E9510,Ventilator,1,9.08,2025-01-12 17:52:38.904066,0,0.13,58.56,2,1
E9511,MRI,7,8.14,2025-04-29 17:52:38.904066,2,0.28,27.93,1,0
E9512,MRI,0,5.42,2024-12-11 17:52:38.904066,1,0.37,58.3,0,1
E9513,Ultrasound,2,9.2,2025-03-28 17:52:38.904066,1,0.49,51.69,2,0
E9514,ECG,14,0.91,2025-07-06 17:52:38.904066,2,0.18,57.24,3,1
E9515,MRI,3,9.74,2024-08-31 17:52:38.904066,2,0.66,62.32,1,1
E9516,MRI,0,3.01,2025-04-04 17:52:38.904066,0,0.27,26.26,0,0
E9517,Ventilator,5,17.87,2024-08-13 17:52:38.904066,0,0.6,59.75,0,1
E9518,ECG,8,19.95,2024-12-16 17:52:38.904066,0,0.71,63.05,1,1
E9519,Ventilator,7,7.9,2025-01-30 17:52:38.904066,5,0.35,31.07,1,1
E9520,Ventilator,3,8.84,2025-08-02 17:52:38.904066,1,0.43,62.12,3,1
E9521,ECG,5,19.88,2025-02-19 17:52:38.904066,0,0.63,67.97,3,1
E9522,MRI,5,19.86,2025-02-06 17:52:38.904066,1,0.66,38.01,1,1
E9523,MRI,13,8.09,2024-10-24 17:52:38.904066,0,0.27,66.32,2,1
E9524,Ultrasound,9,13.95,2024-12-04 17:52:38.904066,0,0.57,31.22,1,1
E9525,Ultrasound,3,5.71,2025-04-22 17:52:38.904066,0,0.49,56.43,1,0
E9526,Ultrasound,4,1.85,2025-01-24 17:52:38.904066,0,0.58,42.75,3,1
E9527,Ultrasound,11,0.73,2025-06-18 17:52:38.904066,1,0.54,43.32,2,1
E9528,ECG,3,6.84,2025-05-09 17:52:38.904066,4,0.57,54.21,2,1
E9529,Ultrasound,4,12.85,2024-10-25 17:52:38.904066,0,0.66,58.53,0,1
E9530,Ventilator,8,10.63,2025-04-23 17:52:38.904066,0,0.14,58.66,2,0
E9531,ECG,8,2.84,2024-11-01 17:52:38.904066,1,0.76,37.06,0,1
E9532,MRI,9,12.18,2024-10-14 17:52:38.904066,4,0.53,67.08,1,1
E9533,MRI,6,17.42,2024-09-21 17:52:38.904066,1,0.79,30.89,2,1
E9534,Ventilator,7,12.9,2024-12-13 17:52:38.904066,0,0.12,39.62,0,1
E9535,Ventilator,4,10.14,2024-12-30 17:52:38.904066,1,0.69,47.63,2,1
E9536,ECG,5,9.08,2024-11-10 17:52:38.904066,0,0.18,62.9,1,1
E9537,MRI,8,1.5,2025-04-21 17:52:38.904066,0,0.18,69.11,0,1
E9538,Ultrasound,0,4.92,2025-08-01 17:52:38.904066,1,0.63,27.1,2,1
E9539,MRI,14,1.76,2024-10-25 17:52:38.904066,1,0.33,43.39,1,1
E9540,Ultrasound,0,9.02,2025-03-17 17:52:38.904066,1,0.38,25.38,3,0
E9541,MRI,4,5.68,2024-10-13 17:52:38.904066,1,0.19,68.8,2,1
E9542,Ventilator,10,5.99,2025-04-05 17:52:38.904066,0,0.16,36.77,0,1
E9543,Ultrasound,3,14.27,2025-07-01 17:52:38.904066,1,0.65,37.74,0,1
E9544,ECG,4,16.19,2025-01-05 17:52:38.904066,1,0.51,43.54,0,1
E9545,ECG,5,9.15,2025-01-19 17:52:38.904066,1,0.32,37.78,2,1
E9546,ECG,3,1.22,2025-04-03 17:52:38.904066,1,0.24,36.89,2,0
E9547,Ultrasound,10,10.72,2024-09-22 17:52:38.904066,2,0.59,54.42,3,1
E9548,Ultrasound,0,0.27,2025-03-15 17:52:38.904066,0,0.34,44.45,1,0
E9549,ECG,2,10.0,2025-01-19 17:52:38.904066,0,0.48,60.72,0,1
E9550,MRI,4,4.41,2025-04-14 17:52:38.904066,1,0.02,32.11,0,0
E9551,Ventilator,7,11.12,2025-07-09 17:52:38.904066,0,0.34,31.31,2,0
E9552,Ventilator,1,12.89,2025-04-15 17:52:38.904066,0,0.3,55.7,2,0
E9553,MRI,1,12.98,2024-11-15 17:52:38.904066,1,0.32,23.79,0,1
E9554,MRI,0,12.27,2025-06-13 17:52:38.904066,0,0.45,49.89,0,0
E9555,MRI,6,12.95,2024-12-10 17:52:38.904066,0,0.36,30.87,1,1
E9556,Ultrasound,1,14.98,2025-06-06 17:52:38.904066,1,0.59,59.57,1,0
E9557,Ultrasound,3,5.46,2025-04-24 17:52:38.904066,0,0.58,26.61,6,1
E9558,MRI,6,19.31,2024-11-07 17:52:38.904066,0,0.12,41.09,1,1
E9559,MRI,8,13.83,2024-11-15 17:52:38.904066,0,0.39,63.65,1,1
E9560,Ultrasound,8,4.3,2024-10-19 17:52:38.904066,2,0.37,25.76,2,1
E9561,Ultrasound,3,13.55,2025-01-17 17:52:38.904066,1,0.65,50.72,2,1
E9562,ECG,8,10.97,2025-05-20 17:52:38.904066,1,0.66,60.5,2,1
E9563,ECG,8,8.95,2025-07-24 17:52:38.904066,0,0.64,27.22,2,1
E9564,ECG,11,1.15,2025-02-11 17:52:38.904066,2,0.02,26.53,2,1
E9565,Ultrasound,6,15.33,2025-06-24 17:52:38.904066,2,0.23,47.73,2,0
E9566,ECG,4,14.11,2024-12-31 17:52:38.904066,2,0.22,20.89,1,1
E9567,MRI,8,16.73,2025-06-18 17:52:38.904066,1,0.4,69.83,2,1
E9568,Ultrasound,6,14.25,2025-05-23 17:52:38.904066,0,0.02,26.96,1,0
E9569,MRI,2,13.49,2025-04-26 17:52:38.904066,2,0.61,26.28,1,1
E9570,ECG,0,16.19,2025-06-16 17:52:38.904066,3,0.63,50.86,2,1
E9571,ECG,0,9.44,2025-02-13 17:52:38.904066,0,0.1,39.22,2,0
E9572,MRI,2,0.32,2025-03-06 17:52:38.904066,0,0.32,54.14,1,0
E9573,Ultrasound,1,6.99,2024-10-19 17:52:38.904066,0,0.06,24.63,0,1
E9574,Ventilator,2,5.98,2025-06-20 17:52:38.904066,2,0.47,42.44,1,0
E9575,Ultrasound,1,14.37,2025-07-03 17:52:38.904066,0,0.62,38.17,3,1
E9576,MRI,8,10.5,2024-08-24 17:52:38.904066,1,0.14,68.97,2,1
E9577,MRI,2,19.42,2025-03-10 17:52:38.904066,0,0.79,25.47,2,1
E9578,ECG,2,7.58,2025-03-18 17:52:38.904066,1,0.72,32.15,1,1
E9579,ECG,0,17.23,2025-01-26 17:52:38.904066,3,0.02,63.55,2,1
E9580,Ultrasound,2,0.58,2025-07-11 17:52:38.904066,1,0.39,43.69,1,0
E9581,Ultrasound,6,3.84,2025-04-17 17:52:38.904066,0,0.7,55.34,1,1
E9582,Ultrasound,5,1.49,2025-06-14 17:52:38.904066,0,0.53,31.11,2,0
E9583,MRI,0,7.13,2024-10-03 17:52:38.904066,1,0.55,63.63,3,1
E9584,MRI,7,9.38,2025-06-16 17:52:38.904066,0,0.25,26.88,1,0
E9585,Ventilator,8,6.25,2025-04-29 17:52:38.904066,0,0.47,67.6,1,1
E9586,Ventilator,8,2.02,2025-01-14 17:52:38.904066,2,0.31,29.6,2,1
E9587,Ventilator,2,13.07,2025-04-17 17:52:38.904066,0,0.47,41.97,2,0
E9588,Ventilator,1,8.56,2025-06-18 17:52:38.904066,2,0.01,24.51,2,0
E9589,Ventilator,2,16.54,2024-10-20 17:52:38.904066,0,0.58,28.27,5,1
E9590,Ventilator,4,3.13,2025-02-10 17:52:38.904066,2,0.57,63.69,2,1
E9591,MRI,0,12.92,2025-02-11 17:52:38.904066,1,0.51,67.51,2,1
E9592,Ultrasound,4,3.64,2025-05-17 17:52:38.904066,0,0.23,67.43,0,1
E9593,ECG,10,15.88,2025-08-02 17:52:38.904066,2,0.56,69.2,0,1
E9594,MRI,6,14.41,2025-06-17 17:52:38.904066,1,0.53,45.59,1,0
E9595,Ultrasound,11,0.18,2024-09-15 17:52:38.904066,1,0.17,36.0,1,1
E9596,Ultrasound,13,2.77,2024-11-30 17:52:38.904066,1,0.72,44.38,2,1
E9597,Ventilator,0,19.57,2025-01-23 17:52:38.904066,1,0.03,59.09,1,1
E9598,Ventilator,0,1.19,2025-03-15 17:52:38.904066,1,0.42,64.4,1,1
E9599,MRI,2,11.41,2025-04-13 17:52:38.904066,0,0.28,32.87,1,0
E9600,ECG,7,3.7,2025-07-10 17:52:38.904066,1,0.01,67.44,4,1
E9601,Ventilator,5,3.49,2025-03-22 17:52:38.904066,1,0.5,35.64,2,0
E9602,Ventilator,8,14.01,2025-06-08 17:52:38.904066,1,0.48,53.84,4,1
E9603,MRI,4,10.03,2024-12-13 17:52:38.904066,2,0.65,63.52,1,1
E9604,MRI,0,6.71,2024-12-22 17:52:38.904066,1,0.63,67.99,1,1
E9605,ECG,0,8.15,2025-04-06 17:52:38.904066,2,0.38,29.56,0,0
E9606,Ventilator,2,13.71,2024-12-08 17:52:38.904066,1,0.5,23.79,3,1
E9607,MRI,0,3.35,2024-12-11 17:52:38.904066,2,0.47,40.43,2,1
E9608,ECG,1,7.08,2024-10-22 17:52:38.904066,0,0.27,38.42,2,1
E9609,MRI,0,5.97,2024-09-19 17:52:38.904066,1,0.14,62.17,0,1
E9610,ECG,2,12.76,2024-11-20 17:52:38.904066,0,0.01,34.98,1,1
E9611,MRI,5,7.29,2025-02-16 17:52:38.904066,0,0.44,38.67,1,0
E9612,Ventilator,0,14.63,2025-04-30 17:52:38.904066,2,0.39,54.43,1,0
E9613,MRI,9,19.46,2024-09-25 17:52:38.904066,0,0.7,31.81,1,1
E9614,MRI,7,7.98,2025-03-17 17:52:38.904066,1,0.58,63.16,2,1
E9615,Ultrasound,0,1.56,2025-05-11 17:52:38.904066,1,0.37,68.02,1,1
E9616,Ultrasound,0,5.79,2025-06-02 17:52:38.904066,1,0.61,23.7,0,1
E9617,ECG,13,13.72,2025-06-02 17:52:38.904066,1,0.72,45.13,0,1
E9618,Ventilator,2,0.04,2025-03-16 17:52:38.904066,2,0.06,36.11,1,0
E9619,Ultrasound,1,9.06,2025-03-20 17:52:38.904066,0,0.6,23.15,1,0
E9620,Ventilator,6,16.09,2024-08-26 17:52:38.904066,0,0.65,49.46,2,1
E9621,MRI,11,15.03,2025-03-07 17:52:38.904066,0,0.78,59.59,3,1
E9622,ECG,11,18.15,2025-06-05 17:52:38.904066,0,0.54,44.89,2,1
E9623,Ventilator,2,7.99,2024-12-12 17:52:38.904066,1,0.56,57.7,0,1
E9624,Ultrasound,6,12.57,2025-03-23 17:52:38.904066,0,0.52,32.44,2,0
E9625,ECG,5,7.43,2025-07-25 17:52:38.904066,1,0.48,28.87,1,0
E9626,ECG,9,17.77,2025-04-24 17:52:38.904066,0,0.7,60.87,1,1
E9627,Ultrasound,2,3.44,2025-03-29 17:52:38.904066,1,0.71,47.21,5,1
E9628,MRI,9,13.35,2025-07-13 17:52:38.904066,0,0.4,40.9,3,1
E9629,Ventilator,11,2.41,2024-08-08 17:52:38.904066,0,0.11,21.66,1,1
E9630,Ventilator,5,5.33,2024-10-22 17:52:38.904066,0,0.19,30.39,1,1
E9631,Ventilator,4,10.9,2024-11-16 17:52:38.904066,1,0.49,46.65,3,1
E9632,Ultrasound,8,4.13,2024-08-11 17:52:38.904066,1,0.25,57.59,2,1
E9633,Ventilator,8,4.16,2024-09-09 17:52:38.904066,1,0.45,66.33,0,1
E9634,Ultrasound,10,3.5,2024-12-18 17:52:38.904066,3,0.08,27.83,1,1
E9635,Ultrasound,1,0.6,2024-08-21 17:52:38.904066,0,0.03,33.92,2,1
E9636,ECG,2,12.78,2024-08-19 17:52:38.904066,0,0.78,66.68,4,1
E9637,MRI,7,14.68,2024-08-12 17:52:38.904066,0,0.74,36.28,2,1
E9638,ECG,7,11.62,2025-04-08 17:52:38.904066,0,0.3,40.25,1,0
E9639,ECG,6,16.17,2025-03-08 17:52:38.904066,0,0.18,44.22,1,1
E9640,MRI,6,12.1,2025-02-12 17:52:38.904066,0,0.38,47.99,1,0
E9641,Ultrasound,6,16.43,2024-11-18 17:52:38.904066,0,0.3,28.79,2,1
E9642,Ventilator,0,8.66,2025-04-05 17:52:38.904066,0,0.64,23.9,2,1
E9643,Ventilator,0,16.39,2024-10-05 17:52:38.904066,0,0.44,28.38,1,1
E9644,Ventilator,0,13.9,2024-12-01 17:52:38.904066,1,0.4,55.23,4,1
E9645,Ventilator,5,17.35,2024-12-07 17:52:38.904066,2,0.63,51.78,2,1
E9646,Ultrasound,10,14.77,2024-11-04 17:52:38.904066,0,0.63,55.26,2,1
E9647,Ventilator,4,13.55,2025-02-12 17:52:38.904066,0,0.65,65.56,2,1
E9648,Ventilator,8,19.83,2025-07-14 17:52:38.904066,1,0.66,34.97,1,1
E9649,MRI,9,5.6,2024-08-18 17:52:38.904066,0,0.23,39.73,1,1
E9650,Ultrasound,1,15.46,2024-09-21 17:52:38.904066,0,0.17,65.74,2,1
E9651,Ultrasound,9,15.57,2025-08-03 17:52:38.904066,0,0.77,22.21,2,1
E9652,Ventilator,9,15.34,2025-07-21 17:52:38.904066,1,0.32,47.85,1,1
E9653,Ultrasound,3,13.24,2025-07-18 17:52:38.904066,0,0.06,35.64,1,0
E9654,MRI,9,19.62,2024-12-23 17:52:38.904066,2,0.63,32.74,0,1
E9655,Ventilator,3,18.3,2024-08-23 17:52:38.904066,0,0.03,37.65,1,1
E9656,Ultrasound,2,15.33,2024-12-26 17:52:38.904066,0,0.42,57.88,2,1
E9657,Ultrasound,1,7.83,2025-07-18 17:52:38.904066,1,0.69,35.03,2,1
E9658,Ultrasound,2,1.33,2025-05-05 17:52:38.904066,1,0.18,31.77,3,0
E9659,Ultrasound,9,8.1,2025-06-01 17:52:38.904066,0,0.73,62.06,2,1
E9660,Ultrasound,9,13.2,2025-06-21 17:52:38.904066,1,0.54,28.47,2,1
E9661,Ultrasound,14,7.67,2024-10-25 17:52:38.904066,1,0.03,65.98,0,1
E9662,ECG,4,15.0,2024-09-02 17:52:38.904066,2,0.8,68.67,2,1
E9663,MRI,6,3.74,2024-09-13 17:52:38.904066,0,0.27,44.1,3,1
E9664,Ventilator,0,15.8,2025-06-26 17:52:38.904066,1,0.67,25.8,2,1
E9665,Ultrasound,12,13.06,2024-10-24 17:52:38.904066,0,0.71,24.48,1,1
E9666,Ultrasound,4,6.56,2024-12-11 17:52:38.904066,0,0.45,60.85,2,1
E9667,Ventilator,4,0.79,2024-12-27 17:52:38.904066,0,0.34,26.92,3,1
E9668,Ventilator,4,11.3,2024-09-27 17:52:38.904066,0,0.46,42.89,1,1
E9669,Ultrasound,1,5.61,2025-02-10 17:52:38.904066,0,0.24,27.11,0,0
E9670,Ultrasound,4,3.65,2025-02-26 17:52:38.904066,0,0.49,52.85,1,0
E9671,ECG,6,13.28,2025-06-27 17:52:38.904066,0,0.22,46.79,2,0
E9672,Ultrasound,3,0.09,2025-05-04 17:52:38.904066,2,0.38,61.39,3,1
E9673,MRI,0,12.53,2024-10-09 17:52:38.904066,0,0.11,68.21,2,1
E9674,MRI,3,7.83,2024-11-09 17:52:38.904066,0,0.34,28.74,1,1
E9675,MRI,9,14.26,2024-11-26 17:52:38.904066,1,0.72,32.22,3,1
E9676,Ventilator,1,14.56,2025-07-02 17:52:38.904066,0,0.36,40.61,4,1
E9677,Ventilator,9,11.26,2025-05-13 17:52:38.904066,0,0.09,69.53,0,1
E9678,Ultrasound,8,10.13,2025-07-06 17:52:38.904066,1,0.29,45.1,3,0
E9679,ECG,14,4.41,2025-01-14 17:52:38.904066,1,0.75,64.17,3,1
E9680,ECG,4,3.08,2024-08-29 17:52:38.904066,1,0.74,69.67,1,1
E9681,Ventilator,0,11.02,2024-11-29 17:52:38.904066,1,0.44,21.37,4,1
E9682,Ventilator,10,0.56,2024-09-04 17:52:38.904066,3,0.69,33.46,2,1
E9683,MRI,0,14.48,2025-04-05 17:52:38.904066,1,0.76,69.0,2,1
E9684,MRI,5,1.3,2025-01-05 17:52:38.904066,0,0.27,61.77,1,1
E9685,ECG,8,12.36,2025-01-02 17:52:38.904066,0,0.07,60.51,4,1
E9686,MRI,0,13.18,2025-08-03 17:52:38.904066,1,0.04,54.41,1,0
E9687,ECG,8,4.62,2024-08-13 17:52:38.904066,0,0.21,47.76,0,1
E9688,ECG,6,6.19,2024-12-24 17:52:38.904066,0,0.62,62.72,1,1
E9689,Ultrasound,9,5.89,2024-10-17 17:52:38.904066,0,0.63,64.15,0,1
E9690,ECG,3,15.81,2025-03-08 17:52:38.904066,0,0.16,50.4,1,0
E9691,Ventilator,8,7.82,2025-08-03 17:52:38.904066,1,0.67,36.01,2,1
E9692,ECG,7,12.47,2025-01-04 17:52:38.904066,0,0.33,33.93,1,1
E9693,Ultrasound,3,7.78,2025-01-09 17:52:38.904066,3,0.36,48.58,0,1
E9694,ECG,5,7.81,2025-06-03 17:52:38.904066,1,0.13,69.07,1,1
E9695,ECG,5,14.85,2024-11-09 17:52:38.904066,1,0.11,40.76,1,1
E9696,MRI,9,10.12,2025-07-06 17:52:38.904066,4,0.33,22.37,0,1
E9697,ECG,1,6.93,2025-05-30 17:52:38.904066,2,0.41,34.1,1,0
E9698,ECG,6,7.84,2024-12-25 17:52:38.904066,2,0.62,29.52,2,1
E9699,ECG,0,19.17,2025-02-26 17:52:38.904066,1,0.35,37.7,2,1
E9700,MRI,2,11.47,2025-05-06 17:52:38.904066,0,0.53,26.48,0,0
E9701,ECG,7,3.95,2025-02-28 17:52:38.904066,0,0.27,50.91,1,0
E9702,ECG,2,10.07,2025-06-29 17:52:38.904066,0,0.71,48.67,1,1
E9703,Ultrasound,4,0.37,2025-02-05 17:52:38.904066,1,0.33,58.81,3,1
E9704,MRI,8,2.82,2025-01-05 17:52:38.904066,0,0.06,53.59,0,1
E9705,MRI,4,7.24,2025-05-01 17:52:38.904066,4,0.47,54.98,3,1
E9706,Ventilator,7,16.3,2024-10-01 17:52:38.904066,2,0.61,31.88,0,1
E9707,MRI,7,16.48,2024-12-23 17:52:38.904066,0,0.11,62.53,0,1
E9708,MRI,1,15.96,2025-07-22 17:52:38.904066,0,0.58,50.08,2,0
E9709,Ultrasound,3,4.0,2024-11-13 17:52:38.904066,1,0.68,21.62,0,1
E9710,ECG,8,17.14,2025-05-24 17:52:38.904066,0,0.05,47.81,3,1
E9711,MRI,3,15.31,2025-02-06 17:52:38.904066,0,0.6,60.71,1,1
E9712,ECG,9,10.92,2024-08-11 17:52:38.904066,1,0.7,58.57,5,1
E9713,MRI,1,19.08,2024-12-23 17:52:38.904066,0,0.37,67.47,2,1
E9714,ECG,10,11.63,2024-11-01 17:52:38.904066,1,0.23,29.95,5,1
E9715,MRI,0,6.97,2024-11-17 17:52:38.904066,0,0.56,31.99,2,1
E9716,Ventilator,8,16.25,2024-10-25 17:52:38.904066,1,0.01,42.99,1,1
E9717,MRI,0,12.36,2025-05-07 17:52:38.904066,2,0.09,28.93,2,0
E9718,ECG,4,17.83,2024-09-28 17:52:38.904066,2,0.18,40.41,1,1
E9719,Ventilator,5,15.26,2024-08-27 17:52:38.904066,1,0.48,45.47,3,1
E9720,Ultrasound,5,9.48,2025-03-09 17:52:38.904066,1,0.47,51.36,0,0
E9721,Ultrasound,15,7.35,2025-03-01 17:52:38.904066,1,0.16,34.68,2,1
E9722,ECG,8,5.8,2024-10-23 17:52:38.904066,1,0.07,28.05,0,1
E9723,Ultrasound,8,13.05,2024-10-20 17:52:38.904066,1,0.31,49.47,1,1
E9724,ECG,6,0.48,2024-10-11 17:52:38.904066,2,0.36,37.33,0,1
E9725,ECG,9,10.13,2025-02-26 17:52:38.904066,1,0.71,63.66,0,1
E9726,MRI,0,19.83,2025-04-29 17:52:38.904066,0,0.15,62.02,1,1
E9727,Ultrasound,0,9.59,2025-05-31 17:52:38.904066,1,0.57,54.47,3,0
E9728,ECG,1,17.01,2025-03-24 17:52:38.904066,0,0.3,45.76,2,1
E9729,Ventilator,4,2.15,2024-09-19 17:52:38.904066,1,0.44,57.28,3,1
E9730,ECG,8,19.47,2025-01-11 17:52:38.904066,1,0.47,68.36,1,1
E9731,ECG,12,9.13,2024-11-09 17:52:38.904066,1,0.11,22.03,0,1
E9732,Ultrasound,1,18.18,2024-08-26 17:52:38.904066,1,0.16,30.67,1,1
E9733,Ventilator,4,3.6,2025-03-26 17:52:38.904066,1,0.49,23.58,3,0
E9734,ECG,7,9.54,2025-01-29 17:52:38.904066,3,0.15,28.83,0,1
E9735,Ultrasound,9,19.93,2024-12-29 17:52:38.904066,0,0.39,49.62,3,1
E9736,MRI,7,1.06,2024-08-29 17:52:38.904066,0,0.59,54.11,0,1
E9737,Ultrasound,4,10.13,2025-02-21 17:52:38.904066,1,0.77,50.19,2,1
E9738,ECG,0,2.04,2025-03-03 17:52:38.904066,0,0.01,40.84,2,0
E9739,Ultrasound,2,17.57,2024-10-30 17:52:38.904066,1,0.68,53.7,2,1
E9740,MRI,0,13.13,2025-07-24 17:52:38.904066,1,0.44,45.03,0,0
E9741,ECG,1,19.39,2025-01-30 17:52:38.904066,1,0.46,26.02,0,1
E9742,Ventilator,12,10.51,2025-07-27 17:52:38.904066,4,0.38,52.23,1,1
E9743,ECG,2,4.74,2024-11-10 17:52:38.904066,1,0.76,29.55,1,1
E9744,ECG,11,15.48,2024-11-14 17:52:38.904066,1,0.11,62.94,2,1
E9745,MRI,0,2.02,2025-03-28 17:52:38.904066,0,0.14,56.37,1,0
E9746,Ultrasound,0,10.4,2025-04-28 17:52:38.904066,2,0.72,31.06,1,1
E9747,Ventilator,5,1.47,2024-12-03 17:52:38.904066,1,0.5,36.33,2,1
E9748,MRI,0,18.25,2024-12-06 17:52:38.904066,1,0.09,57.1,0,1
E9749,Ultrasound,5,1.71,2025-07-05 17:52:38.904066,1,0.5,27.79,1,0
E9750,ECG,1,10.07,2024-08-20 17:52:38.904066,1,0.01,27.83,2,1
E9751,ECG,2,2.74,2024-08-08 17:52:38.904066,0,0.74,39.8,4,1
E9752,MRI,8,2.5,2024-08-14 17:52:38.904066,0,0.76,24.75,2,1
E9753,Ultrasound,8,17.4,2024-10-06 17:52:38.904066,0,0.25,56.2,2,1
E9754,Ventilator,11,5.51,2025-04-05 17:52:38.904066,3,0.56,55.8,2,1
E9755,ECG,4,3.18,2024-10-28 17:52:38.904066,1,0.67,35.88,1,1
E9756,ECG,7,19.7,2024-11-14 17:52:38.904066,1,0.35,33.47,1,1
E9757,Ventilator,9,2.65,2025-01-19 17:52:38.904066,1,0.3,37.99,1,1
E9758,MRI,8,11.44,2024-08-09 17:52:38.904066,0,0.77,56.14,0,1
E9759,MRI,7,3.46,2024-09-06 17:52:38.904066,2,0.49,29.01,3,1
E9760,MRI,5,7.66,2025-07-31 17:52:38.904066,1,0.57,42.96,4,1
E9761,Ultrasound,4,10.05,2025-03-24 17:52:38.904066,0,0.3,33.08,2,0
E9762,Ventilator,4,14.33,2025-03-24 17:52:38.904066,1,0.41,27.98,3,0
E9763,ECG,8,9.71,2024-11-10 17:52:38.904066,2,0.19,61.14,1,1
E9764,Ultrasound,6,3.85,2025-06-28 17:52:38.904066,0,0.52,50.34,0,0
E9765,Ultrasound,9,1.08,2025-07-29 17:52:38.904066,1,0.01,40.8,3,1
E9766,ECG,6,19.81,2024-10-18 17:52:38.904066,2,0.32,24.42,2,1
E9767,Ultrasound,6,10.82,2024-12-21 17:52:38.904066,0,0.71,58.64,1,1
E9768,ECG,7,6.21,2025-06-14 17:52:38.904066,0,0.44,43.04,1,0
E9769,Ultrasound,5,14.03,2025-06-27 17:52:38.904066,0,0.77,56.36,3,1
E9770,ECG,0,13.73,2025-02-21 17:52:38.904066,0,0.15,65.22,3,1
E9771,MRI,5,12.78,2025-03-24 17:52:38.904066,2,0.12,35.89,2,0
E9772,MRI,5,18.68,2024-11-05 17:52:38.904066,1,0.34,66.34,2,1
E9773,Ventilator,6,13.59,2024-12-25 17:52:38.904066,0,0.5,60.15,1,1
E9774,ECG,7,19.93,2025-05-11 17:52:38.904066,0,0.06,61.51,2,1
E9775,ECG,13,12.62,2024-12-12 17:52:38.904066,2,0.14,67.78,0,1
E9776,MRI,7,1.49,2025-05-14 17:52:38.904066,1,0.7,58.56,2,1
E9777,ECG,3,2.63,2025-01-21 17:52:38.904066,0,0.42,46.4,3,1
E9778,ECG,4,11.96,2024-10-04 17:52:38.904066,1,0.03,37.26,2,1
E9779,MRI,0,13.09,2024-09-05 17:52:38.904066,1,0.62,40.22,0,1
E9780,Ventilator,2,3.77,2025-04-19 17:52:38.904066,2,0.66,27.82,3,1
E9781,ECG,9,7.34,2025-04-05 17:52:38.904066,0,0.03,47.05,2,1
E9782,ECG,8,4.33,2025-01-11 17:52:38.904066,0,0.7,66.95,2,1
E9783,MRI,1,15.28,2025-02-03 17:52:38.904066,3,0.42,69.33,2,1
E9784,Ventilator,11,15.15,2025-01-06 17:52:38.904066,1,0.59,26.29,1,1
E9785,Ventilator,6,11.22,2025-03-12 17:52:38.904066,1,0.62,69.76,2,1
E9786,ECG,4,6.95,2025-03-06 17:52:38.904066,0,0.48,47.68,0,0
E9787,MRI,8,5.47,2024-10-09 17:52:38.904066,1,0.49,42.83,2,1
E9788,Ventilator,3,5.12,2024-12-11 17:52:38.904066,1,0.49,51.76,2,1
E9789,Ultrasound,7,3.95,2024-08-07 17:52:38.904066,1,0.38,27.84,0,1
E9790,ECG,1,19.68,2025-05-03 17:52:38.904066,1,0.61,52.27,0,1
E9791,Ultrasound,7,1.47,2025-04-12 17:52:38.904066,1,0.38,34.23,0,0
E9792,ECG,12,15.54,2025-04-20 17:52:38.904066,0,0.4,39.61,0,1
E9793,Ultrasound,1,19.14,2025-07-11 17:52:38.904066,0,0.54,57.04,1,1
E9794,Ventilator,3,17.29,2025-08-04 17:52:38.904066,3,0.03,69.91,0,1
E9795,Ventilator,4,14.28,2025-05-05 17:52:38.904066,1,0.4,28.75,2,0
E9796,MRI,11,8.46,2024-11-16 17:52:38.904066,0,0.16,22.63,3,1
E9797,ECG,15,0.5,2024-09-17 17:52:38.904066,0,0.17,24.79,1,1
E9798,MRI,4,11.6,2024-10-21 17:52:38.904066,0,0.07,67.59,3,1
E9799,Ultrasound,9,16.12,2025-02-09 17:52:38.904066,1,0.34,51.17,0,1
E9800,Ventilator,2,12.65,2025-04-28 17:52:38.904066,0,0.4,26.46,2,0
E9801,Ventilator,8,18.88,2024-11-12 17:52:38.904066,0,0.16,48.28,4,1
E9802,Ultrasound,4,14.37,2024-11-06 17:52:38.904066,2,0.01,58.79,1,1
E9803,Ultrasound,6,17.91,2024-10-18 17:52:38.904066,0,0.74,41.28,2,1
E9804,MRI,6,10.01,2025-05-29 17:52:38.904066,2,0.8,51.18,2,1
E9805,MRI,8,15.64,2024-10-12 17:52:38.904066,1,0.56,28.84,1,1
E9806,MRI,8,6.11,2025-06-20 17:52:38.904066,0,0.77,32.37,1,1
E9807,Ventilator,9,5.34,2024-12-21 17:52:38.904066,0,0.34,44.57,0,1
E9808,ECG,0,7.43,2025-03-31 17:52:38.904066,2,0.7,43.27,0,1
E9809,MRI,8,2.33,2025-02-07 17:52:38.904066,0,0.45,37.35,3,0
E9810,Ultrasound,6,6.99,2025-05-19 17:52:38.904066,1,0.45,63.73,1,1
E9811,ECG,9,18.21,2025-01-30 17:52:38.904066,0,0.08,68.62,0,1
E9812,Ventilator,0,6.23,2025-01-23 17:52:38.904066,0,0.68,47.65,2,1
E9813,ECG,4,14.34,2024-10-13 17:52:38.904066,1,0.08,21.6,3,1
E9814,Ultrasound,11,6.32,2024-12-04 17:52:38.904066,0,0.3,46.93,2,1
E9815,MRI,10,2.84,2025-06-08 17:52:38.904066,1,0.79,39.97,1,1
E9816,MRI,5,15.45,2025-01-30 17:52:38.904066,1,0.0,68.2,0,1
E9817,Ventilator,0,16.3,2024-11-02 17:52:38.904066,1,0.01,68.4,2,1
E9818,ECG,10,13.22,2025-04-30 17:52:38.904066,1,0.41,29.21,1,1
E9819,ECG,6,4.27,2025-02-03 17:52:38.904066,1,0.03,39.63,1,1
E9820,ECG,3,11.69,2024-12-26 17:52:38.904066,1,0.03,23.79,1,1
E9821,MRI,4,19.76,2024-11-13 17:52:38.904066,0,0.03,39.46,1,1
E9822,Ultrasound,6,13.35,2024-12-04 17:52:38.904066,1,0.66,53.22,3,1
E9823,ECG,9,19.7,2024-11-27 17:52:38.904066,1,0.38,35.7,1,1
E9824,Ventilator,2,6.47,2025-02-05 17:52:38.904066,0,0.53,27.4,3,1
E9825,Ventilator,5,18.24,2024-09-11 17:52:38.904066,2,0.67,22.5,1,1
E9826,ECG,0,16.13,2024-10-02 17:52:38.904066,0,0.4,31.12,1,1
E9827,Ultrasound,7,19.05,2024-12-23 17:52:38.904066,1,0.21,39.92,2,1
E9828,MRI,10,19.72,2025-01-09 17:52:38.904066,1,0.29,54.35,4,1
E9829,Ventilator,7,15.07,2024-09-24 17:52:38.904066,1,0.3,37.17,1,1
E9830,Ventilator,4,15.0,2024-08-13 17:52:38.904066,3,0.02,48.21,1,1
E9831,Ventilator,6,19.11,2024-08-27 17:52:38.904066,1,0.07,55.54,2,1
E9832,Ventilator,5,12.43,2025-03-13 17:52:38.904066,0,0.42,68.45,1,1
E9833,Ventilator,8,3.06,2025-06-15 17:52:38.904066,0,0.74,68.57,2,1
E9834,Ventilator,1,9.28,2024-11-03 17:52:38.904066,1,0.42,66.52,2,1
E9835,Ventilator,1,3.94,2025-02-13 17:52:38.904066,2,0.19,49.68,1,0
E9836,ECG,4,13.14,2024-09-26 17:52:38.904066,1,0.61,26.19,3,1
E9837,MRI,7,15.91,2025-02-23 17:52:38.904066,2,0.47,49.93,0,0
E9838,ECG,5,10.6,2024-12-29 17:52:38.904066,2,0.36,47.54,2,1
E9839,MRI,5,3.96,2025-06-27 17:52:38.904066,1,0.15,33.73,4,1
E9840,MRI,6,9.37,2024-09-01 17:52:38.904066,1,0.29,51.83,0,1
E9841,MRI,2,17.64,2024-08-23 17:52:38.904066,1,0.44,42.95,1,1
E9842,Ultrasound,6,6.34,2024-11-25 17:52:38.904066,0,0.67,25.3,3,1
E9843,Ventilator,8,19.87,2024-11-05 17:52:38.904066,1,0.39,53.24,1,1
E9844,MRI,6,2.53,2025-07-09 17:52:38.904066,1,0.07,29.65,2,0
E9845,Ventilator,11,12.79,2024-11-12 17:52:38.904066,1,0.01,35.99,1,1
E9846,MRI,11,15.33,2025-01-10 17:52:38.904066,0,0.37,24.34,2,1
E9847,Ventilator,6,19.35,2025-05-12 17:52:38.904066,0,0.36,29.53,0,1
E9848,Ventilator,7,17.65,2025-04-16 17:52:38.904066,1,0.62,22.79,2,1
E9849,Ventilator,0,11.42,2024-08-11 17:52:38.904066,0,0.71,42.37,1,1
E9850,Ventilator,9,4.89,2025-07-14 17:52:38.904066,0,0.12,24.0,0,1
E9851,ECG,6,5.14,2025-01-23 17:52:38.904066,0,0.05,21.66,2,1
E9852,Ventilator,9,4.91,2025-06-27 17:52:38.904066,2,0.05,53.26,1,1
E9853,ECG,6,3.15,2025-06-22 17:52:38.904066,3,0.15,51.01,3,1
E9854,Ventilator,2,5.7,2025-03-09 17:52:38.904066,1,0.6,49.71,1,0
E9855,ECG,5,16.8,2024-08-23 17:52:38.904066,1,0.22,31.17,4,1
E9856,Ventilator,13,13.34,2024-12-04 17:52:38.904066,0,0.6,25.33,2,1
E9857,ECG,0,1.17,2024-12-05 17:52:38.904066,0,0.75,47.38,0,1
E9858,ECG,1,9.09,2025-01-19 17:52:38.904066,1,0.24,28.06,1,1
E9859,Ultrasound,2,7.48,2024-08-25 17:52:38.904066,1,0.74,31.21,1,1
E9860,ECG,7,12.74,2024-12-20 17:52:38.904066,1,0.48,41.08,2,1
E9861,ECG,13,10.72,2025-01-27 17:52:38.904066,0,0.45,65.49,0,1
E9862,ECG,5,0.82,2025-04-19 17:52:38.904066,0,0.17,28.18,2,0
E9863,MRI,0,16.48,2025-05-21 17:52:38.904066,0,0.33,63.18,1,1
E9864,ECG,11,4.32,2024-12-19 17:52:38.904066,2,0.08,39.01,4,1
E9865,ECG,6,6.94,2025-04-21 17:52:38.904066,0,0.65,44.34,1,1
E9866,MRI,3,11.76,2025-07-25 17:52:38.904066,1,0.28,22.07,2,0
E9867,Ventilator,10,15.25,2025-01-13 17:52:38.904066,2,0.18,26.72,5,1
E9868,ECG,6,5.81,2025-03-24 17:52:38.904066,0,0.3,54.47,1,0
E9869,ECG,5,8.06,2025-03-09 17:52:38.904066,4,0.23,25.79,2,1
E9870,ECG,6,1.74,2025-01-19 17:52:38.904066,2,0.03,37.52,1,1
E9871,ECG,6,13.06,2025-03-28 17:52:38.904066,0,0.4,38.85,5,1
E9872,Ultrasound,1,8.83,2024-09-23 17:52:38.904066,3,0.28,49.78,2,1
E9873,ECG,8,4.64,2024-12-22 17:52:38.904066,0,0.28,33.17,1,1
E9874,Ultrasound,3,3.62,2025-05-26 17:52:38.904066,1,0.73,40.78,3,1
E9875,Ultrasound,7,1.87,2025-01-30 17:52:38.904066,0,0.03,24.74,1,1
E9876,MRI,0,14.79,2024-11-14 17:52:38.904066,1,0.33,66.65,1,1
E9877,MRI,3,15.89,2025-05-15 17:52:38.904066,0,0.74,48.37,1,1
E9878,Ventilator,6,17.37,2025-02-24 17:52:38.904066,0,0.74,65.73,1,1
E9879,Ventilator,14,4.7,2025-03-01 17:52:38.904066,1,0.03,29.11,1,1
E9880,Ultrasound,7,4.15,2024-09-04 17:52:38.904066,2,0.46,32.13,0,1
E9881,Ultrasound,5,16.52,2025-07-15 17:52:38.904066,1,0.47,31.88,1,1
E9882,Ultrasound,11,18.21,2025-06-01 17:52:38.904066,0,0.68,28.43,2,1
E9883,ECG,3,1.62,2025-06-17 17:52:38.904066,2,0.77,37.23,5,1
E9884,ECG,3,8.64,2025-07-24 17:52:38.904066,0,0.33,24.17,3,0
E9885,MRI,8,11.21,2025-01-14 17:52:38.904066,1,0.28,62.21,1,1
E9886,MRI,6,15.63,2025-03-11 17:52:38.904066,0,0.55,56.02,1,0
E9887,Ultrasound,7,9.78,2024-10-12 17:52:38.904066,1,0.6,21.93,4,1
E9888,Ultrasound,11,18.86,2024-08-07 17:52:38.904066,0,0.8,61.38,1,1
E9889,Ventilator,3,11.95,2024-10-24 17:52:38.904066,0,0.5,65.96,1,1
E9890,Ventilator,9,10.98,2025-04-23 17:52:38.904066,1,0.75,36.84,0,1
E9891,Ventilator,3,3.28,2025-01-30 17:52:38.904066,0,0.21,61.07,4,1
E9892,Ventilator,0,10.22,2025-03-15 17:52:38.904066,2,0.21,64.56,2,1
E9893,MRI,6,0.63,2025-03-07 17:52:38.904066,0,0.26,37.2,0,0
E9894,Ultrasound,8,4.99,2025-04-27 17:52:38.904066,1,0.54,67.69,2,1
E9895,MRI,3,0.6,2024-12-07 17:52:38.904066,0,0.13,42.34,2,1
E9896,MRI,5,16.75,2025-03-25 17:52:38.904066,1,0.34,56.75,1,1
E9897,MRI,0,2.86,2025-06-23 17:52:38.904066,0,0.05,65.89,3,1
E9898,Ultrasound,7,14.28,2024-09-21 17:52:38.904066,1,0.71,33.01,1,1
E9899,Ventilator,0,19.73,2025-02-09 17:52:38.904066,1,0.74,52.49,0,1
E9900,MRI,8,4.65,2025-06-16 17:52:38.904066,0,0.29,58.04,2,0
E9901,Ventilator,9,2.82,2025-06-22 17:52:38.904066,2,0.52,51.45,0,1
E9902,ECG,0,0.81,2025-04-30 17:52:38.904066,3,0.45,67.21,1,1
E9903,ECG,4,13.46,2024-12-21 17:52:38.904066,0,0.7,59.78,0,1
E9904,ECG,5,9.68,2025-04-24 17:52:38.904066,0,0.46,49.6,1,0
E9905,Ventilator,7,1.47,2025-05-07 17:52:38.904066,1,0.65,58.17,2,1
E9906,Ultrasound,12,15.24,2025-03-27 17:52:38.904066,1,0.3,30.38,3,1
E9907,MRI,15,15.04,2025-04-19 17:52:38.904066,0,0.18,65.33,2,1
E9908,Ventilator,1,7.02,2025-06-25 17:52:38.904066,1,0.48,45.53,0,0
E9909,Ventilator,8,2.97,2025-01-17 17:52:38.904066,0,0.42,54.75,2,1
E9910,MRI,0,18.72,2025-02-10 17:52:38.904066,0,0.6,67.86,0,1
E9911,ECG,9,7.39,2025-02-16 17:52:38.904066,0,0.78,63.08,0,1
E9912,MRI,4,10.03,2025-01-24 17:52:38.904066,2,0.36,46.49,2,1
E9913,Ultrasound,7,10.45,2025-02-02 17:52:38.904066,3,0.68,28.27,2,1
E9914,Ventilator,0,18.65,2025-07-03 17:52:38.904066,0,0.58,66.32,1,1
E9915,Ventilator,3,8.02,2024-08-27 17:52:38.904066,0,0.6,42.77,1,1
E9916,MRI,4,5.15,2024-11-19 17:52:38.904066,1,0.16,41.78,0,1
E9917,ECG,8,0.0,2025-01-22 17:52:38.904066,1,0.27,38.39,1,1
E9918,MRI,4,3.72,2024-11-12 17:52:38.904066,2,0.72,38.39,4,1
E9919,MRI,2,10.34,2025-04-16 17:52:38.904066,1,0.72,22.74,1,1
E9920,MRI,8,16.75,2024-08-17 17:52:38.904066,1,0.73,44.67,1,1
E9921,Ultrasound,10,10.75,2025-01-10 17:52:38.904066,1,0.59,56.29,1,1
E9922,ECG,10,16.55,2025-07-21 17:52:38.904066,3,0.35,29.01,3,1
E9923,MRI,2,16.55,2025-02-20 17:52:38.904066,0,0.4,54.67,2,1
E9924,MRI,6,15.45,2024-12-30 17:52:38.904066,0,0.1,69.95,2,1
E9925,ECG,2,2.53,2025-04-30 17:52:38.904066,0,0.04,30.56,0,0
E9926,MRI,3,14.47,2025-02-06 17:52:38.904066,0,0.2,63.95,4,1
E9927,MRI,11,14.92,2025-08-02 17:52:38.904066,2,0.73,41.92,3,1
E9928,Ultrasound,1,19.72,2024-09-03 17:52:38.904066,1,0.45,53.3,2,1
E9929,Ultrasound,1,6.76,2024-10-01 17:52:38.904066,0,0.68,29.37,4,1
E9930,Ventilator,1,1.78,2025-04-20 17:52:38.904066,0,0.41,37.25,3,0
E9931,MRI,6,10.85,2024-12-24 17:52:38.904066,0,0.78,54.15,0,1
E9932,Ventilator,10,14.5,2025-07-31 17:52:38.904066,0,0.32,63.76,0,1
E9933,MRI,2,17.16,2025-01-15 17:52:38.904066,1,0.14,65.98,3,1
E9934,Ultrasound,3,9.24,2025-04-09 17:52:38.904066,2,0.17,43.25,1,0
E9935,Ultrasound,3,17.48,2024-11-15 17:52:38.904066,2,0.38,51.16,1,1
E9936,Ventilator,4,15.09,2024-08-31 17:52:38.904066,2,0.7,47.01,1,1
E9937,MRI,3,2.25,2025-02-03 17:52:38.904066,0,0.7,68.89,0,1
E9938,Ventilator,2,18.32,2024-12-02 17:52:38.904066,1,0.75,32.52,1,1
E9939,MRI,7,8.96,2025-05-18 17:52:38.904066,0,0.21,29.58,0,0
E9940,ECG,3,3.43,2024-12-30 17:52:38.904066,1,0.47,67.85,0,1
E9941,Ventilator,9,3.05,2024-09-07 17:52:38.904066,1,0.46,26.86,0,1
E9942,Ventilator,14,17.9,2025-04-26 17:52:38.904066,1,0.25,28.83,0,1
E9943,Ultrasound,9,16.39,2025-05-12 17:52:38.904066,1,0.38,43.23,3,1
E9944,Ultrasound,6,2.52,2025-04-22 17:52:38.904066,0,0.13,24.36,0,0
E9945,Ventilator,10,2.12,2024-08-09 17:52:38.904066,0,0.45,22.68,1,1
E9946,Ventilator,2,13.66,2024-09-08 17:52:38.904066,1,0.18,24.09,2,1
E9947,MRI,1,2.82,2025-04-05 17:52:38.904066,1,0.03,63.17,0,1
E9948,Ventilator,7,5.62,2025-03-03 17:52:38.904066,1,0.61,45.79,1,1
E9949,ECG,6,13.24,2024-10-20 17:52:38.904066,1,0.23,44.87,1,1
E9950,ECG,6,18.35,2025-03-16 17:52:38.904066,0,0.07,50.84,1,1
E9951,ECG,7,6.91,2025-01-09 17:52:38.904066,1,0.25,21.86,1,1
E9952,ECG,4,12.08,2024-10-15 17:52:38.904066,1,0.57,49.8,0,1
E9953,Ultrasound,4,3.86,2025-05-20 17:52:38.904066,1,0.77,68.24,2,1
E9954,MRI,5,11.96,2025-02-08 17:52:38.904066,1,0.22,63.3,2,1
E9955,Ultrasound,0,10.89,2025-08-02 17:52:38.904066,0,0.23,45.91,2,0
E9956,Ultrasound,4,19.91,2024-09-12 17:52:38.904066,0,0.22,51.26,3,1
E9957,Ventilator,2,0.53,2024-09-11 17:52:38.904066,3,0.57,21.22,1,1
E9958,ECG,13,6.82,2024-12-19 17:52:38.904066,0,0.33,64.53,1,1
E9959,MRI,8,6.76,2025-02-02 17:52:38.904066,0,0.58,62.17,2,1
E9960,ECG,5,3.54,2024-12-09 17:52:38.904066,0,0.17,39.13,0,1
E9961,ECG,5,5.39,2025-06-25 17:52:38.904066,2,0.18,42.62,3,0
E9962,MRI,7,3.4,2025-03-15 17:52:38.904066,2,0.06,22.82,2,0
E9963,Ultrasound,7,6.51,2025-04-07 17:52:38.904066,2,0.04,56.4,1,0
E9964,Ventilator,0,16.95,2025-01-05 17:52:38.904066,0,0.32,69.52,1,1
E9965,Ventilator,0,8.2,2024-12-27 17:52:38.904066,0,0.53,35.6,1,1
E9966,Ventilator,4,15.0,2025-01-15 17:52:38.904066,1,0.54,30.35,1,1
E9967,MRI,0,10.53,2025-05-06 17:52:38.904066,2,0.27,24.7,2,0
E9968,Ventilator,4,12.81,2024-08-26 17:52:38.904066,0,0.15,52.61,5,1
E9969,Ultrasound,2,18.76,2024-09-24 17:52:38.904066,0,0.14,42.56,1,1
E9970,ECG,9,1.99,2025-02-23 17:52:38.904066,1,0.46,48.32,1,1
E9971,ECG,2,8.71,2025-02-18 17:52:38.904066,2,0.37,28.93,0,0
E9972,Ultrasound,3,0.84,2025-06-17 17:52:38.904066,1,0.6,61.72,2,1
E9973,Ventilator,0,14.59,2025-05-09 17:52:38.904066,1,0.41,61.22,1,1
E9974,Ventilator,3,12.72,2025-01-25 17:52:38.904066,0,0.02,34.33,3,1
E9975,ECG,6,3.61,2024-08-13 17:52:38.904066,0,0.24,38.87,1,1
E9976,MRI,12,13.07,2025-05-25 17:52:38.904066,1,0.78,66.77,1,1
E9977,Ventilator,7,3.72,2025-02-03 17:52:38.904066,0,0.24,55.53,3,1
E9978,ECG,4,11.22,2025-04-12 17:52:38.904066,0,0.75,67.08,1,1
E9979,Ventilator,0,17.3,2024-11-06 17:52:38.904066,0,0.69,42.43,3,1
E9980,MRI,0,11.07,2025-04-01 17:52:38.904066,0,0.48,21.59,2,0
E9981,MRI,7,2.9,2025-05-31 17:52:38.904066,2,0.31,30.41,3,0
E9982,Ultrasound,4,14.74,2025-05-26 17:52:38.904066,1,0.57,69.24,3,1
E9983,Ventilator,0,1.14,2024-12-11 17:52:38.904066,0,0.06,28.62,0,1
E9984,MRI,0,12.96,2024-08-30 17:52:38.904066,3,0.46,34.35,0,1
E9985,Ultrasound,5,13.89,2025-04-03 17:52:38.904066,2,0.67,46.78,2,1
E9986,ECG,4,2.69,2025-03-15 17:52:38.904066,3,0.11,48.96,0,1
E9987,Ventilator,6,8.17,2024-12-12 17:52:38.904066,1,0.34,69.7,3,1
E9988,Ventilator,7,11.06,2025-06-25 17:52:38.904066,0,0.69,52.82,3,1
E9989,MRI,13,10.4,2025-01-19 17:52:38.904066,0,0.52,66.31,4,1
E9990,Ventilator,3,11.89,2024-09-09 17:52:38.904066,1,0.45,69.78,3,1
E9991,Ultrasound,0,1.92,2025-05-29 17:52:38.904066,3,0.71,44.09,0,1
E9992,MRI,4,14.56,2025-03-04 17:52:38.904066,2,0.16,35.51,2,0
E9993,ECG,9,9.62,2025-01-18 17:52:38.904066,0,0.54,31.93,1,1
E9994,ECG,2,7.89,2024-09-27 17:52:38.904066,1,0.46,31.33,0,1
E9995,ECG,8,14.94,2025-03-18 17:52:38.904066,0,0.61,39.55,3,1
E9996,ECG,2,17.93,2024-11-15 17:52:38.904066,0,0.49,48.35,2,1
E9997,Ventilator,3,7.0,2025-05-21 17:52:38.904066,1,0.01,50.44,3,0
E9998,ECG,3,10.91,2025-04-30 17:52:38.904066,1,0.46,55.57,1,0
E9999,MRI,0,16.61,2024-11-03 17:52:38.904066,1,0.15,54.07,5,1
E10000,ECG,10,13.15,2025-06-08 17:52:38.904066,0,0.67,33.52,1,1
